accession	family	batch	size_bytes	file
AE005174.2	CFPICI	001	14022	/sciclone/scr10/ncnallapaneni/saphari_pub/output/new_genomes_fasta/001/RESULTS/CFPICI/AE005174.2_CFPICI_output.tsv
AP006841.1	CFPICI	010	2772	/sciclone/scr10/ncnallapaneni/saphari_pub/output/new_genomes_fasta/010/RESULTS/CFPICI/AP006841.1_CFPICI_output.tsv
AP017922.1	CFPICI	001	3151	/sciclone/scr10/ncnallapaneni/saphari_pub/output/new_genomes_fasta/001/RESULTS/CFPICI/AP017922.1_CFPICI_output.tsv
AP018499.1	CFPICI	001	2866	/sciclone/scr10/ncnallapaneni/saphari_pub/output/new_genomes_fasta/001/RESULTS/CFPICI/AP018499.1_CFPICI_output.tsv
AP040133.1	CFPICI	001	2951	/sciclone/scr10/ncnallapaneni/saphari_pub/output/new_genomes_fasta/001/RESULTS/CFPICI/AP040133.1_CFPICI_output.tsv
BAAHTQ010000004.1	CFPICI	001	3027	/sciclone/scr10/ncnallapaneni/saphari_pub/output/new_genomes_fasta/001/RESULTS/CFPICI/BAAHTQ010000004.1_CFPICI_output.tsv
BX571857.1	CFPICI	001	2950	/sciclone/scr10/ncnallapaneni/saphari_pub/output/new_genomes_fasta/001/RESULTS/CFPICI/BX571857.1_CFPICI_output.tsv
CM002285.1	CFPICI	010	3499	/sciclone/scr10/ncnallapaneni/saphari_pub/output/new_genomes_fasta/010/RESULTS/CFPICI/CM002285.1_CFPICI_output.tsv
CM002330.1	CFPICI	010	6473	/sciclone/scr10/ncnallapaneni/saphari_pub/output/new_genomes_fasta/010/RESULTS/CFPICI/CM002330.1_CFPICI_output.tsv
CM132592.1	CFPICI	001	8369	/sciclone/scr10/ncnallapaneni/saphari_pub/output/new_genomes_fasta/001/RESULTS/CFPICI/CM132592.1_CFPICI_output.tsv
CP005970.1	CFPICI	010	3048	/sciclone/scr10/ncnallapaneni/saphari_pub/output/new_genomes_fasta/010/RESULTS/CFPICI/CP005970.1_CFPICI_output.tsv
CP005975.1	CFPICI	010	2762	/sciclone/scr10/ncnallapaneni/saphari_pub/output/new_genomes_fasta/010/RESULTS/CFPICI/CP005975.1_CFPICI_output.tsv
CP005976.1	CFPICI	010	3244	/sciclone/scr10/ncnallapaneni/saphari_pub/output/new_genomes_fasta/010/RESULTS/CFPICI/CP005976.1_CFPICI_output.tsv
CP006853.1	CFPICI	010	4647	/sciclone/scr10/ncnallapaneni/saphari_pub/output/new_genomes_fasta/010/RESULTS/CFPICI/CP006853.1_CFPICI_output.tsv
CP006937.1	CFPICI	010	3062	/sciclone/scr10/ncnallapaneni/saphari_pub/output/new_genomes_fasta/010/RESULTS/CFPICI/CP006937.1_CFPICI_output.tsv
CP006978.1	CFPICI	010	3079	/sciclone/scr10/ncnallapaneni/saphari_pub/output/new_genomes_fasta/010/RESULTS/CFPICI/CP006978.1_CFPICI_output.tsv
CP006982.1	CFPICI	010	3062	/sciclone/scr10/ncnallapaneni/saphari_pub/output/new_genomes_fasta/010/RESULTS/CFPICI/CP006982.1_CFPICI_output.tsv
CP035671.1	CFPICI	001	5427	/sciclone/scr10/ncnallapaneni/saphari_pub/output/new_genomes_fasta/001/RESULTS/CFPICI/CP035671.1_CFPICI_output.tsv
CP062279.1	CFPICI	001	2816	/sciclone/scr10/ncnallapaneni/saphari_pub/output/new_genomes_fasta/001/RESULTS/CFPICI/CP062279.1_CFPICI_output.tsv
CP065702.1	CFPICI	001	2856	/sciclone/scr10/ncnallapaneni/saphari_pub/output/new_genomes_fasta/001/RESULTS/CFPICI/CP065702.1_CFPICI_output.tsv
CP065737.1	CFPICI	001	2839	/sciclone/scr10/ncnallapaneni/saphari_pub/output/new_genomes_fasta/001/RESULTS/CFPICI/CP065737.1_CFPICI_output.tsv
CP093413.1	CFPICI	001	2799	/sciclone/scr10/ncnallapaneni/saphari_pub/output/new_genomes_fasta/001/RESULTS/CFPICI/CP093413.1_CFPICI_output.tsv
CP093959.1	CFPICI	001	2918	/sciclone/scr10/ncnallapaneni/saphari_pub/output/new_genomes_fasta/001/RESULTS/CFPICI/CP093959.1_CFPICI_output.tsv
CP094474.1	CFPICI	001	8377	/sciclone/scr10/ncnallapaneni/saphari_pub/output/new_genomes_fasta/001/RESULTS/CFPICI/CP094474.1_CFPICI_output.tsv
CP102522.1	CFPICI	001	8385	/sciclone/scr10/ncnallapaneni/saphari_pub/output/new_genomes_fasta/001/RESULTS/CFPICI/CP102522.1_CFPICI_output.tsv
CP127551.1	CFPICI	002	2970	/sciclone/scr10/ncnallapaneni/saphari_pub/output/new_genomes_fasta/002/RESULTS/CFPICI/CP127551.1_CFPICI_output.tsv
CP127616.1	CFPICI	002	3003	/sciclone/scr10/ncnallapaneni/saphari_pub/output/new_genomes_fasta/002/RESULTS/CFPICI/CP127616.1_CFPICI_output.tsv
CP127780.1	CFPICI	002	5943	/sciclone/scr10/ncnallapaneni/saphari_pub/output/new_genomes_fasta/002/RESULTS/CFPICI/CP127780.1_CFPICI_output.tsv
CP127790.1	CFPICI	002	2959	/sciclone/scr10/ncnallapaneni/saphari_pub/output/new_genomes_fasta/002/RESULTS/CFPICI/CP127790.1_CFPICI_output.tsv
CP129526.1	CFPICI	002	2912	/sciclone/scr10/ncnallapaneni/saphari_pub/output/new_genomes_fasta/002/RESULTS/CFPICI/CP129526.1_CFPICI_output.tsv
CP141494.1	CFPICI	002	7170	/sciclone/scr10/ncnallapaneni/saphari_pub/output/new_genomes_fasta/002/RESULTS/CFPICI/CP141494.1_CFPICI_output.tsv
CP141512.1	CFPICI	002	2968	/sciclone/scr10/ncnallapaneni/saphari_pub/output/new_genomes_fasta/002/RESULTS/CFPICI/CP141512.1_CFPICI_output.tsv
CP156750.1	CFPICI	002	2938	/sciclone/scr10/ncnallapaneni/saphari_pub/output/new_genomes_fasta/002/RESULTS/CFPICI/CP156750.1_CFPICI_output.tsv
CP157495.1	CFPICI	002	3035	/sciclone/scr10/ncnallapaneni/saphari_pub/output/new_genomes_fasta/002/RESULTS/CFPICI/CP157495.1_CFPICI_output.tsv
CP157498.1	CFPICI	002	3035	/sciclone/scr10/ncnallapaneni/saphari_pub/output/new_genomes_fasta/002/RESULTS/CFPICI/CP157498.1_CFPICI_output.tsv
CP157500.1	CFPICI	002	3019	/sciclone/scr10/ncnallapaneni/saphari_pub/output/new_genomes_fasta/002/RESULTS/CFPICI/CP157500.1_CFPICI_output.tsv
CP184555.1	CFPICI	002	4145	/sciclone/scr10/ncnallapaneni/saphari_pub/output/new_genomes_fasta/002/RESULTS/CFPICI/CP184555.1_CFPICI_output.tsv
CP184557.1	CFPICI	002	4145	/sciclone/scr10/ncnallapaneni/saphari_pub/output/new_genomes_fasta/002/RESULTS/CFPICI/CP184557.1_CFPICI_output.tsv
JTIY01000001.1	CFPICI	010	2870	/sciclone/scr10/ncnallapaneni/saphari_pub/output/new_genomes_fasta/010/RESULTS/CFPICI/JTIY01000001.1_CFPICI_output.tsv
NC_002695.2	CFPICI	003	13525	/sciclone/scr10/ncnallapaneni/saphari_pub/output/new_genomes_fasta/003/RESULTS/CFPICI/NC_002695.2_CFPICI_output.tsv
NC_004668.1	CFPICI	003	2910	/sciclone/scr10/ncnallapaneni/saphari_pub/output/new_genomes_fasta/003/RESULTS/CFPICI/NC_004668.1_CFPICI_output.tsv
NZ_AP035757.1	CFPICI	003	9365	/sciclone/scr10/ncnallapaneni/saphari_pub/output/new_genomes_fasta/003/RESULTS/CFPICI/NZ_AP035757.1_CFPICI_output.tsv
NZ_CM128549.1	CFPICI	003	2917	/sciclone/scr10/ncnallapaneni/saphari_pub/output/new_genomes_fasta/003/RESULTS/CFPICI/NZ_CM128549.1_CFPICI_output.tsv
NZ_CM128581.1	CFPICI	003	2878	/sciclone/scr10/ncnallapaneni/saphari_pub/output/new_genomes_fasta/003/RESULTS/CFPICI/NZ_CM128581.1_CFPICI_output.tsv
NZ_CM128588.1	CFPICI	003	3311	/sciclone/scr10/ncnallapaneni/saphari_pub/output/new_genomes_fasta/003/RESULTS/CFPICI/NZ_CM128588.1_CFPICI_output.tsv
NZ_CM128589.1	CFPICI	003	2906	/sciclone/scr10/ncnallapaneni/saphari_pub/output/new_genomes_fasta/003/RESULTS/CFPICI/NZ_CM128589.1_CFPICI_output.tsv
NZ_CM128592.1	CFPICI	003	2866	/sciclone/scr10/ncnallapaneni/saphari_pub/output/new_genomes_fasta/003/RESULTS/CFPICI/NZ_CM128592.1_CFPICI_output.tsv
NZ_CM128594.1	CFPICI	003	8886	/sciclone/scr10/ncnallapaneni/saphari_pub/output/new_genomes_fasta/003/RESULTS/CFPICI/NZ_CM128594.1_CFPICI_output.tsv
NZ_CM128595.1	CFPICI	003	3255	/sciclone/scr10/ncnallapaneni/saphari_pub/output/new_genomes_fasta/003/RESULTS/CFPICI/NZ_CM128595.1_CFPICI_output.tsv
NZ_CM128596.1	CFPICI	003	8886	/sciclone/scr10/ncnallapaneni/saphari_pub/output/new_genomes_fasta/003/RESULTS/CFPICI/NZ_CM128596.1_CFPICI_output.tsv
NZ_CM128597.1	CFPICI	003	6039	/sciclone/scr10/ncnallapaneni/saphari_pub/output/new_genomes_fasta/003/RESULTS/CFPICI/NZ_CM128597.1_CFPICI_output.tsv
NZ_CM128598.1	CFPICI	003	5805	/sciclone/scr10/ncnallapaneni/saphari_pub/output/new_genomes_fasta/003/RESULTS/CFPICI/NZ_CM128598.1_CFPICI_output.tsv
NZ_CM128599.1	CFPICI	003	5802	/sciclone/scr10/ncnallapaneni/saphari_pub/output/new_genomes_fasta/003/RESULTS/CFPICI/NZ_CM128599.1_CFPICI_output.tsv
NZ_CM128600.1	CFPICI	003	3262	/sciclone/scr10/ncnallapaneni/saphari_pub/output/new_genomes_fasta/003/RESULTS/CFPICI/NZ_CM128600.1_CFPICI_output.tsv
NZ_CM128601.1	CFPICI	003	5672	/sciclone/scr10/ncnallapaneni/saphari_pub/output/new_genomes_fasta/003/RESULTS/CFPICI/NZ_CM128601.1_CFPICI_output.tsv
NZ_CM128602.1	CFPICI	003	3043	/sciclone/scr10/ncnallapaneni/saphari_pub/output/new_genomes_fasta/003/RESULTS/CFPICI/NZ_CM128602.1_CFPICI_output.tsv
NZ_CM128603.1	CFPICI	003	8452	/sciclone/scr10/ncnallapaneni/saphari_pub/output/new_genomes_fasta/003/RESULTS/CFPICI/NZ_CM128603.1_CFPICI_output.tsv
NZ_CM128604.1	CFPICI	003	11175	/sciclone/scr10/ncnallapaneni/saphari_pub/output/new_genomes_fasta/003/RESULTS/CFPICI/NZ_CM128604.1_CFPICI_output.tsv
NZ_CM128605.1	CFPICI	003	8793	/sciclone/scr10/ncnallapaneni/saphari_pub/output/new_genomes_fasta/003/RESULTS/CFPICI/NZ_CM128605.1_CFPICI_output.tsv
NZ_CM128606.1	CFPICI	003	3117	/sciclone/scr10/ncnallapaneni/saphari_pub/output/new_genomes_fasta/003/RESULTS/CFPICI/NZ_CM128606.1_CFPICI_output.tsv
NZ_CM129037.1	CFPICI	003	7454	/sciclone/scr10/ncnallapaneni/saphari_pub/output/new_genomes_fasta/003/RESULTS/CFPICI/NZ_CM129037.1_CFPICI_output.tsv
NZ_CM129038.1	CFPICI	003	5814	/sciclone/scr10/ncnallapaneni/saphari_pub/output/new_genomes_fasta/003/RESULTS/CFPICI/NZ_CM129038.1_CFPICI_output.tsv
NZ_CM129039.1	CFPICI	003	3283	/sciclone/scr10/ncnallapaneni/saphari_pub/output/new_genomes_fasta/003/RESULTS/CFPICI/NZ_CM129039.1_CFPICI_output.tsv
NZ_CM129040.1	CFPICI	003	3070	/sciclone/scr10/ncnallapaneni/saphari_pub/output/new_genomes_fasta/003/RESULTS/CFPICI/NZ_CM129040.1_CFPICI_output.tsv
NZ_CM129041.1	CFPICI	003	3283	/sciclone/scr10/ncnallapaneni/saphari_pub/output/new_genomes_fasta/003/RESULTS/CFPICI/NZ_CM129041.1_CFPICI_output.tsv
NZ_CM129854.1	CFPICI	003	3283	/sciclone/scr10/ncnallapaneni/saphari_pub/output/new_genomes_fasta/003/RESULTS/CFPICI/NZ_CM129854.1_CFPICI_output.tsv
NZ_CM132944.1	CFPICI	003	2937	/sciclone/scr10/ncnallapaneni/saphari_pub/output/new_genomes_fasta/003/RESULTS/CFPICI/NZ_CM132944.1_CFPICI_output.tsv
NZ_CM135133.1	CFPICI	003	3547	/sciclone/scr10/ncnallapaneni/saphari_pub/output/new_genomes_fasta/003/RESULTS/CFPICI/NZ_CM135133.1_CFPICI_output.tsv
NZ_CM144239.1	CFPICI	003	3246	/sciclone/scr10/ncnallapaneni/saphari_pub/output/new_genomes_fasta/003/RESULTS/CFPICI/NZ_CM144239.1_CFPICI_output.tsv
NZ_CM144240.1	CFPICI	003	3187	/sciclone/scr10/ncnallapaneni/saphari_pub/output/new_genomes_fasta/003/RESULTS/CFPICI/NZ_CM144240.1_CFPICI_output.tsv
NZ_CM144241.1	CFPICI	003	3203	/sciclone/scr10/ncnallapaneni/saphari_pub/output/new_genomes_fasta/003/RESULTS/CFPICI/NZ_CM144241.1_CFPICI_output.tsv
NZ_CM144242.1	CFPICI	003	3187	/sciclone/scr10/ncnallapaneni/saphari_pub/output/new_genomes_fasta/003/RESULTS/CFPICI/NZ_CM144242.1_CFPICI_output.tsv
NZ_CM144243.1	CFPICI	003	3203	/sciclone/scr10/ncnallapaneni/saphari_pub/output/new_genomes_fasta/003/RESULTS/CFPICI/NZ_CM144243.1_CFPICI_output.tsv
NZ_CM144247.1	CFPICI	003	3246	/sciclone/scr10/ncnallapaneni/saphari_pub/output/new_genomes_fasta/003/RESULTS/CFPICI/NZ_CM144247.1_CFPICI_output.tsv
NZ_CM144251.1	CFPICI	003	3120	/sciclone/scr10/ncnallapaneni/saphari_pub/output/new_genomes_fasta/003/RESULTS/CFPICI/NZ_CM144251.1_CFPICI_output.tsv
NZ_CM148319.1	CFPICI	003	2937	/sciclone/scr10/ncnallapaneni/saphari_pub/output/new_genomes_fasta/003/RESULTS/CFPICI/NZ_CM148319.1_CFPICI_output.tsv
NZ_CM148361.1	CFPICI	003	2932	/sciclone/scr10/ncnallapaneni/saphari_pub/output/new_genomes_fasta/003/RESULTS/CFPICI/NZ_CM148361.1_CFPICI_output.tsv
NZ_CM149554.1	CFPICI	003	6399	/sciclone/scr10/ncnallapaneni/saphari_pub/output/new_genomes_fasta/003/RESULTS/CFPICI/NZ_CM149554.1_CFPICI_output.tsv
NZ_CM149560.1	CFPICI	003	2963	/sciclone/scr10/ncnallapaneni/saphari_pub/output/new_genomes_fasta/003/RESULTS/CFPICI/NZ_CM149560.1_CFPICI_output.tsv
NZ_CM149564.1	CFPICI	003	3348	/sciclone/scr10/ncnallapaneni/saphari_pub/output/new_genomes_fasta/003/RESULTS/CFPICI/NZ_CM149564.1_CFPICI_output.tsv
NZ_CM149567.1	CFPICI	003	3250	/sciclone/scr10/ncnallapaneni/saphari_pub/output/new_genomes_fasta/003/RESULTS/CFPICI/NZ_CM149567.1_CFPICI_output.tsv
NZ_CM149575.1	CFPICI	003	3243	/sciclone/scr10/ncnallapaneni/saphari_pub/output/new_genomes_fasta/003/RESULTS/CFPICI/NZ_CM149575.1_CFPICI_output.tsv
NZ_CP027352.1	CFPICI	004	14662	/sciclone/scr10/ncnallapaneni/saphari_pub/output/new_genomes_fasta/004/RESULTS/CFPICI/NZ_CP027352.1_CFPICI_output.tsv
NZ_CP027380.1	CFPICI	004	11507	/sciclone/scr10/ncnallapaneni/saphari_pub/output/new_genomes_fasta/004/RESULTS/CFPICI/NZ_CP027380.1_CFPICI_output.tsv
NZ_CP027390.1	CFPICI	004	14386	/sciclone/scr10/ncnallapaneni/saphari_pub/output/new_genomes_fasta/004/RESULTS/CFPICI/NZ_CP027390.1_CFPICI_output.tsv
NZ_CP027442.1	CFPICI	004	19945	/sciclone/scr10/ncnallapaneni/saphari_pub/output/new_genomes_fasta/004/RESULTS/CFPICI/NZ_CP027442.1_CFPICI_output.tsv
NZ_CP027472.1	CFPICI	004	17205	/sciclone/scr10/ncnallapaneni/saphari_pub/output/new_genomes_fasta/004/RESULTS/CFPICI/NZ_CP027472.1_CFPICI_output.tsv
NZ_CP027573.1	CFPICI	004	11500	/sciclone/scr10/ncnallapaneni/saphari_pub/output/new_genomes_fasta/004/RESULTS/CFPICI/NZ_CP027573.1_CFPICI_output.tsv
NZ_CP049852.1	CFPICI	004	5931	/sciclone/scr10/ncnallapaneni/saphari_pub/output/new_genomes_fasta/004/RESULTS/CFPICI/NZ_CP049852.1_CFPICI_output.tsv
NZ_CP054169.1	CFPICI	004	3179	/sciclone/scr10/ncnallapaneni/saphari_pub/output/new_genomes_fasta/004/RESULTS/CFPICI/NZ_CP054169.1_CFPICI_output.tsv
NZ_CP058897.1	CFPICI	004	5931	/sciclone/scr10/ncnallapaneni/saphari_pub/output/new_genomes_fasta/004/RESULTS/CFPICI/NZ_CP058897.1_CFPICI_output.tsv
NZ_CP058917.1	CFPICI	004	3050	/sciclone/scr10/ncnallapaneni/saphari_pub/output/new_genomes_fasta/004/RESULTS/CFPICI/NZ_CP058917.1_CFPICI_output.tsv
NZ_CP058922.1	CFPICI	004	3050	/sciclone/scr10/ncnallapaneni/saphari_pub/output/new_genomes_fasta/004/RESULTS/CFPICI/NZ_CP058922.1_CFPICI_output.tsv
NZ_CP059332.1	CFPICI	004	5931	/sciclone/scr10/ncnallapaneni/saphari_pub/output/new_genomes_fasta/004/RESULTS/CFPICI/NZ_CP059332.1_CFPICI_output.tsv
NZ_CP059339.1	CFPICI	004	5931	/sciclone/scr10/ncnallapaneni/saphari_pub/output/new_genomes_fasta/004/RESULTS/CFPICI/NZ_CP059339.1_CFPICI_output.tsv
NZ_CP073984.1	CFPICI	004	6548	/sciclone/scr10/ncnallapaneni/saphari_pub/output/new_genomes_fasta/004/RESULTS/CFPICI/NZ_CP073984.1_CFPICI_output.tsv
NZ_CP074019.1	CFPICI	004	3260	/sciclone/scr10/ncnallapaneni/saphari_pub/output/new_genomes_fasta/004/RESULTS/CFPICI/NZ_CP074019.1_CFPICI_output.tsv
NZ_CP075852.1	CFPICI	004	6564	/sciclone/scr10/ncnallapaneni/saphari_pub/output/new_genomes_fasta/004/RESULTS/CFPICI/NZ_CP075852.1_CFPICI_output.tsv
NZ_CP076272.1	CFPICI	004	3010	/sciclone/scr10/ncnallapaneni/saphari_pub/output/new_genomes_fasta/004/RESULTS/CFPICI/NZ_CP076272.1_CFPICI_output.tsv
NZ_CP078137.1	CFPICI	004	3235	/sciclone/scr10/ncnallapaneni/saphari_pub/output/new_genomes_fasta/004/RESULTS/CFPICI/NZ_CP078137.1_CFPICI_output.tsv
NZ_CP082100.1	CFPICI	004	2910	/sciclone/scr10/ncnallapaneni/saphari_pub/output/new_genomes_fasta/004/RESULTS/CFPICI/NZ_CP082100.1_CFPICI_output.tsv
NZ_CP097213.1	CFPICI	004	3228	/sciclone/scr10/ncnallapaneni/saphari_pub/output/new_genomes_fasta/004/RESULTS/CFPICI/NZ_CP097213.1_CFPICI_output.tsv
NZ_CP098841.1	CFPICI	004	3269	/sciclone/scr10/ncnallapaneni/saphari_pub/output/new_genomes_fasta/004/RESULTS/CFPICI/NZ_CP098841.1_CFPICI_output.tsv
NZ_CP098910.1	CFPICI	004	9541	/sciclone/scr10/ncnallapaneni/saphari_pub/output/new_genomes_fasta/004/RESULTS/CFPICI/NZ_CP098910.1_CFPICI_output.tsv
NZ_CP101274.1	CFPICI	004	3230	/sciclone/scr10/ncnallapaneni/saphari_pub/output/new_genomes_fasta/004/RESULTS/CFPICI/NZ_CP101274.1_CFPICI_output.tsv
NZ_CP101292.1	CFPICI	004	20595	/sciclone/scr10/ncnallapaneni/saphari_pub/output/new_genomes_fasta/004/RESULTS/CFPICI/NZ_CP101292.1_CFPICI_output.tsv
NZ_CP101305.1	CFPICI	004	2950	/sciclone/scr10/ncnallapaneni/saphari_pub/output/new_genomes_fasta/004/RESULTS/CFPICI/NZ_CP101305.1_CFPICI_output.tsv
NZ_CP101858.1	CFPICI	004	6257	/sciclone/scr10/ncnallapaneni/saphari_pub/output/new_genomes_fasta/004/RESULTS/CFPICI/NZ_CP101858.1_CFPICI_output.tsv
NZ_CP102061.1	CFPICI	004	3279	/sciclone/scr10/ncnallapaneni/saphari_pub/output/new_genomes_fasta/004/RESULTS/CFPICI/NZ_CP102061.1_CFPICI_output.tsv
NZ_CP119577.1	CFPICI	004	3218	/sciclone/scr10/ncnallapaneni/saphari_pub/output/new_genomes_fasta/004/RESULTS/CFPICI/NZ_CP119577.1_CFPICI_output.tsv
NZ_CP125885.1	CFPICI	004	3295	/sciclone/scr10/ncnallapaneni/saphari_pub/output/new_genomes_fasta/004/RESULTS/CFPICI/NZ_CP125885.1_CFPICI_output.tsv
NZ_CP125889.1	CFPICI	004	11609	/sciclone/scr10/ncnallapaneni/saphari_pub/output/new_genomes_fasta/004/RESULTS/CFPICI/NZ_CP125889.1_CFPICI_output.tsv
NZ_CP135502.1	CFPICI	004	2882	/sciclone/scr10/ncnallapaneni/saphari_pub/output/new_genomes_fasta/004/RESULTS/CFPICI/NZ_CP135502.1_CFPICI_output.tsv
NZ_CP145099.1	CFPICI	004	3278	/sciclone/scr10/ncnallapaneni/saphari_pub/output/new_genomes_fasta/004/RESULTS/CFPICI/NZ_CP145099.1_CFPICI_output.tsv
NZ_CP148357.1	CFPICI	004	22318	/sciclone/scr10/ncnallapaneni/saphari_pub/output/new_genomes_fasta/004/RESULTS/CFPICI/NZ_CP148357.1_CFPICI_output.tsv
NZ_CP148378.1	CFPICI	004	5713	/sciclone/scr10/ncnallapaneni/saphari_pub/output/new_genomes_fasta/004/RESULTS/CFPICI/NZ_CP148378.1_CFPICI_output.tsv
NZ_CP148474.1	CFPICI	004	3236	/sciclone/scr10/ncnallapaneni/saphari_pub/output/new_genomes_fasta/004/RESULTS/CFPICI/NZ_CP148474.1_CFPICI_output.tsv
NZ_CP150075.1	CFPICI	004	5931	/sciclone/scr10/ncnallapaneni/saphari_pub/output/new_genomes_fasta/004/RESULTS/CFPICI/NZ_CP150075.1_CFPICI_output.tsv
NZ_CP151005.1	CFPICI	005	2916	/sciclone/scr10/ncnallapaneni/saphari_pub/output/new_genomes_fasta/005/RESULTS/CFPICI/NZ_CP151005.1_CFPICI_output.tsv
NZ_CP151030.1	CFPICI	005	3116	/sciclone/scr10/ncnallapaneni/saphari_pub/output/new_genomes_fasta/005/RESULTS/CFPICI/NZ_CP151030.1_CFPICI_output.tsv
NZ_CP151045.1	CFPICI	005	6301	/sciclone/scr10/ncnallapaneni/saphari_pub/output/new_genomes_fasta/005/RESULTS/CFPICI/NZ_CP151045.1_CFPICI_output.tsv
NZ_CP151050.1	CFPICI	005	2916	/sciclone/scr10/ncnallapaneni/saphari_pub/output/new_genomes_fasta/005/RESULTS/CFPICI/NZ_CP151050.1_CFPICI_output.tsv
NZ_CP155528.1	CFPICI	005	3286	/sciclone/scr10/ncnallapaneni/saphari_pub/output/new_genomes_fasta/005/RESULTS/CFPICI/NZ_CP155528.1_CFPICI_output.tsv
NZ_CP155727.1	CFPICI	005	5983	/sciclone/scr10/ncnallapaneni/saphari_pub/output/new_genomes_fasta/005/RESULTS/CFPICI/NZ_CP155727.1_CFPICI_output.tsv
NZ_CP158429.1	CFPICI	005	6117	/sciclone/scr10/ncnallapaneni/saphari_pub/output/new_genomes_fasta/005/RESULTS/CFPICI/NZ_CP158429.1_CFPICI_output.tsv
NZ_CP162163.1	CFPICI	005	3250	/sciclone/scr10/ncnallapaneni/saphari_pub/output/new_genomes_fasta/005/RESULTS/CFPICI/NZ_CP162163.1_CFPICI_output.tsv
NZ_CP168981.1	CFPICI	005	15173	/sciclone/scr10/ncnallapaneni/saphari_pub/output/new_genomes_fasta/005/RESULTS/CFPICI/NZ_CP168981.1_CFPICI_output.tsv
NZ_CP168991.1	CFPICI	005	8809	/sciclone/scr10/ncnallapaneni/saphari_pub/output/new_genomes_fasta/005/RESULTS/CFPICI/NZ_CP168991.1_CFPICI_output.tsv
NZ_CP169003.1	CFPICI	005	15173	/sciclone/scr10/ncnallapaneni/saphari_pub/output/new_genomes_fasta/005/RESULTS/CFPICI/NZ_CP169003.1_CFPICI_output.tsv
NZ_CP169008.1	CFPICI	005	14450	/sciclone/scr10/ncnallapaneni/saphari_pub/output/new_genomes_fasta/005/RESULTS/CFPICI/NZ_CP169008.1_CFPICI_output.tsv
NZ_CP170328.1	CFPICI	005	2900	/sciclone/scr10/ncnallapaneni/saphari_pub/output/new_genomes_fasta/005/RESULTS/CFPICI/NZ_CP170328.1_CFPICI_output.tsv
NZ_CP171883.1	CFPICI	005	3241	/sciclone/scr10/ncnallapaneni/saphari_pub/output/new_genomes_fasta/005/RESULTS/CFPICI/NZ_CP171883.1_CFPICI_output.tsv
NZ_CP172108.1	CFPICI	005	8782	/sciclone/scr10/ncnallapaneni/saphari_pub/output/new_genomes_fasta/005/RESULTS/CFPICI/NZ_CP172108.1_CFPICI_output.tsv
NZ_CP189657.1	CFPICI	005	3097	/sciclone/scr10/ncnallapaneni/saphari_pub/output/new_genomes_fasta/005/RESULTS/CFPICI/NZ_CP189657.1_CFPICI_output.tsv
NZ_CP196412.1	CFPICI	005	3332	/sciclone/scr10/ncnallapaneni/saphari_pub/output/new_genomes_fasta/005/RESULTS/CFPICI/NZ_CP196412.1_CFPICI_output.tsv
NZ_CP200247.1	CFPICI	005	3229	/sciclone/scr10/ncnallapaneni/saphari_pub/output/new_genomes_fasta/005/RESULTS/CFPICI/NZ_CP200247.1_CFPICI_output.tsv
NZ_OGTW02000045.1	CFPICI	009	2952	/sciclone/scr10/ncnallapaneni/saphari_pub/output/new_genomes_fasta/009/RESULTS/CFPICI/NZ_OGTW02000045.1_CFPICI_output.tsv
NZ_OGTW02000046.1	CFPICI	009	2857	/sciclone/scr10/ncnallapaneni/saphari_pub/output/new_genomes_fasta/009/RESULTS/CFPICI/NZ_OGTW02000046.1_CFPICI_output.tsv
AP043817.1	EPIP	001	3801	/sciclone/scr10/ncnallapaneni/saphari_pub/output/new_genomes_fasta/001/RESULTS/EPIP/AP043817.1_EPIP_output.tsv
machiense_contig_7	EPIP	009	4156	/sciclone/scr10/ncnallapaneni/saphari_pub/output/new_genomes_fasta/009/RESULTS/EPIP/machiense_contig_7_EPIP_output.tsv
PV944735.1	MFMR	009	1432	/sciclone/scr10/ncnallapaneni/saphari_pub/output/new_genomes_fasta/009/RESULTS/MFMR/PV944735.1_MFMR_output.tsv
NZ_AP044770.1	P4	003	3238	/sciclone/scr10/ncnallapaneni/saphari_pub/output/new_genomes_fasta/003/RESULTS/P4/NZ_AP044770.1_P4_output.tsv
NZ_CM128588.1	P4	003	3037	/sciclone/scr10/ncnallapaneni/saphari_pub/output/new_genomes_fasta/003/RESULTS/P4/NZ_CM128588.1_P4_output.tsv
NZ_CM128594.1	P4	003	4049	/sciclone/scr10/ncnallapaneni/saphari_pub/output/new_genomes_fasta/003/RESULTS/P4/NZ_CM128594.1_P4_output.tsv
NZ_CM128595.1	P4	003	3326	/sciclone/scr10/ncnallapaneni/saphari_pub/output/new_genomes_fasta/003/RESULTS/P4/NZ_CM128595.1_P4_output.tsv
NZ_CM128596.1	P4	003	4049	/sciclone/scr10/ncnallapaneni/saphari_pub/output/new_genomes_fasta/003/RESULTS/P4/NZ_CM128596.1_P4_output.tsv
NZ_CM135133.1	P4	003	3421	/sciclone/scr10/ncnallapaneni/saphari_pub/output/new_genomes_fasta/003/RESULTS/P4/NZ_CM135133.1_P4_output.tsv
NZ_CM148319.1	P4	003	3490	/sciclone/scr10/ncnallapaneni/saphari_pub/output/new_genomes_fasta/003/RESULTS/P4/NZ_CM148319.1_P4_output.tsv
NZ_CP027352.1	P4	004	3800	/sciclone/scr10/ncnallapaneni/saphari_pub/output/new_genomes_fasta/004/RESULTS/P4/NZ_CP027352.1_P4_output.tsv
NZ_CP027390.1	P4	004	3796	/sciclone/scr10/ncnallapaneni/saphari_pub/output/new_genomes_fasta/004/RESULTS/P4/NZ_CP027390.1_P4_output.tsv
NZ_CP029242.1	P4	004	3541	/sciclone/scr10/ncnallapaneni/saphari_pub/output/new_genomes_fasta/004/RESULTS/P4/NZ_CP029242.1_P4_output.tsv
NZ_CP101292.1	P4	004	3641	/sciclone/scr10/ncnallapaneni/saphari_pub/output/new_genomes_fasta/004/RESULTS/P4/NZ_CP101292.1_P4_output.tsv
NZ_CP101513.1	P4	004	3260	/sciclone/scr10/ncnallapaneni/saphari_pub/output/new_genomes_fasta/004/RESULTS/P4/NZ_CP101513.1_P4_output.tsv
NZ_CP125889.1	P4	004	3669	/sciclone/scr10/ncnallapaneni/saphari_pub/output/new_genomes_fasta/004/RESULTS/P4/NZ_CP125889.1_P4_output.tsv
NZ_CP132061.1	P4	004	3780	/sciclone/scr10/ncnallapaneni/saphari_pub/output/new_genomes_fasta/004/RESULTS/P4/NZ_CP132061.1_P4_output.tsv
NZ_CP134353.1	P4	004	3922	/sciclone/scr10/ncnallapaneni/saphari_pub/output/new_genomes_fasta/004/RESULTS/P4/NZ_CP134353.1_P4_output.tsv
NZ_CP134376.1	P4	004	3231	/sciclone/scr10/ncnallapaneni/saphari_pub/output/new_genomes_fasta/004/RESULTS/P4/NZ_CP134376.1_P4_output.tsv
NZ_CP146019.1	P4	004	3113	/sciclone/scr10/ncnallapaneni/saphari_pub/output/new_genomes_fasta/004/RESULTS/P4/NZ_CP146019.1_P4_output.tsv
NZ_CP148349.1	P4	004	3689	/sciclone/scr10/ncnallapaneni/saphari_pub/output/new_genomes_fasta/004/RESULTS/P4/NZ_CP148349.1_P4_output.tsv
NZ_CP148357.1	P4	004	3554	/sciclone/scr10/ncnallapaneni/saphari_pub/output/new_genomes_fasta/004/RESULTS/P4/NZ_CP148357.1_P4_output.tsv
NZ_CP150019.1	P4	004	3238	/sciclone/scr10/ncnallapaneni/saphari_pub/output/new_genomes_fasta/004/RESULTS/P4/NZ_CP150019.1_P4_output.tsv
NZ_CP168981.1	P4	005	3656	/sciclone/scr10/ncnallapaneni/saphari_pub/output/new_genomes_fasta/005/RESULTS/P4/NZ_CP168981.1_P4_output.tsv
NZ_CP169003.1	P4	005	3656	/sciclone/scr10/ncnallapaneni/saphari_pub/output/new_genomes_fasta/005/RESULTS/P4/NZ_CP169003.1_P4_output.tsv
AP017922.1	PICI	001	4897	/sciclone/scr10/ncnallapaneni/saphari_pub/output/new_genomes_fasta/001/RESULTS/PICI/AP017922.1_PICI_output.tsv
AP018499.1	PICI	001	8303	/sciclone/scr10/ncnallapaneni/saphari_pub/output/new_genomes_fasta/001/RESULTS/PICI/AP018499.1_PICI_output.tsv
AP040133.1	PICI	001	15702	/sciclone/scr10/ncnallapaneni/saphari_pub/output/new_genomes_fasta/001/RESULTS/PICI/AP040133.1_PICI_output.tsv
BAAHSV010000001.1	PICI	001	4486	/sciclone/scr10/ncnallapaneni/saphari_pub/output/new_genomes_fasta/001/RESULTS/PICI/BAAHSV010000001.1_PICI_output.tsv
BAAHSY010000001.1	PICI	001	4472	/sciclone/scr10/ncnallapaneni/saphari_pub/output/new_genomes_fasta/001/RESULTS/PICI/BAAHSY010000001.1_PICI_output.tsv
BAAHSZ010000001.1	PICI	001	3675	/sciclone/scr10/ncnallapaneni/saphari_pub/output/new_genomes_fasta/001/RESULTS/PICI/BAAHSZ010000001.1_PICI_output.tsv
BAAHTL010000001.1	PICI	001	3675	/sciclone/scr10/ncnallapaneni/saphari_pub/output/new_genomes_fasta/001/RESULTS/PICI/BAAHTL010000001.1_PICI_output.tsv
BAAHTM010000001.1	PICI	001	3666	/sciclone/scr10/ncnallapaneni/saphari_pub/output/new_genomes_fasta/001/RESULTS/PICI/BAAHTM010000001.1_PICI_output.tsv
BAAHTN010000001.1	PICI	001	4486	/sciclone/scr10/ncnallapaneni/saphari_pub/output/new_genomes_fasta/001/RESULTS/PICI/BAAHTN010000001.1_PICI_output.tsv
BAAHTR010000001.1	PICI	001	3678	/sciclone/scr10/ncnallapaneni/saphari_pub/output/new_genomes_fasta/001/RESULTS/PICI/BAAHTR010000001.1_PICI_output.tsv
BAAHTS010000002.1	PICI	001	3716	/sciclone/scr10/ncnallapaneni/saphari_pub/output/new_genomes_fasta/001/RESULTS/PICI/BAAHTS010000002.1_PICI_output.tsv
BAAHTT010000002.1	PICI	001	3715	/sciclone/scr10/ncnallapaneni/saphari_pub/output/new_genomes_fasta/001/RESULTS/PICI/BAAHTT010000002.1_PICI_output.tsv
BAAHTU010000006.1	PICI	001	6985	/sciclone/scr10/ncnallapaneni/saphari_pub/output/new_genomes_fasta/001/RESULTS/PICI/BAAHTU010000006.1_PICI_output.tsv
BAAHTV010000001.1	PICI	001	6985	/sciclone/scr10/ncnallapaneni/saphari_pub/output/new_genomes_fasta/001/RESULTS/PICI/BAAHTV010000001.1_PICI_output.tsv
BAAHTW010000002.1	PICI	001	6985	/sciclone/scr10/ncnallapaneni/saphari_pub/output/new_genomes_fasta/001/RESULTS/PICI/BAAHTW010000002.1_PICI_output.tsv
BAAHTX010000005.1	PICI	001	7029	/sciclone/scr10/ncnallapaneni/saphari_pub/output/new_genomes_fasta/001/RESULTS/PICI/BAAHTX010000005.1_PICI_output.tsv
BAAHTY010000005.1	PICI	001	7029	/sciclone/scr10/ncnallapaneni/saphari_pub/output/new_genomes_fasta/001/RESULTS/PICI/BAAHTY010000005.1_PICI_output.tsv
BAAHUE010000001.1	PICI	001	7375	/sciclone/scr10/ncnallapaneni/saphari_pub/output/new_genomes_fasta/001/RESULTS/PICI/BAAHUE010000001.1_PICI_output.tsv
BAAHUX010000007.1	PICI	001	7013	/sciclone/scr10/ncnallapaneni/saphari_pub/output/new_genomes_fasta/001/RESULTS/PICI/BAAHUX010000007.1_PICI_output.tsv
BAAHVB010000006.1	PICI	001	6935	/sciclone/scr10/ncnallapaneni/saphari_pub/output/new_genomes_fasta/001/RESULTS/PICI/BAAHVB010000006.1_PICI_output.tsv
BAAHVC010000001.1	PICI	001	4479	/sciclone/scr10/ncnallapaneni/saphari_pub/output/new_genomes_fasta/001/RESULTS/PICI/BAAHVC010000001.1_PICI_output.tsv
BAAHVD010000003.1	PICI	001	6935	/sciclone/scr10/ncnallapaneni/saphari_pub/output/new_genomes_fasta/001/RESULTS/PICI/BAAHVD010000003.1_PICI_output.tsv
BX571856.1	PICI	001	7019	/sciclone/scr10/ncnallapaneni/saphari_pub/output/new_genomes_fasta/001/RESULTS/PICI/BX571856.1_PICI_output.tsv
BX571857.1	PICI	001	3568	/sciclone/scr10/ncnallapaneni/saphari_pub/output/new_genomes_fasta/001/RESULTS/PICI/BX571857.1_PICI_output.tsv
BX950851.1	PICI	010	3238	/sciclone/scr10/ncnallapaneni/saphari_pub/output/new_genomes_fasta/010/RESULTS/PICI/BX950851.1_PICI_output.tsv
CM002330.1	PICI	010	3492	/sciclone/scr10/ncnallapaneni/saphari_pub/output/new_genomes_fasta/010/RESULTS/PICI/CM002330.1_PICI_output.tsv
CM132592.1	PICI	001	12281	/sciclone/scr10/ncnallapaneni/saphari_pub/output/new_genomes_fasta/001/RESULTS/PICI/CM132592.1_PICI_output.tsv
CP002114.3	PICI	001	3300	/sciclone/scr10/ncnallapaneni/saphari_pub/output/new_genomes_fasta/001/RESULTS/PICI/CP002114.3_PICI_output.tsv
CP002120.1	PICI	001	8761	/sciclone/scr10/ncnallapaneni/saphari_pub/output/new_genomes_fasta/001/RESULTS/PICI/CP002120.1_PICI_output.tsv
CP005094.1	PICI	010	9075	/sciclone/scr10/ncnallapaneni/saphari_pub/output/new_genomes_fasta/010/RESULTS/PICI/CP005094.1_PICI_output.tsv
CP005970.1	PICI	010	4317	/sciclone/scr10/ncnallapaneni/saphari_pub/output/new_genomes_fasta/010/RESULTS/PICI/CP005970.1_PICI_output.tsv
CP005976.1	PICI	010	4013	/sciclone/scr10/ncnallapaneni/saphari_pub/output/new_genomes_fasta/010/RESULTS/PICI/CP005976.1_PICI_output.tsv
CP006245.1	PICI	010	3490	/sciclone/scr10/ncnallapaneni/saphari_pub/output/new_genomes_fasta/010/RESULTS/PICI/CP006245.1_PICI_output.tsv
CP006853.1	PICI	010	4193	/sciclone/scr10/ncnallapaneni/saphari_pub/output/new_genomes_fasta/010/RESULTS/PICI/CP006853.1_PICI_output.tsv
CP006980.1	PICI	010	8649	/sciclone/scr10/ncnallapaneni/saphari_pub/output/new_genomes_fasta/010/RESULTS/PICI/CP006980.1_PICI_output.tsv
CP006982.1	PICI	010	8649	/sciclone/scr10/ncnallapaneni/saphari_pub/output/new_genomes_fasta/010/RESULTS/PICI/CP006982.1_PICI_output.tsv
CP006983.1	PICI	010	8649	/sciclone/scr10/ncnallapaneni/saphari_pub/output/new_genomes_fasta/010/RESULTS/PICI/CP006983.1_PICI_output.tsv
CP006984.1	PICI	010	8649	/sciclone/scr10/ncnallapaneni/saphari_pub/output/new_genomes_fasta/010/RESULTS/PICI/CP006984.1_PICI_output.tsv
CP006985.1	PICI	010	8649	/sciclone/scr10/ncnallapaneni/saphari_pub/output/new_genomes_fasta/010/RESULTS/PICI/CP006985.1_PICI_output.tsv
CP007147.1	PICI	010	2647	/sciclone/scr10/ncnallapaneni/saphari_pub/output/new_genomes_fasta/010/RESULTS/PICI/CP007147.1_PICI_output.tsv
CP010407.1	PICI	010	3931	/sciclone/scr10/ncnallapaneni/saphari_pub/output/new_genomes_fasta/010/RESULTS/PICI/CP010407.1_PICI_output.tsv
CP010849.1	PICI	010	3867	/sciclone/scr10/ncnallapaneni/saphari_pub/output/new_genomes_fasta/010/RESULTS/PICI/CP010849.1_PICI_output.tsv
CP027293.1	PICI	010	3994	/sciclone/scr10/ncnallapaneni/saphari_pub/output/new_genomes_fasta/010/RESULTS/PICI/CP027293.1_PICI_output.tsv
CP034779.1	PICI	010	5060	/sciclone/scr10/ncnallapaneni/saphari_pub/output/new_genomes_fasta/010/RESULTS/PICI/CP034779.1_PICI_output.tsv
CP039156.1	PICI	001	7002	/sciclone/scr10/ncnallapaneni/saphari_pub/output/new_genomes_fasta/001/RESULTS/PICI/CP039156.1_PICI_output.tsv
CP039992.1	PICI	001	4426	/sciclone/scr10/ncnallapaneni/saphari_pub/output/new_genomes_fasta/001/RESULTS/PICI/CP039992.1_PICI_output.tsv
CP040625.1	PICI	001	4264	/sciclone/scr10/ncnallapaneni/saphari_pub/output/new_genomes_fasta/001/RESULTS/PICI/CP040625.1_PICI_output.tsv
CP042408.1	PICI	001	7230	/sciclone/scr10/ncnallapaneni/saphari_pub/output/new_genomes_fasta/001/RESULTS/PICI/CP042408.1_PICI_output.tsv
CP059048.1	PICI	001	8429	/sciclone/scr10/ncnallapaneni/saphari_pub/output/new_genomes_fasta/001/RESULTS/PICI/CP059048.1_PICI_output.tsv
CP059049.1	PICI	001	2403	/sciclone/scr10/ncnallapaneni/saphari_pub/output/new_genomes_fasta/001/RESULTS/PICI/CP059049.1_PICI_output.tsv
CP065702.1	PICI	001	22489	/sciclone/scr10/ncnallapaneni/saphari_pub/output/new_genomes_fasta/001/RESULTS/PICI/CP065702.1_PICI_output.tsv
CP065737.1	PICI	001	24426	/sciclone/scr10/ncnallapaneni/saphari_pub/output/new_genomes_fasta/001/RESULTS/PICI/CP065737.1_PICI_output.tsv
CP089159.1	PICI	001	4367	/sciclone/scr10/ncnallapaneni/saphari_pub/output/new_genomes_fasta/001/RESULTS/PICI/CP089159.1_PICI_output.tsv
CP091315.1	PICI	001	19151	/sciclone/scr10/ncnallapaneni/saphari_pub/output/new_genomes_fasta/001/RESULTS/PICI/CP091315.1_PICI_output.tsv
CP091316.1	PICI	001	19144	/sciclone/scr10/ncnallapaneni/saphari_pub/output/new_genomes_fasta/001/RESULTS/PICI/CP091316.1_PICI_output.tsv
CP093413.1	PICI	001	14783	/sciclone/scr10/ncnallapaneni/saphari_pub/output/new_genomes_fasta/001/RESULTS/PICI/CP093413.1_PICI_output.tsv
CP093959.1	PICI	001	14118	/sciclone/scr10/ncnallapaneni/saphari_pub/output/new_genomes_fasta/001/RESULTS/PICI/CP093959.1_PICI_output.tsv
CP094474.1	PICI	001	22724	/sciclone/scr10/ncnallapaneni/saphari_pub/output/new_genomes_fasta/001/RESULTS/PICI/CP094474.1_PICI_output.tsv
CP098790.1	PICI	001	10714	/sciclone/scr10/ncnallapaneni/saphari_pub/output/new_genomes_fasta/001/RESULTS/PICI/CP098790.1_PICI_output.tsv
CP102522.1	PICI	001	22698	/sciclone/scr10/ncnallapaneni/saphari_pub/output/new_genomes_fasta/001/RESULTS/PICI/CP102522.1_PICI_output.tsv
CP104388.1	PICI	001	15712	/sciclone/scr10/ncnallapaneni/saphari_pub/output/new_genomes_fasta/001/RESULTS/PICI/CP104388.1_PICI_output.tsv
CP110849.1	PICI	001	11851	/sciclone/scr10/ncnallapaneni/saphari_pub/output/new_genomes_fasta/001/RESULTS/PICI/CP110849.1_PICI_output.tsv
CP117409.1	PICI	001	10144	/sciclone/scr10/ncnallapaneni/saphari_pub/output/new_genomes_fasta/001/RESULTS/PICI/CP117409.1_PICI_output.tsv
CP119113.1	PICI	002	5411	/sciclone/scr10/ncnallapaneni/saphari_pub/output/new_genomes_fasta/002/RESULTS/PICI/CP119113.1_PICI_output.tsv
CP121539.1	PICI	002	12066	/sciclone/scr10/ncnallapaneni/saphari_pub/output/new_genomes_fasta/002/RESULTS/PICI/CP121539.1_PICI_output.tsv
CP122489.1	PICI	002	8462	/sciclone/scr10/ncnallapaneni/saphari_pub/output/new_genomes_fasta/002/RESULTS/PICI/CP122489.1_PICI_output.tsv
CP127571.1	PICI	002	7013	/sciclone/scr10/ncnallapaneni/saphari_pub/output/new_genomes_fasta/002/RESULTS/PICI/CP127571.1_PICI_output.tsv
CP127616.1	PICI	002	5046	/sciclone/scr10/ncnallapaneni/saphari_pub/output/new_genomes_fasta/002/RESULTS/PICI/CP127616.1_PICI_output.tsv
CP127618.1	PICI	002	4543	/sciclone/scr10/ncnallapaneni/saphari_pub/output/new_genomes_fasta/002/RESULTS/PICI/CP127618.1_PICI_output.tsv
CP127656.1	PICI	002	4272	/sciclone/scr10/ncnallapaneni/saphari_pub/output/new_genomes_fasta/002/RESULTS/PICI/CP127656.1_PICI_output.tsv
CP127739.1	PICI	002	6983	/sciclone/scr10/ncnallapaneni/saphari_pub/output/new_genomes_fasta/002/RESULTS/PICI/CP127739.1_PICI_output.tsv
CP127770.1	PICI	002	6983	/sciclone/scr10/ncnallapaneni/saphari_pub/output/new_genomes_fasta/002/RESULTS/PICI/CP127770.1_PICI_output.tsv
CP127780.1	PICI	002	7011	/sciclone/scr10/ncnallapaneni/saphari_pub/output/new_genomes_fasta/002/RESULTS/PICI/CP127780.1_PICI_output.tsv
CP127820.1	PICI	002	7011	/sciclone/scr10/ncnallapaneni/saphari_pub/output/new_genomes_fasta/002/RESULTS/PICI/CP127820.1_PICI_output.tsv
CP134071.1	PICI	002	4589	/sciclone/scr10/ncnallapaneni/saphari_pub/output/new_genomes_fasta/002/RESULTS/PICI/CP134071.1_PICI_output.tsv
CP135966.1	PICI	002	12924	/sciclone/scr10/ncnallapaneni/saphari_pub/output/new_genomes_fasta/002/RESULTS/PICI/CP135966.1_PICI_output.tsv
CP137623.1	PICI	002	15222	/sciclone/scr10/ncnallapaneni/saphari_pub/output/new_genomes_fasta/002/RESULTS/PICI/CP137623.1_PICI_output.tsv
CP138309.1	PICI	002	16920	/sciclone/scr10/ncnallapaneni/saphari_pub/output/new_genomes_fasta/002/RESULTS/PICI/CP138309.1_PICI_output.tsv
CP141407.1	PICI	002	5495	/sciclone/scr10/ncnallapaneni/saphari_pub/output/new_genomes_fasta/002/RESULTS/PICI/CP141407.1_PICI_output.tsv
CP141417.1	PICI	002	3944	/sciclone/scr10/ncnallapaneni/saphari_pub/output/new_genomes_fasta/002/RESULTS/PICI/CP141417.1_PICI_output.tsv
CP141482.1	PICI	002	12942	/sciclone/scr10/ncnallapaneni/saphari_pub/output/new_genomes_fasta/002/RESULTS/PICI/CP141482.1_PICI_output.tsv
CP141495.1	PICI	002	4329	/sciclone/scr10/ncnallapaneni/saphari_pub/output/new_genomes_fasta/002/RESULTS/PICI/CP141495.1_PICI_output.tsv
CP141502.1	PICI	002	4571	/sciclone/scr10/ncnallapaneni/saphari_pub/output/new_genomes_fasta/002/RESULTS/PICI/CP141502.1_PICI_output.tsv
CP141505.1	PICI	002	9696	/sciclone/scr10/ncnallapaneni/saphari_pub/output/new_genomes_fasta/002/RESULTS/PICI/CP141505.1_PICI_output.tsv
CP151683.1	PICI	002	10063	/sciclone/scr10/ncnallapaneni/saphari_pub/output/new_genomes_fasta/002/RESULTS/PICI/CP151683.1_PICI_output.tsv
CP157287.1	PICI	002	11787	/sciclone/scr10/ncnallapaneni/saphari_pub/output/new_genomes_fasta/002/RESULTS/PICI/CP157287.1_PICI_output.tsv
CP157495.1	PICI	002	3280	/sciclone/scr10/ncnallapaneni/saphari_pub/output/new_genomes_fasta/002/RESULTS/PICI/CP157495.1_PICI_output.tsv
CP157498.1	PICI	002	3287	/sciclone/scr10/ncnallapaneni/saphari_pub/output/new_genomes_fasta/002/RESULTS/PICI/CP157498.1_PICI_output.tsv
CP157500.1	PICI	002	3266	/sciclone/scr10/ncnallapaneni/saphari_pub/output/new_genomes_fasta/002/RESULTS/PICI/CP157500.1_PICI_output.tsv
CP159281.1	PICI	002	22088	/sciclone/scr10/ncnallapaneni/saphari_pub/output/new_genomes_fasta/002/RESULTS/PICI/CP159281.1_PICI_output.tsv
CP169315.1	PICI	002	3577	/sciclone/scr10/ncnallapaneni/saphari_pub/output/new_genomes_fasta/002/RESULTS/PICI/CP169315.1_PICI_output.tsv
CP178226.1	PICI	002	12152	/sciclone/scr10/ncnallapaneni/saphari_pub/output/new_genomes_fasta/002/RESULTS/PICI/CP178226.1_PICI_output.tsv
CP184549.1	PICI	002	8169	/sciclone/scr10/ncnallapaneni/saphari_pub/output/new_genomes_fasta/002/RESULTS/PICI/CP184549.1_PICI_output.tsv
CP184551.1	PICI	002	8197	/sciclone/scr10/ncnallapaneni/saphari_pub/output/new_genomes_fasta/002/RESULTS/PICI/CP184551.1_PICI_output.tsv
FR821779.1	PICI	002	4194	/sciclone/scr10/ncnallapaneni/saphari_pub/output/new_genomes_fasta/002/RESULTS/PICI/FR821779.1_PICI_output.tsv
LJGV01000022.1	PICI	010	3947	/sciclone/scr10/ncnallapaneni/saphari_pub/output/new_genomes_fasta/010/RESULTS/PICI/LJGV01000022.1_PICI_output.tsv
LR586016.1	PICI	002	3652	/sciclone/scr10/ncnallapaneni/saphari_pub/output/new_genomes_fasta/002/RESULTS/PICI/LR586016.1_PICI_output.tsv
LR593886.1	PICI	003	2429	/sciclone/scr10/ncnallapaneni/saphari_pub/output/new_genomes_fasta/003/RESULTS/PICI/LR593886.1_PICI_output.tsv
LR593887.1	PICI	003	3652	/sciclone/scr10/ncnallapaneni/saphari_pub/output/new_genomes_fasta/003/RESULTS/PICI/LR593887.1_PICI_output.tsv
LR593888.1	PICI	003	3919	/sciclone/scr10/ncnallapaneni/saphari_pub/output/new_genomes_fasta/003/RESULTS/PICI/LR593888.1_PICI_output.tsv
LWMQ01000001.1	PICI	010	3385	/sciclone/scr10/ncnallapaneni/saphari_pub/output/new_genomes_fasta/010/RESULTS/PICI/LWMQ01000001.1_PICI_output.tsv
NC_000913.3	PICI	003	2325	/sciclone/scr10/ncnallapaneni/saphari_pub/output/new_genomes_fasta/003/RESULTS/PICI/NC_000913.3_PICI_output.tsv
NC_002695.2	PICI	003	2520	/sciclone/scr10/ncnallapaneni/saphari_pub/output/new_genomes_fasta/003/RESULTS/PICI/NC_002695.2_PICI_output.tsv
NC_003028.3	PICI	003	4304	/sciclone/scr10/ncnallapaneni/saphari_pub/output/new_genomes_fasta/003/RESULTS/PICI/NC_003028.3_PICI_output.tsv
NC_003197.2	PICI	003	2662	/sciclone/scr10/ncnallapaneni/saphari_pub/output/new_genomes_fasta/003/RESULTS/PICI/NC_003197.2_PICI_output.tsv
NC_004668.1	PICI	003	9082	/sciclone/scr10/ncnallapaneni/saphari_pub/output/new_genomes_fasta/003/RESULTS/PICI/NC_004668.1_PICI_output.tsv
NZ_AP024237.1	PICI	003	3846	/sciclone/scr10/ncnallapaneni/saphari_pub/output/new_genomes_fasta/003/RESULTS/PICI/NZ_AP024237.1_PICI_output.tsv
NZ_AP025179.1	PICI	003	2566	/sciclone/scr10/ncnallapaneni/saphari_pub/output/new_genomes_fasta/003/RESULTS/PICI/NZ_AP025179.1_PICI_output.tsv
NZ_AP035757.1	PICI	003	2543	/sciclone/scr10/ncnallapaneni/saphari_pub/output/new_genomes_fasta/003/RESULTS/PICI/NZ_AP035757.1_PICI_output.tsv
NZ_AP044770.1	PICI	003	2399	/sciclone/scr10/ncnallapaneni/saphari_pub/output/new_genomes_fasta/003/RESULTS/PICI/NZ_AP044770.1_PICI_output.tsv
NZ_CM128549.1	PICI	003	2564	/sciclone/scr10/ncnallapaneni/saphari_pub/output/new_genomes_fasta/003/RESULTS/PICI/NZ_CM128549.1_PICI_output.tsv
NZ_CM128581.1	PICI	003	7437	/sciclone/scr10/ncnallapaneni/saphari_pub/output/new_genomes_fasta/003/RESULTS/PICI/NZ_CM128581.1_PICI_output.tsv
NZ_CM128582.1	PICI	003	2314	/sciclone/scr10/ncnallapaneni/saphari_pub/output/new_genomes_fasta/003/RESULTS/PICI/NZ_CM128582.1_PICI_output.tsv
NZ_CM128583.1	PICI	003	6632	/sciclone/scr10/ncnallapaneni/saphari_pub/output/new_genomes_fasta/003/RESULTS/PICI/NZ_CM128583.1_PICI_output.tsv
NZ_CM128584.1	PICI	003	6754	/sciclone/scr10/ncnallapaneni/saphari_pub/output/new_genomes_fasta/003/RESULTS/PICI/NZ_CM128584.1_PICI_output.tsv
NZ_CM128585.1	PICI	003	2309	/sciclone/scr10/ncnallapaneni/saphari_pub/output/new_genomes_fasta/003/RESULTS/PICI/NZ_CM128585.1_PICI_output.tsv
NZ_CM128586.1	PICI	003	2494	/sciclone/scr10/ncnallapaneni/saphari_pub/output/new_genomes_fasta/003/RESULTS/PICI/NZ_CM128586.1_PICI_output.tsv
NZ_CM128587.1	PICI	003	6208	/sciclone/scr10/ncnallapaneni/saphari_pub/output/new_genomes_fasta/003/RESULTS/PICI/NZ_CM128587.1_PICI_output.tsv
NZ_CM128588.1	PICI	003	6248	/sciclone/scr10/ncnallapaneni/saphari_pub/output/new_genomes_fasta/003/RESULTS/PICI/NZ_CM128588.1_PICI_output.tsv
NZ_CM128589.1	PICI	003	6642	/sciclone/scr10/ncnallapaneni/saphari_pub/output/new_genomes_fasta/003/RESULTS/PICI/NZ_CM128589.1_PICI_output.tsv
NZ_CM128590.1	PICI	003	6020	/sciclone/scr10/ncnallapaneni/saphari_pub/output/new_genomes_fasta/003/RESULTS/PICI/NZ_CM128590.1_PICI_output.tsv
NZ_CM128591.1	PICI	003	2347	/sciclone/scr10/ncnallapaneni/saphari_pub/output/new_genomes_fasta/003/RESULTS/PICI/NZ_CM128591.1_PICI_output.tsv
NZ_CM128592.1	PICI	003	2353	/sciclone/scr10/ncnallapaneni/saphari_pub/output/new_genomes_fasta/003/RESULTS/PICI/NZ_CM128592.1_PICI_output.tsv
NZ_CM128593.1	PICI	003	8584	/sciclone/scr10/ncnallapaneni/saphari_pub/output/new_genomes_fasta/003/RESULTS/PICI/NZ_CM128593.1_PICI_output.tsv
NZ_CM128594.1	PICI	003	15656	/sciclone/scr10/ncnallapaneni/saphari_pub/output/new_genomes_fasta/003/RESULTS/PICI/NZ_CM128594.1_PICI_output.tsv
NZ_CM128595.1	PICI	003	2535	/sciclone/scr10/ncnallapaneni/saphari_pub/output/new_genomes_fasta/003/RESULTS/PICI/NZ_CM128595.1_PICI_output.tsv
NZ_CM128596.1	PICI	003	15656	/sciclone/scr10/ncnallapaneni/saphari_pub/output/new_genomes_fasta/003/RESULTS/PICI/NZ_CM128596.1_PICI_output.tsv
NZ_CM128597.1	PICI	003	2272	/sciclone/scr10/ncnallapaneni/saphari_pub/output/new_genomes_fasta/003/RESULTS/PICI/NZ_CM128597.1_PICI_output.tsv
NZ_CM128598.1	PICI	003	2529	/sciclone/scr10/ncnallapaneni/saphari_pub/output/new_genomes_fasta/003/RESULTS/PICI/NZ_CM128598.1_PICI_output.tsv
NZ_CM128599.1	PICI	003	2533	/sciclone/scr10/ncnallapaneni/saphari_pub/output/new_genomes_fasta/003/RESULTS/PICI/NZ_CM128599.1_PICI_output.tsv
NZ_CM128600.1	PICI	003	2521	/sciclone/scr10/ncnallapaneni/saphari_pub/output/new_genomes_fasta/003/RESULTS/PICI/NZ_CM128600.1_PICI_output.tsv
NZ_CM128601.1	PICI	003	11427	/sciclone/scr10/ncnallapaneni/saphari_pub/output/new_genomes_fasta/003/RESULTS/PICI/NZ_CM128601.1_PICI_output.tsv
NZ_CM128602.1	PICI	003	15139	/sciclone/scr10/ncnallapaneni/saphari_pub/output/new_genomes_fasta/003/RESULTS/PICI/NZ_CM128602.1_PICI_output.tsv
NZ_CM128603.1	PICI	003	7223	/sciclone/scr10/ncnallapaneni/saphari_pub/output/new_genomes_fasta/003/RESULTS/PICI/NZ_CM128603.1_PICI_output.tsv
NZ_CM128604.1	PICI	003	11341	/sciclone/scr10/ncnallapaneni/saphari_pub/output/new_genomes_fasta/003/RESULTS/PICI/NZ_CM128604.1_PICI_output.tsv
NZ_CM128605.1	PICI	003	10843	/sciclone/scr10/ncnallapaneni/saphari_pub/output/new_genomes_fasta/003/RESULTS/PICI/NZ_CM128605.1_PICI_output.tsv
NZ_CM128606.1	PICI	003	16490	/sciclone/scr10/ncnallapaneni/saphari_pub/output/new_genomes_fasta/003/RESULTS/PICI/NZ_CM128606.1_PICI_output.tsv
NZ_CM129037.1	PICI	003	2358	/sciclone/scr10/ncnallapaneni/saphari_pub/output/new_genomes_fasta/003/RESULTS/PICI/NZ_CM129037.1_PICI_output.tsv
NZ_CM129038.1	PICI	003	2483	/sciclone/scr10/ncnallapaneni/saphari_pub/output/new_genomes_fasta/003/RESULTS/PICI/NZ_CM129038.1_PICI_output.tsv
NZ_CM129039.1	PICI	003	7366	/sciclone/scr10/ncnallapaneni/saphari_pub/output/new_genomes_fasta/003/RESULTS/PICI/NZ_CM129039.1_PICI_output.tsv
NZ_CM129040.1	PICI	003	2428	/sciclone/scr10/ncnallapaneni/saphari_pub/output/new_genomes_fasta/003/RESULTS/PICI/NZ_CM129040.1_PICI_output.tsv
NZ_CM129041.1	PICI	003	15275	/sciclone/scr10/ncnallapaneni/saphari_pub/output/new_genomes_fasta/003/RESULTS/PICI/NZ_CM129041.1_PICI_output.tsv
NZ_CM129042.1	PICI	003	6509	/sciclone/scr10/ncnallapaneni/saphari_pub/output/new_genomes_fasta/003/RESULTS/PICI/NZ_CM129042.1_PICI_output.tsv
NZ_CM129854.1	PICI	003	2514	/sciclone/scr10/ncnallapaneni/saphari_pub/output/new_genomes_fasta/003/RESULTS/PICI/NZ_CM129854.1_PICI_output.tsv
NZ_CM129919.1	PICI	003	2300	/sciclone/scr10/ncnallapaneni/saphari_pub/output/new_genomes_fasta/003/RESULTS/PICI/NZ_CM129919.1_PICI_output.tsv
NZ_CM130001.1	PICI	003	2321	/sciclone/scr10/ncnallapaneni/saphari_pub/output/new_genomes_fasta/003/RESULTS/PICI/NZ_CM130001.1_PICI_output.tsv
NZ_CM132654.1	PICI	003	6879	/sciclone/scr10/ncnallapaneni/saphari_pub/output/new_genomes_fasta/003/RESULTS/PICI/NZ_CM132654.1_PICI_output.tsv
NZ_CM132655.1	PICI	003	2346	/sciclone/scr10/ncnallapaneni/saphari_pub/output/new_genomes_fasta/003/RESULTS/PICI/NZ_CM132655.1_PICI_output.tsv
NZ_CM132658.1	PICI	003	2352	/sciclone/scr10/ncnallapaneni/saphari_pub/output/new_genomes_fasta/003/RESULTS/PICI/NZ_CM132658.1_PICI_output.tsv
NZ_CM132944.1	PICI	003	2317	/sciclone/scr10/ncnallapaneni/saphari_pub/output/new_genomes_fasta/003/RESULTS/PICI/NZ_CM132944.1_PICI_output.tsv
NZ_CM135133.1	PICI	003	2328	/sciclone/scr10/ncnallapaneni/saphari_pub/output/new_genomes_fasta/003/RESULTS/PICI/NZ_CM135133.1_PICI_output.tsv
NZ_CM144239.1	PICI	003	2662	/sciclone/scr10/ncnallapaneni/saphari_pub/output/new_genomes_fasta/003/RESULTS/PICI/NZ_CM144239.1_PICI_output.tsv
NZ_CM144240.1	PICI	003	11326	/sciclone/scr10/ncnallapaneni/saphari_pub/output/new_genomes_fasta/003/RESULTS/PICI/NZ_CM144240.1_PICI_output.tsv
NZ_CM144241.1	PICI	003	11396	/sciclone/scr10/ncnallapaneni/saphari_pub/output/new_genomes_fasta/003/RESULTS/PICI/NZ_CM144241.1_PICI_output.tsv
NZ_CM144242.1	PICI	003	11374	/sciclone/scr10/ncnallapaneni/saphari_pub/output/new_genomes_fasta/003/RESULTS/PICI/NZ_CM144242.1_PICI_output.tsv
NZ_CM144243.1	PICI	003	11396	/sciclone/scr10/ncnallapaneni/saphari_pub/output/new_genomes_fasta/003/RESULTS/PICI/NZ_CM144243.1_PICI_output.tsv
NZ_CM144244.1	PICI	003	6386	/sciclone/scr10/ncnallapaneni/saphari_pub/output/new_genomes_fasta/003/RESULTS/PICI/NZ_CM144244.1_PICI_output.tsv
NZ_CM144245.1	PICI	003	2589	/sciclone/scr10/ncnallapaneni/saphari_pub/output/new_genomes_fasta/003/RESULTS/PICI/NZ_CM144245.1_PICI_output.tsv
NZ_CM144246.1	PICI	003	7025	/sciclone/scr10/ncnallapaneni/saphari_pub/output/new_genomes_fasta/003/RESULTS/PICI/NZ_CM144246.1_PICI_output.tsv
NZ_CM144247.1	PICI	003	2788	/sciclone/scr10/ncnallapaneni/saphari_pub/output/new_genomes_fasta/003/RESULTS/PICI/NZ_CM144247.1_PICI_output.tsv
NZ_CM144251.1	PICI	003	6537	/sciclone/scr10/ncnallapaneni/saphari_pub/output/new_genomes_fasta/003/RESULTS/PICI/NZ_CM144251.1_PICI_output.tsv
NZ_CM148319.1	PICI	003	2333	/sciclone/scr10/ncnallapaneni/saphari_pub/output/new_genomes_fasta/003/RESULTS/PICI/NZ_CM148319.1_PICI_output.tsv
NZ_CM148320.1	PICI	003	2252	/sciclone/scr10/ncnallapaneni/saphari_pub/output/new_genomes_fasta/003/RESULTS/PICI/NZ_CM148320.1_PICI_output.tsv
NZ_CM148361.1	PICI	003	2310	/sciclone/scr10/ncnallapaneni/saphari_pub/output/new_genomes_fasta/003/RESULTS/PICI/NZ_CM148361.1_PICI_output.tsv
NZ_CM149554.1	PICI	003	2317	/sciclone/scr10/ncnallapaneni/saphari_pub/output/new_genomes_fasta/003/RESULTS/PICI/NZ_CM149554.1_PICI_output.tsv
NZ_CM149560.1	PICI	003	11245	/sciclone/scr10/ncnallapaneni/saphari_pub/output/new_genomes_fasta/003/RESULTS/PICI/NZ_CM149560.1_PICI_output.tsv
NZ_CM149564.1	PICI	003	2567	/sciclone/scr10/ncnallapaneni/saphari_pub/output/new_genomes_fasta/003/RESULTS/PICI/NZ_CM149564.1_PICI_output.tsv
NZ_CM149567.1	PICI	003	2338	/sciclone/scr10/ncnallapaneni/saphari_pub/output/new_genomes_fasta/003/RESULTS/PICI/NZ_CM149567.1_PICI_output.tsv
NZ_CM149574.1	PICI	003	2333	/sciclone/scr10/ncnallapaneni/saphari_pub/output/new_genomes_fasta/003/RESULTS/PICI/NZ_CM149574.1_PICI_output.tsv
NZ_CM149575.1	PICI	003	2549	/sciclone/scr10/ncnallapaneni/saphari_pub/output/new_genomes_fasta/003/RESULTS/PICI/NZ_CM149575.1_PICI_output.tsv
NZ_CM149577.1	PICI	003	2346	/sciclone/scr10/ncnallapaneni/saphari_pub/output/new_genomes_fasta/003/RESULTS/PICI/NZ_CM149577.1_PICI_output.tsv
NZ_CM149595.1	PICI	003	2511	/sciclone/scr10/ncnallapaneni/saphari_pub/output/new_genomes_fasta/003/RESULTS/PICI/NZ_CM149595.1_PICI_output.tsv
NZ_CM149601.1	PICI	003	2333	/sciclone/scr10/ncnallapaneni/saphari_pub/output/new_genomes_fasta/003/RESULTS/PICI/NZ_CM149601.1_PICI_output.tsv
NZ_CM149693.1	PICI	003	2338	/sciclone/scr10/ncnallapaneni/saphari_pub/output/new_genomes_fasta/003/RESULTS/PICI/NZ_CM149693.1_PICI_output.tsv
NZ_CM149861.1	PICI	003	2290	/sciclone/scr10/ncnallapaneni/saphari_pub/output/new_genomes_fasta/003/RESULTS/PICI/NZ_CM149861.1_PICI_output.tsv
NZ_CM149867.1	PICI	003	2309	/sciclone/scr10/ncnallapaneni/saphari_pub/output/new_genomes_fasta/003/RESULTS/PICI/NZ_CM149867.1_PICI_output.tsv
NZ_CM149886.1	PICI	003	7385	/sciclone/scr10/ncnallapaneni/saphari_pub/output/new_genomes_fasta/003/RESULTS/PICI/NZ_CM149886.1_PICI_output.tsv
NZ_CM149991.1	PICI	003	2347	/sciclone/scr10/ncnallapaneni/saphari_pub/output/new_genomes_fasta/003/RESULTS/PICI/NZ_CM149991.1_PICI_output.tsv
NZ_CP027352.1	PICI	004	27128	/sciclone/scr10/ncnallapaneni/saphari_pub/output/new_genomes_fasta/004/RESULTS/PICI/NZ_CP027352.1_PICI_output.tsv
NZ_CP027380.1	PICI	004	13142	/sciclone/scr10/ncnallapaneni/saphari_pub/output/new_genomes_fasta/004/RESULTS/PICI/NZ_CP027380.1_PICI_output.tsv
NZ_CP027390.1	PICI	004	31672	/sciclone/scr10/ncnallapaneni/saphari_pub/output/new_genomes_fasta/004/RESULTS/PICI/NZ_CP027390.1_PICI_output.tsv
NZ_CP027442.1	PICI	004	22747	/sciclone/scr10/ncnallapaneni/saphari_pub/output/new_genomes_fasta/004/RESULTS/PICI/NZ_CP027442.1_PICI_output.tsv
NZ_CP027472.1	PICI	004	16266	/sciclone/scr10/ncnallapaneni/saphari_pub/output/new_genomes_fasta/004/RESULTS/PICI/NZ_CP027472.1_PICI_output.tsv
NZ_CP027573.1	PICI	004	18767	/sciclone/scr10/ncnallapaneni/saphari_pub/output/new_genomes_fasta/004/RESULTS/PICI/NZ_CP027573.1_PICI_output.tsv
NZ_CP028756.1	PICI	004	2565	/sciclone/scr10/ncnallapaneni/saphari_pub/output/new_genomes_fasta/004/RESULTS/PICI/NZ_CP028756.1_PICI_output.tsv
NZ_CP029242.1	PICI	004	2347	/sciclone/scr10/ncnallapaneni/saphari_pub/output/new_genomes_fasta/004/RESULTS/PICI/NZ_CP029242.1_PICI_output.tsv
NZ_CP030152.1	PICI	004	2134	/sciclone/scr10/ncnallapaneni/saphari_pub/output/new_genomes_fasta/004/RESULTS/PICI/NZ_CP030152.1_PICI_output.tsv
NZ_CP042588.1	PICI	004	7188	/sciclone/scr10/ncnallapaneni/saphari_pub/output/new_genomes_fasta/004/RESULTS/PICI/NZ_CP042588.1_PICI_output.tsv
NZ_CP049852.1	PICI	004	7794	/sciclone/scr10/ncnallapaneni/saphari_pub/output/new_genomes_fasta/004/RESULTS/PICI/NZ_CP049852.1_PICI_output.tsv
NZ_CP054169.1	PICI	004	2531	/sciclone/scr10/ncnallapaneni/saphari_pub/output/new_genomes_fasta/004/RESULTS/PICI/NZ_CP054169.1_PICI_output.tsv
NZ_CP058897.1	PICI	004	7794	/sciclone/scr10/ncnallapaneni/saphari_pub/output/new_genomes_fasta/004/RESULTS/PICI/NZ_CP058897.1_PICI_output.tsv
NZ_CP058917.1	PICI	004	7794	/sciclone/scr10/ncnallapaneni/saphari_pub/output/new_genomes_fasta/004/RESULTS/PICI/NZ_CP058917.1_PICI_output.tsv
NZ_CP058922.1	PICI	004	7785	/sciclone/scr10/ncnallapaneni/saphari_pub/output/new_genomes_fasta/004/RESULTS/PICI/NZ_CP058922.1_PICI_output.tsv
NZ_CP059332.1	PICI	004	2647	/sciclone/scr10/ncnallapaneni/saphari_pub/output/new_genomes_fasta/004/RESULTS/PICI/NZ_CP059332.1_PICI_output.tsv
NZ_CP059339.1	PICI	004	7794	/sciclone/scr10/ncnallapaneni/saphari_pub/output/new_genomes_fasta/004/RESULTS/PICI/NZ_CP059339.1_PICI_output.tsv
NZ_CP073924.1	PICI	004	2347	/sciclone/scr10/ncnallapaneni/saphari_pub/output/new_genomes_fasta/004/RESULTS/PICI/NZ_CP073924.1_PICI_output.tsv
NZ_CP073949.1	PICI	004	2248	/sciclone/scr10/ncnallapaneni/saphari_pub/output/new_genomes_fasta/004/RESULTS/PICI/NZ_CP073949.1_PICI_output.tsv
NZ_CP073953.1	PICI	004	2392	/sciclone/scr10/ncnallapaneni/saphari_pub/output/new_genomes_fasta/004/RESULTS/PICI/NZ_CP073953.1_PICI_output.tsv
NZ_CP073984.1	PICI	004	2553	/sciclone/scr10/ncnallapaneni/saphari_pub/output/new_genomes_fasta/004/RESULTS/PICI/NZ_CP073984.1_PICI_output.tsv
NZ_CP074019.1	PICI	004	2329	/sciclone/scr10/ncnallapaneni/saphari_pub/output/new_genomes_fasta/004/RESULTS/PICI/NZ_CP074019.1_PICI_output.tsv
NZ_CP074028.1	PICI	004	14537	/sciclone/scr10/ncnallapaneni/saphari_pub/output/new_genomes_fasta/004/RESULTS/PICI/NZ_CP074028.1_PICI_output.tsv
NZ_CP074042.1	PICI	004	2599	/sciclone/scr10/ncnallapaneni/saphari_pub/output/new_genomes_fasta/004/RESULTS/PICI/NZ_CP074042.1_PICI_output.tsv
NZ_CP075852.1	PICI	004	12632	/sciclone/scr10/ncnallapaneni/saphari_pub/output/new_genomes_fasta/004/RESULTS/PICI/NZ_CP075852.1_PICI_output.tsv
NZ_CP076272.1	PICI	004	7408	/sciclone/scr10/ncnallapaneni/saphari_pub/output/new_genomes_fasta/004/RESULTS/PICI/NZ_CP076272.1_PICI_output.tsv
NZ_CP076274.1	PICI	004	2580	/sciclone/scr10/ncnallapaneni/saphari_pub/output/new_genomes_fasta/004/RESULTS/PICI/NZ_CP076274.1_PICI_output.tsv
NZ_CP077649.1	PICI	004	2468	/sciclone/scr10/ncnallapaneni/saphari_pub/output/new_genomes_fasta/004/RESULTS/PICI/NZ_CP077649.1_PICI_output.tsv
NZ_CP078137.1	PICI	004	2305	/sciclone/scr10/ncnallapaneni/saphari_pub/output/new_genomes_fasta/004/RESULTS/PICI/NZ_CP078137.1_PICI_output.tsv
NZ_CP079735.1	PICI	004	6177	/sciclone/scr10/ncnallapaneni/saphari_pub/output/new_genomes_fasta/004/RESULTS/PICI/NZ_CP079735.1_PICI_output.tsv
NZ_CP079736.1	PICI	004	6177	/sciclone/scr10/ncnallapaneni/saphari_pub/output/new_genomes_fasta/004/RESULTS/PICI/NZ_CP079736.1_PICI_output.tsv
NZ_CP080253.1	PICI	004	6735	/sciclone/scr10/ncnallapaneni/saphari_pub/output/new_genomes_fasta/004/RESULTS/PICI/NZ_CP080253.1_PICI_output.tsv
NZ_CP082100.1	PICI	004	2342	/sciclone/scr10/ncnallapaneni/saphari_pub/output/new_genomes_fasta/004/RESULTS/PICI/NZ_CP082100.1_PICI_output.tsv
NZ_CP097198.1	PICI	004	2480	/sciclone/scr10/ncnallapaneni/saphari_pub/output/new_genomes_fasta/004/RESULTS/PICI/NZ_CP097198.1_PICI_output.tsv
NZ_CP097213.1	PICI	004	7290	/sciclone/scr10/ncnallapaneni/saphari_pub/output/new_genomes_fasta/004/RESULTS/PICI/NZ_CP097213.1_PICI_output.tsv
NZ_CP098838.1	PICI	004	2355	/sciclone/scr10/ncnallapaneni/saphari_pub/output/new_genomes_fasta/004/RESULTS/PICI/NZ_CP098838.1_PICI_output.tsv
NZ_CP098841.1	PICI	004	2624	/sciclone/scr10/ncnallapaneni/saphari_pub/output/new_genomes_fasta/004/RESULTS/PICI/NZ_CP098841.1_PICI_output.tsv
NZ_CP098848.1	PICI	004	2556	/sciclone/scr10/ncnallapaneni/saphari_pub/output/new_genomes_fasta/004/RESULTS/PICI/NZ_CP098848.1_PICI_output.tsv
NZ_CP098854.1	PICI	004	2355	/sciclone/scr10/ncnallapaneni/saphari_pub/output/new_genomes_fasta/004/RESULTS/PICI/NZ_CP098854.1_PICI_output.tsv
NZ_CP098858.1	PICI	004	2354	/sciclone/scr10/ncnallapaneni/saphari_pub/output/new_genomes_fasta/004/RESULTS/PICI/NZ_CP098858.1_PICI_output.tsv
NZ_CP098870.1	PICI	004	7343	/sciclone/scr10/ncnallapaneni/saphari_pub/output/new_genomes_fasta/004/RESULTS/PICI/NZ_CP098870.1_PICI_output.tsv
NZ_CP098874.1	PICI	004	2355	/sciclone/scr10/ncnallapaneni/saphari_pub/output/new_genomes_fasta/004/RESULTS/PICI/NZ_CP098874.1_PICI_output.tsv
NZ_CP098886.1	PICI	004	2355	/sciclone/scr10/ncnallapaneni/saphari_pub/output/new_genomes_fasta/004/RESULTS/PICI/NZ_CP098886.1_PICI_output.tsv
NZ_CP098892.1	PICI	004	2355	/sciclone/scr10/ncnallapaneni/saphari_pub/output/new_genomes_fasta/004/RESULTS/PICI/NZ_CP098892.1_PICI_output.tsv
NZ_CP098898.1	PICI	004	2355	/sciclone/scr10/ncnallapaneni/saphari_pub/output/new_genomes_fasta/004/RESULTS/PICI/NZ_CP098898.1_PICI_output.tsv
NZ_CP098910.1	PICI	004	10436	/sciclone/scr10/ncnallapaneni/saphari_pub/output/new_genomes_fasta/004/RESULTS/PICI/NZ_CP098910.1_PICI_output.tsv
NZ_CP101263.1	PICI	004	2155	/sciclone/scr10/ncnallapaneni/saphari_pub/output/new_genomes_fasta/004/RESULTS/PICI/NZ_CP101263.1_PICI_output.tsv
NZ_CP101269.1	PICI	004	7169	/sciclone/scr10/ncnallapaneni/saphari_pub/output/new_genomes_fasta/004/RESULTS/PICI/NZ_CP101269.1_PICI_output.tsv
NZ_CP101274.1	PICI	004	2596	/sciclone/scr10/ncnallapaneni/saphari_pub/output/new_genomes_fasta/004/RESULTS/PICI/NZ_CP101274.1_PICI_output.tsv
NZ_CP101292.1	PICI	004	21215	/sciclone/scr10/ncnallapaneni/saphari_pub/output/new_genomes_fasta/004/RESULTS/PICI/NZ_CP101292.1_PICI_output.tsv
NZ_CP101305.1	PICI	004	2132	/sciclone/scr10/ncnallapaneni/saphari_pub/output/new_genomes_fasta/004/RESULTS/PICI/NZ_CP101305.1_PICI_output.tsv
NZ_CP101513.1	PICI	004	2163	/sciclone/scr10/ncnallapaneni/saphari_pub/output/new_genomes_fasta/004/RESULTS/PICI/NZ_CP101513.1_PICI_output.tsv
NZ_CP101615.1	PICI	004	2354	/sciclone/scr10/ncnallapaneni/saphari_pub/output/new_genomes_fasta/004/RESULTS/PICI/NZ_CP101615.1_PICI_output.tsv
NZ_CP101705.1	PICI	004	2360	/sciclone/scr10/ncnallapaneni/saphari_pub/output/new_genomes_fasta/004/RESULTS/PICI/NZ_CP101705.1_PICI_output.tsv
NZ_CP101858.1	PICI	004	2567	/sciclone/scr10/ncnallapaneni/saphari_pub/output/new_genomes_fasta/004/RESULTS/PICI/NZ_CP101858.1_PICI_output.tsv
NZ_CP102061.1	PICI	004	2372	/sciclone/scr10/ncnallapaneni/saphari_pub/output/new_genomes_fasta/004/RESULTS/PICI/NZ_CP102061.1_PICI_output.tsv
NZ_CP103295.1	PICI	004	2359	/sciclone/scr10/ncnallapaneni/saphari_pub/output/new_genomes_fasta/004/RESULTS/PICI/NZ_CP103295.1_PICI_output.tsv
NZ_CP115312.1	PICI	004	2604	/sciclone/scr10/ncnallapaneni/saphari_pub/output/new_genomes_fasta/004/RESULTS/PICI/NZ_CP115312.1_PICI_output.tsv
NZ_CP115351.1	PICI	004	2328	/sciclone/scr10/ncnallapaneni/saphari_pub/output/new_genomes_fasta/004/RESULTS/PICI/NZ_CP115351.1_PICI_output.tsv
NZ_CP116925.1	PICI	004	7588	/sciclone/scr10/ncnallapaneni/saphari_pub/output/new_genomes_fasta/004/RESULTS/PICI/NZ_CP116925.1_PICI_output.tsv
NZ_CP116970.1	PICI	004	7694	/sciclone/scr10/ncnallapaneni/saphari_pub/output/new_genomes_fasta/004/RESULTS/PICI/NZ_CP116970.1_PICI_output.tsv
NZ_CP119577.1	PICI	004	2292	/sciclone/scr10/ncnallapaneni/saphari_pub/output/new_genomes_fasta/004/RESULTS/PICI/NZ_CP119577.1_PICI_output.tsv
NZ_CP125885.1	PICI	004	2347	/sciclone/scr10/ncnallapaneni/saphari_pub/output/new_genomes_fasta/004/RESULTS/PICI/NZ_CP125885.1_PICI_output.tsv
NZ_CP125889.1	PICI	004	14807	/sciclone/scr10/ncnallapaneni/saphari_pub/output/new_genomes_fasta/004/RESULTS/PICI/NZ_CP125889.1_PICI_output.tsv
NZ_CP132061.1	PICI	004	2330	/sciclone/scr10/ncnallapaneni/saphari_pub/output/new_genomes_fasta/004/RESULTS/PICI/NZ_CP132061.1_PICI_output.tsv
NZ_CP132063.1	PICI	004	6255	/sciclone/scr10/ncnallapaneni/saphari_pub/output/new_genomes_fasta/004/RESULTS/PICI/NZ_CP132063.1_PICI_output.tsv
NZ_CP132594.1	PICI	004	2353	/sciclone/scr10/ncnallapaneni/saphari_pub/output/new_genomes_fasta/004/RESULTS/PICI/NZ_CP132594.1_PICI_output.tsv
NZ_CP133657.1	PICI	004	2346	/sciclone/scr10/ncnallapaneni/saphari_pub/output/new_genomes_fasta/004/RESULTS/PICI/NZ_CP133657.1_PICI_output.tsv
NZ_CP134353.1	PICI	004	2344	/sciclone/scr10/ncnallapaneni/saphari_pub/output/new_genomes_fasta/004/RESULTS/PICI/NZ_CP134353.1_PICI_output.tsv
NZ_CP134376.1	PICI	004	2321	/sciclone/scr10/ncnallapaneni/saphari_pub/output/new_genomes_fasta/004/RESULTS/PICI/NZ_CP134376.1_PICI_output.tsv
NZ_CP134380.1	PICI	004	2299	/sciclone/scr10/ncnallapaneni/saphari_pub/output/new_genomes_fasta/004/RESULTS/PICI/NZ_CP134380.1_PICI_output.tsv
NZ_CP135502.1	PICI	004	5918	/sciclone/scr10/ncnallapaneni/saphari_pub/output/new_genomes_fasta/004/RESULTS/PICI/NZ_CP135502.1_PICI_output.tsv
NZ_CP136900.1	PICI	004	2283	/sciclone/scr10/ncnallapaneni/saphari_pub/output/new_genomes_fasta/004/RESULTS/PICI/NZ_CP136900.1_PICI_output.tsv
NZ_CP137162.1	PICI	004	2333	/sciclone/scr10/ncnallapaneni/saphari_pub/output/new_genomes_fasta/004/RESULTS/PICI/NZ_CP137162.1_PICI_output.tsv
NZ_CP141089.1	PICI	004	6561	/sciclone/scr10/ncnallapaneni/saphari_pub/output/new_genomes_fasta/004/RESULTS/PICI/NZ_CP141089.1_PICI_output.tsv
NZ_CP141297.1	PICI	004	5190	/sciclone/scr10/ncnallapaneni/saphari_pub/output/new_genomes_fasta/004/RESULTS/PICI/NZ_CP141297.1_PICI_output.tsv
NZ_CP142677.1	PICI	004	2155	/sciclone/scr10/ncnallapaneni/saphari_pub/output/new_genomes_fasta/004/RESULTS/PICI/NZ_CP142677.1_PICI_output.tsv
NZ_CP142680.1	PICI	004	2354	/sciclone/scr10/ncnallapaneni/saphari_pub/output/new_genomes_fasta/004/RESULTS/PICI/NZ_CP142680.1_PICI_output.tsv
NZ_CP145099.1	PICI	004	12492	/sciclone/scr10/ncnallapaneni/saphari_pub/output/new_genomes_fasta/004/RESULTS/PICI/NZ_CP145099.1_PICI_output.tsv
NZ_CP146019.1	PICI	004	2332	/sciclone/scr10/ncnallapaneni/saphari_pub/output/new_genomes_fasta/004/RESULTS/PICI/NZ_CP146019.1_PICI_output.tsv
NZ_CP148289.1	PICI	004	6039	/sciclone/scr10/ncnallapaneni/saphari_pub/output/new_genomes_fasta/004/RESULTS/PICI/NZ_CP148289.1_PICI_output.tsv
NZ_CP148349.1	PICI	004	15230	/sciclone/scr10/ncnallapaneni/saphari_pub/output/new_genomes_fasta/004/RESULTS/PICI/NZ_CP148349.1_PICI_output.tsv
NZ_CP148357.1	PICI	004	20442	/sciclone/scr10/ncnallapaneni/saphari_pub/output/new_genomes_fasta/004/RESULTS/PICI/NZ_CP148357.1_PICI_output.tsv
NZ_CP148363.1	PICI	004	10330	/sciclone/scr10/ncnallapaneni/saphari_pub/output/new_genomes_fasta/004/RESULTS/PICI/NZ_CP148363.1_PICI_output.tsv
NZ_CP148378.1	PICI	004	6650	/sciclone/scr10/ncnallapaneni/saphari_pub/output/new_genomes_fasta/004/RESULTS/PICI/NZ_CP148378.1_PICI_output.tsv
NZ_CP148474.1	PICI	004	12925	/sciclone/scr10/ncnallapaneni/saphari_pub/output/new_genomes_fasta/004/RESULTS/PICI/NZ_CP148474.1_PICI_output.tsv
NZ_CP148746.1	PICI	004	2518	/sciclone/scr10/ncnallapaneni/saphari_pub/output/new_genomes_fasta/004/RESULTS/PICI/NZ_CP148746.1_PICI_output.tsv
NZ_CP150019.1	PICI	004	2401	/sciclone/scr10/ncnallapaneni/saphari_pub/output/new_genomes_fasta/004/RESULTS/PICI/NZ_CP150019.1_PICI_output.tsv
NZ_CP150075.1	PICI	004	2336	/sciclone/scr10/ncnallapaneni/saphari_pub/output/new_genomes_fasta/004/RESULTS/PICI/NZ_CP150075.1_PICI_output.tsv
NZ_CP151005.1	PICI	005	2342	/sciclone/scr10/ncnallapaneni/saphari_pub/output/new_genomes_fasta/005/RESULTS/PICI/NZ_CP151005.1_PICI_output.tsv
NZ_CP151013.1	PICI	005	2552	/sciclone/scr10/ncnallapaneni/saphari_pub/output/new_genomes_fasta/005/RESULTS/PICI/NZ_CP151013.1_PICI_output.tsv
NZ_CP151030.1	PICI	005	2522	/sciclone/scr10/ncnallapaneni/saphari_pub/output/new_genomes_fasta/005/RESULTS/PICI/NZ_CP151030.1_PICI_output.tsv
NZ_CP151038.1	PICI	005	11532	/sciclone/scr10/ncnallapaneni/saphari_pub/output/new_genomes_fasta/005/RESULTS/PICI/NZ_CP151038.1_PICI_output.tsv
NZ_CP151042.1	PICI	005	2394	/sciclone/scr10/ncnallapaneni/saphari_pub/output/new_genomes_fasta/005/RESULTS/PICI/NZ_CP151042.1_PICI_output.tsv
NZ_CP151045.1	PICI	005	2337	/sciclone/scr10/ncnallapaneni/saphari_pub/output/new_genomes_fasta/005/RESULTS/PICI/NZ_CP151045.1_PICI_output.tsv
NZ_CP151050.1	PICI	005	10867	/sciclone/scr10/ncnallapaneni/saphari_pub/output/new_genomes_fasta/005/RESULTS/PICI/NZ_CP151050.1_PICI_output.tsv
NZ_CP151055.1	PICI	005	2428	/sciclone/scr10/ncnallapaneni/saphari_pub/output/new_genomes_fasta/005/RESULTS/PICI/NZ_CP151055.1_PICI_output.tsv
NZ_CP151059.1	PICI	005	2428	/sciclone/scr10/ncnallapaneni/saphari_pub/output/new_genomes_fasta/005/RESULTS/PICI/NZ_CP151059.1_PICI_output.tsv
NZ_CP151063.1	PICI	005	2428	/sciclone/scr10/ncnallapaneni/saphari_pub/output/new_genomes_fasta/005/RESULTS/PICI/NZ_CP151063.1_PICI_output.tsv
NZ_CP155528.1	PICI	005	2742	/sciclone/scr10/ncnallapaneni/saphari_pub/output/new_genomes_fasta/005/RESULTS/PICI/NZ_CP155528.1_PICI_output.tsv
NZ_CP155727.1	PICI	005	2347	/sciclone/scr10/ncnallapaneni/saphari_pub/output/new_genomes_fasta/005/RESULTS/PICI/NZ_CP155727.1_PICI_output.tsv
NZ_CP157415.1	PICI	005	2281	/sciclone/scr10/ncnallapaneni/saphari_pub/output/new_genomes_fasta/005/RESULTS/PICI/NZ_CP157415.1_PICI_output.tsv
NZ_CP158429.1	PICI	005	5793	/sciclone/scr10/ncnallapaneni/saphari_pub/output/new_genomes_fasta/005/RESULTS/PICI/NZ_CP158429.1_PICI_output.tsv
NZ_CP158441.1	PICI	005	2360	/sciclone/scr10/ncnallapaneni/saphari_pub/output/new_genomes_fasta/005/RESULTS/PICI/NZ_CP158441.1_PICI_output.tsv
NZ_CP161802.1	PICI	005	2306	/sciclone/scr10/ncnallapaneni/saphari_pub/output/new_genomes_fasta/005/RESULTS/PICI/NZ_CP161802.1_PICI_output.tsv
NZ_CP162163.1	PICI	005	5624	/sciclone/scr10/ncnallapaneni/saphari_pub/output/new_genomes_fasta/005/RESULTS/PICI/NZ_CP162163.1_PICI_output.tsv
NZ_CP163516.1	PICI	005	2353	/sciclone/scr10/ncnallapaneni/saphari_pub/output/new_genomes_fasta/005/RESULTS/PICI/NZ_CP163516.1_PICI_output.tsv
NZ_CP168035.1	PICI	005	2306	/sciclone/scr10/ncnallapaneni/saphari_pub/output/new_genomes_fasta/005/RESULTS/PICI/NZ_CP168035.1_PICI_output.tsv
NZ_CP168981.1	PICI	005	22768	/sciclone/scr10/ncnallapaneni/saphari_pub/output/new_genomes_fasta/005/RESULTS/PICI/NZ_CP168981.1_PICI_output.tsv
NZ_CP168991.1	PICI	005	14091	/sciclone/scr10/ncnallapaneni/saphari_pub/output/new_genomes_fasta/005/RESULTS/PICI/NZ_CP168991.1_PICI_output.tsv
NZ_CP169003.1	PICI	005	22896	/sciclone/scr10/ncnallapaneni/saphari_pub/output/new_genomes_fasta/005/RESULTS/PICI/NZ_CP169003.1_PICI_output.tsv
NZ_CP169008.1	PICI	005	10008	/sciclone/scr10/ncnallapaneni/saphari_pub/output/new_genomes_fasta/005/RESULTS/PICI/NZ_CP169008.1_PICI_output.tsv
NZ_CP169632.1	PICI	005	2353	/sciclone/scr10/ncnallapaneni/saphari_pub/output/new_genomes_fasta/005/RESULTS/PICI/NZ_CP169632.1_PICI_output.tsv
NZ_CP169633.1	PICI	005	2353	/sciclone/scr10/ncnallapaneni/saphari_pub/output/new_genomes_fasta/005/RESULTS/PICI/NZ_CP169633.1_PICI_output.tsv
NZ_CP170328.1	PICI	005	2321	/sciclone/scr10/ncnallapaneni/saphari_pub/output/new_genomes_fasta/005/RESULTS/PICI/NZ_CP170328.1_PICI_output.tsv
NZ_CP170509.1	PICI	005	2305	/sciclone/scr10/ncnallapaneni/saphari_pub/output/new_genomes_fasta/005/RESULTS/PICI/NZ_CP170509.1_PICI_output.tsv
NZ_CP171883.1	PICI	005	5310	/sciclone/scr10/ncnallapaneni/saphari_pub/output/new_genomes_fasta/005/RESULTS/PICI/NZ_CP171883.1_PICI_output.tsv
NZ_CP172108.1	PICI	005	2345	/sciclone/scr10/ncnallapaneni/saphari_pub/output/new_genomes_fasta/005/RESULTS/PICI/NZ_CP172108.1_PICI_output.tsv
NZ_CP189657.1	PICI	005	7815	/sciclone/scr10/ncnallapaneni/saphari_pub/output/new_genomes_fasta/005/RESULTS/PICI/NZ_CP189657.1_PICI_output.tsv
NZ_CP189662.1	PICI	005	2614	/sciclone/scr10/ncnallapaneni/saphari_pub/output/new_genomes_fasta/005/RESULTS/PICI/NZ_CP189662.1_PICI_output.tsv
NZ_CP196412.1	PICI	005	6272	/sciclone/scr10/ncnallapaneni/saphari_pub/output/new_genomes_fasta/005/RESULTS/PICI/NZ_CP196412.1_PICI_output.tsv
NZ_CP200247.1	PICI	005	2652	/sciclone/scr10/ncnallapaneni/saphari_pub/output/new_genomes_fasta/005/RESULTS/PICI/NZ_CP200247.1_PICI_output.tsv
NZ_CP200257.1	PICI	005	2179	/sciclone/scr10/ncnallapaneni/saphari_pub/output/new_genomes_fasta/005/RESULTS/PICI/NZ_CP200257.1_PICI_output.tsv
NZ_JBGEDP010000001.1	PICI	006	4095	/sciclone/scr10/ncnallapaneni/saphari_pub/output/new_genomes_fasta/006/RESULTS/PICI/NZ_JBGEDP010000001.1_PICI_output.tsv
NZ_JBVVYP010000013.1	PICI	006	10873	/sciclone/scr10/ncnallapaneni/saphari_pub/output/new_genomes_fasta/006/RESULTS/PICI/NZ_JBVVYP010000013.1_PICI_output.tsv
NZ_KI519398.1	PICI	010	3496	/sciclone/scr10/ncnallapaneni/saphari_pub/output/new_genomes_fasta/010/RESULTS/PICI/NZ_KI519398.1_PICI_output.tsv
NZ_KV819254.1	PICI	006	7241	/sciclone/scr10/ncnallapaneni/saphari_pub/output/new_genomes_fasta/006/RESULTS/PICI/NZ_KV819254.1_PICI_output.tsv
NZ_KV838936.1	PICI	006	3593	/sciclone/scr10/ncnallapaneni/saphari_pub/output/new_genomes_fasta/006/RESULTS/PICI/NZ_KV838936.1_PICI_output.tsv
NZ_KV839167.1	PICI	006	3536	/sciclone/scr10/ncnallapaneni/saphari_pub/output/new_genomes_fasta/006/RESULTS/PICI/NZ_KV839167.1_PICI_output.tsv
NZ_KV841349.1	PICI	006	3522	/sciclone/scr10/ncnallapaneni/saphari_pub/output/new_genomes_fasta/006/RESULTS/PICI/NZ_KV841349.1_PICI_output.tsv
NZ_OGTW02000024.1	PICI	009	2441	/sciclone/scr10/ncnallapaneni/saphari_pub/output/new_genomes_fasta/009/RESULTS/PICI/NZ_OGTW02000024.1_PICI_output.tsv
NZ_OGTW02000044.1	PICI	009	4739	/sciclone/scr10/ncnallapaneni/saphari_pub/output/new_genomes_fasta/009/RESULTS/PICI/NZ_OGTW02000044.1_PICI_output.tsv
OV986001.1	PICI	010	3826	/sciclone/scr10/ncnallapaneni/saphari_pub/output/new_genomes_fasta/010/RESULTS/PICI/OV986001.1_PICI_output.tsv
