NZ_JAMQGJ010000004.1_1|2|484|-1|ID=1_1;partial=10;start_type=GTG;rbs_motif=GGA/GAG/AGG;rbs_spacer=5-10bp;gc_cont=0.625	WP_080627408.1 MULTISPECIES: hypothetical protein, partial [Mycobacterium tuberculosis complex]	100	83.2	3.43e-96
NZ_JAMQGJ010000004.1_2|518|1366|-1|ID=1_2;partial=00;start_type=ATG;rbs_motif=None;rbs_spacer=None;gc_cont=0.640	WP_003901007.1 MULTISPECIES: DUF4226 domain-containing protein [unclassified Mycobacterium tuberculosis complex]	100	99.6	2.03e-204
NZ_JAMQGJ010000004.1_3|1571|2107|-1|ID=1_3;partial=00;start_type=ATG;rbs_motif=GGA/GAG/AGG;rbs_spacer=5-10bp;gc_cont=0.713	WP_031729483.1 TIGR03086 family metal-binding protein [Mycobacterium tuberculosis]	100	99.4	8.06e-124
NZ_JAMQGJ010000004.1_4|2477|3046|-1|ID=1_4;partial=00;start_type=ATG;rbs_motif=None;rbs_spacer=None;gc_cont=0.658	WP_003403738.1 MULTISPECIES: MarR family transcriptional regulator [Mycobacterium]	99.4	86.8	5.82e-107
NZ_JAMQGJ010000004.1_5|3289|4041|-1|ID=1_5;partial=00;start_type=ATG;rbs_motif=AGGAG;rbs_spacer=5-10bp;gc_cont=0.683	WP_057349970.1 anti-sigma-L factor RslA [Mycobacterium tuberculosis]	98.4	99.6	3.16e-167
NZ_JAMQGJ010000004.1_6|4105|4638|-1|ID=1_6;partial=00;start_type=GTG;rbs_motif=GGAGG;rbs_spacer=5-10bp;gc_cont=0.667	WP_003403731.1 MULTISPECIES: sigma-70 family RNA polymerase sigma factor SigL [Mycobacterium]	100	99.4	2.34e-117
NZ_JAMQGJ010000004.1_7|4711|5511|-1|ID=1_7;partial=00;start_type=ATG;rbs_motif=GGA/GAG/AGG;rbs_spacer=5-10bp;gc_cont=0.684	WP_003403728.1 MULTISPECIES: type I methionyl aminopeptidase [Mycobacterium]	100	99.6	3.42e-179
NZ_JAMQGJ010000004.1_8|5514|6059|-1|ID=1_8;partial=00;start_type=GTG;rbs_motif=GGA/GAG/AGG;rbs_spacer=5-10bp;gc_cont=0.636	WP_003403726.1 MULTISPECIES: adenylate kinase [Mycobacterium]	100	99.5	1.46e-122
NZ_JAMQGJ010000004.1_9|6056|7381|-1|ID=1_9;partial=00;start_type=GTG;rbs_motif=AGGAG;rbs_spacer=5-10bp;gc_cont=0.597	WP_003403723.1 MULTISPECIES: preprotein translocase subunit SecY [Mycobacterium]	100	99.8	4.65e-304
NZ_JAMQGJ010000004.1_10|7542|8498|1|ID=1_10;partial=00;start_type=ATG;rbs_motif=GGA/GAG/AGG;rbs_spacer=5-10bp;gc_cont=0.671	WP_003403717.1 MULTISPECIES: class I SAM-dependent methyltransferase [Mycobacterium]	100	99.7	1.51e-224
NZ_JAMQGJ010000004.1_11|8587|9315|-1|ID=1_11;partial=00;start_type=ATG;rbs_motif=GGA/GAG/AGG;rbs_spacer=5-10bp;gc_cont=0.653	WP_003403710.1 GNAT family N-acetyltransferase [Mycobacterium tuberculosis]	100	99.6	6.56e-156
NZ_JAMQGJ010000004.1_12|9328|10674|-1|ID=1_12;partial=00;start_type=GTG;rbs_motif=GGxGG;rbs_spacer=5-10bp;gc_cont=0.703	WP_003900204.1 MULTISPECIES: D-xylulose kinase [Mycobacterium]	100	99.8	0.0
NZ_JAMQGJ010000004.1_13|10783|11685|1|ID=1_13;partial=00;start_type=GTG;rbs_motif=GGxGG;rbs_spacer=5-10bp;gc_cont=0.694	WP_016720634.1 MULTISPECIES: D-3-phosphoglycerate dehydrogenase SerA [Mycobacterium]	99.7	99.7	1.21e-209
NZ_JAMQGJ010000004.1_14|11682|12338|1|ID=1_14;partial=00;start_type=ATG;rbs_motif=GGAGG;rbs_spacer=5-10bp;gc_cont=0.676	WP_003403695.1 MULTISPECIES: L-fuculose-phosphate aldolase [Mycobacterium]	100	99.5	1.04e-156
NZ_JAMQGJ010000004.1_15|12541|13644|1|ID=1_15;partial=00;start_type=ATG;rbs_motif=GGAG/GAGG;rbs_spacer=5-10bp;gc_cont=0.626	WP_310935288.1 class I SAM-dependent methyltransferase [Mycobacterium tuberculosis]	100	99.7	5.84e-265
NZ_JAMQGJ010000004.1_16|13737|14642|1|ID=1_16;partial=00;start_type=ATG;rbs_motif=GGA/GAG/AGG;rbs_spacer=5-10bp;gc_cont=0.640	WP_003403687.1 class I SAM-dependent methyltransferase [Mycobacterium tuberculosis]	100	99.7	1.14e-215
NZ_JAMQGJ010000004.1_17|14647|16518|-1|ID=1_17;partial=00;start_type=ATG;rbs_motif=None;rbs_spacer=None;gc_cont=0.669	WP_003898564.1 signal peptide peptidase SppA [Mycobacterium tuberculosis]	100	99.8	0.0
NZ_JAMQGJ010000004.1_18|16551|16991|-1|ID=1_18;partial=00;start_type=GTG;rbs_motif=GGAGG;rbs_spacer=5-10bp;gc_cont=0.669	WP_003898563.1 MULTISPECIES: 50S ribosomal protein L15 [Mycobacterium]	100	99.3	1.39e-94
NZ_JAMQGJ010000004.1_19|16991|17188|-1|ID=1_19;partial=00;start_type=ATG;rbs_motif=3Base/5BMM;rbs_spacer=13-15bp;gc_cont=0.626	WP_003403683.1 MULTISPECIES: 50S ribosomal protein L30 [Mycobacterium]	100	98.5	3.32e-35
NZ_JAMQGJ010000004.1_20|17191|17853|-1|ID=1_20;partial=00;start_type=ATG;rbs_motif=GGAGG;rbs_spacer=5-10bp;gc_cont=0.677	WP_003403680.1 MULTISPECIES: 30S ribosomal protein S5 [Mycobacterium]	100	99.5	1.83e-142
NZ_JAMQGJ010000004.1_21|17873|18241|-1|ID=1_21;partial=00;start_type=ATG;rbs_motif=GGA/GAG/AGG;rbs_spacer=5-10bp;gc_cont=0.686	WP_003403677.1 MULTISPECIES: 50S ribosomal protein L18 [Bacteria]	100	99.2	4.47e-75
NZ_JAMQGJ010000004.1_22|18244|18783|-1|ID=1_22;partial=00;start_type=ATG;rbs_motif=GGAG/GAGG;rbs_spacer=5-10bp;gc_cont=0.619	WP_003403673.1 MULTISPECIES: 50S ribosomal protein L6 [Mycobacterium]	100	99.4	2.08e-121
NZ_JAMQGJ010000004.1_23|18807|19205|-1|ID=1_23;partial=00;start_type=ATG;rbs_motif=AGGAG;rbs_spacer=5-10bp;gc_cont=0.632	WP_003403669.1 MULTISPECIES: 30S ribosomal protein S8 [Mycobacterium]	100	99.2	2.41e-86
NZ_JAMQGJ010000004.1_24|19369|19554|-1|ID=1_24;partial=00;start_type=ATG;rbs_motif=AGGAG;rbs_spacer=5-10bp;gc_cont=0.645	WP_003403667.1 MULTISPECIES: type Z 30S ribosomal protein S14 [Mycobacterium]	100	98.4	1.07e-36
NZ_JAMQGJ010000004.1_25|19559|20122|-1|ID=1_25;partial=00;start_type=ATG;rbs_motif=AGGA;rbs_spacer=5-10bp;gc_cont=0.631	WP_003403660.1 MULTISPECIES: 50S ribosomal protein L5 [Mycobacterium]	100	99.5	4.32e-127
NZ_JAMQGJ010000004.1_26|20122|20439|-1|ID=1_26;partial=00;start_type=ATG;rbs_motif=GGAGG;rbs_spacer=5-10bp;gc_cont=0.610	WP_003403654.1 MULTISPECIES: 50S ribosomal protein L24 [Mycobacterium]	100	99.1	5.42e-68
NZ_JAMQGJ010000004.1_27|20440|20808|-1|ID=1_27;partial=00;start_type=GTG;rbs_motif=AGGAG;rbs_spacer=5-10bp;gc_cont=0.631	WP_003403649.1 MULTISPECIES: 50S ribosomal protein L14 [Mycobacteriaceae]	100	99.2	2.05e-80
NZ_JAMQGJ010000004.1_28|21294|22154|-1|ID=1_28;partial=00;start_type=ATG;rbs_motif=None;rbs_spacer=None;gc_cont=0.613	WP_003901006.1 DUF4436 domain-containing protein [Mycobacterium tuberculosis]	100	99.7	6.46e-205
NZ_JAMQGJ010000004.1_29|22536|23393|-1|ID=1_29;partial=00;start_type=ATG;rbs_motif=GGA/GAG/AGG;rbs_spacer=5-10bp;gc_cont=0.670	WP_070891752.1 formylglycine-generating enzyme family protein [Mycobacterium tuberculosis]	100	99.7	3.23e-224
NZ_JAMQGJ010000004.1_30|23483|25846|-1|ID=1_30;partial=00;start_type=ATG;rbs_motif=GGAG/GAGG;rbs_spacer=5-10bp;gc_cont=0.629	WP_003898561.1 MULTISPECIES: arylsulfatase AtsA [Mycobacterium]	100	99.9	0.0
NZ_JAMQGJ010000004.1_31|26015|26422|-1|ID=1_31;partial=00;start_type=ATG;rbs_motif=AGGA;rbs_spacer=5-10bp;gc_cont=0.630	WP_003898560.1 30S ribosomal protein S17 [Mycobacterium tuberculosis]	100	99.3	2.78e-82
NZ_JAMQGJ010000004.1_32|26422|26655|-1|ID=1_32;partial=00;start_type=ATG;rbs_motif=AGGAG;rbs_spacer=5-10bp;gc_cont=0.615	WP_003403594.1 MULTISPECIES: 50S ribosomal protein L29 [Bacillati]	100	98.7	1.08e-43
NZ_JAMQGJ010000004.1_33|26655|27071|-1|ID=1_33;partial=00;start_type=ATG;rbs_motif=GGAG/GAGG;rbs_spacer=5-10bp;gc_cont=0.614	WP_003403592.1 MULTISPECIES: 50S ribosomal protein L16 [Mycobacterium]	100	99.3	3.35e-98
NZ_JAMQGJ010000004.1_34|27075|27899|-1|ID=1_34;partial=00;start_type=GTG;rbs_motif=GGAGG;rbs_spacer=5-10bp;gc_cont=0.672	WP_050173764.1 30S ribosomal protein S3, partial [Mycobacterium tuberculosis]	100	83.3	2.17e-141
NZ_JAMQGJ010000004.1_35|27899|28492|-1|ID=1_35;partial=00;start_type=ATG;rbs_motif=GGA/GAG/AGG;rbs_spacer=5-10bp;gc_cont=0.687	WP_003403587.1 MULTISPECIES: 50S ribosomal protein L22 [Mycobacterium]	100	99.5	1.24e-85
NZ_JAMQGJ010000004.1_36|28489|28770|-1|ID=1_36;partial=00;start_type=ATG;rbs_motif=AGGAG;rbs_spacer=5-10bp;gc_cont=0.585	WP_003403584.1 MULTISPECIES: 30S ribosomal protein S19 [Mycobacterium]	100	98.9	1.66e-61
NZ_JAMQGJ010000004.1_37|28811|29653|-1|ID=1_37;partial=00;start_type=ATG;rbs_motif=None;rbs_spacer=None;gc_cont=0.651	WP_003403582.1 MULTISPECIES: 50S ribosomal protein L2 [Mycobacterium]	100	99.6	1.13e-200
NZ_JAMQGJ010000004.1_38|29800|30102|-1|ID=1_38;partial=00;start_type=ATG;rbs_motif=AGGAGG;rbs_spacer=5-10bp;gc_cont=0.617	WP_003403581.1 MULTISPECIES: 50S ribosomal protein L23 [Mycobacterium]	100	99.0	1.17e-62
NZ_JAMQGJ010000004.1_39|30102|30773|-1|ID=1_39;partial=00;start_type=ATG;rbs_motif=GGAG/GAGG;rbs_spacer=5-10bp;gc_cont=0.673	WP_003403580.1 MULTISPECIES: 50S ribosomal protein L4 [Mycobacterium]	100	99.6	1.29e-148
NZ_JAMQGJ010000004.1_40|30773|31426|-1|ID=1_40;partial=00;start_type=ATG;rbs_motif=GGA/GAG/AGG;rbs_spacer=5-10bp;gc_cont=0.641	WP_070896942.1 50S ribosomal protein L3 [Mycobacterium tuberculosis]	96.8	99.5	4.48e-137
NZ_JAMQGJ010000004.1_41|31443|31748|-1|ID=1_41;partial=00;start_type=GTG;rbs_motif=GGAG/GAGG;rbs_spacer=5-10bp;gc_cont=0.611	WP_003403578.1 MULTISPECIES: 30S ribosomal protein S10 [Mycobacterium]	100	99.0	7.86e-66
NZ_JAMQGJ010000004.1_43|33863|35221|-1|ID=1_43;partial=00;start_type=ATG;rbs_motif=GGA/GAG/AGG;rbs_spacer=5-10bp;gc_cont=0.637	WP_003403503.1 MULTISPECIES: mycofactocin dehydrogenase MftG [Mycobacterium]	100	99.8	0.0
NZ_JAMQGJ010000004.1_44|35304|36716|-1|ID=1_44;partial=00;start_type=ATG;rbs_motif=AGGAG/GGAGG;rbs_spacer=11-12bp;gc_cont=0.663	WP_003403501.1 MULTISPECIES: mycofactocin biosynthesis glycosyltransferase MftF [Mycobacterium]	100	99.8	0.0
NZ_JAMQGJ010000004.1_45|36765|37430|-1|ID=1_45;partial=00;start_type=GTG;rbs_motif=None;rbs_spacer=None;gc_cont=0.695	WP_003403497.1 MULTISPECIES: mycofactocin biosynthesis peptidyl-dipeptidase MftE [Mycobacterium]	99.5	99.5	7.00e-159
NZ_JAMQGJ010000004.1_46|37710|38900|-1|ID=1_46;partial=00;start_type=GTG;rbs_motif=None;rbs_spacer=None;gc_cont=0.655	WP_003898557.1 MULTISPECIES: pre-mycofactocin synthase MftD [Mycobacterium]	100	99.7	1.22e-283
NZ_JAMQGJ010000004.1_47|38903|40078|-1|ID=1_47;partial=00;start_type=ATG;rbs_motif=None;rbs_spacer=None;gc_cont=0.660	WP_003403490.1 MULTISPECIES: mycofactocin radical SAM maturase [Mycobacterium]	100	99.7	1.19e-292
NZ_JAMQGJ010000004.1_48|40075|40404|-1|ID=1_48;partial=00;start_type=GTG;rbs_motif=None;rbs_spacer=None;gc_cont=0.636	WP_003403486.1 MULTISPECIES: mycofactocin biosynthesis chaperone MftB [Mycobacterium]	100	99.1	1.46e-76
NZ_JAMQGJ010000004.1_49|40389|40478|-1|ID=1_49;partial=00;start_type=ATG;rbs_motif=GGA/GAG/AGG;rbs_spacer=5-10bp;gc_cont=0.533	WP_003403483.1 MULTISPECIES: mycofactocin precursor MftA [Mycobacteriaceae]	100	96.7	6.18e-12
NZ_JAMQGJ010000004.1_50|40569|41165|1|ID=1_50;partial=00;start_type=ATG;rbs_motif=GGA/GAG/AGG;rbs_spacer=5-10bp;gc_cont=0.605	WP_003403482.1 MULTISPECIES: mycofactocin system transcriptional regulator [Mycobacterium]	100	99.5	8.99e-139
NZ_JAMQGJ010000004.1_51|41162|42211|1|ID=1_51;partial=00;start_type=GTG;rbs_motif=GGA/GAG/AGG;rbs_spacer=11-12bp;gc_cont=0.672	WP_003403477.1 MULTISPECIES: DUF2332 domain-containing protein [Mycobacterium]	100	99.7	6.24e-260
NZ_JAMQGJ010000004.1_52|42815|43063|-1|ID=1_52;partial=00;start_type=GTG;rbs_motif=GGA/GAG/AGG;rbs_spacer=5-10bp;gc_cont=0.739	WP_178121162.1 MULTISPECIES: hypothetical protein [Mycobacterium]	100	98.8	3.88e-55
NZ_JAMQGJ010000004.1_53|43075|44295|-1|ID=1_53;partial=00;start_type=ATG;rbs_motif=None;rbs_spacer=None;gc_cont=0.648	WP_015629662.1 MULTISPECIES: NAD(P)/FAD-dependent oxidoreductase [Mycobacterium]	100	99.8	4.32e-289
NZ_JAMQGJ010000004.1_54|44309|45055|-1|ID=1_54;partial=00;start_type=GTG;rbs_motif=AGGA/GGAG/GAGG;rbs_spacer=11-12bp;gc_cont=0.633	WP_234883349.1 Rv0687 family mycofactocin-dependent SDR oxidoreductase, partial [Mycobacterium tuberculosis]	99.6	99.6	2.52e-172
NZ_JAMQGJ010000004.1_55|45289|46086|-1|ID=1_55;partial=00;start_type=GTG;rbs_motif=AGGAG;rbs_spacer=5-10bp;gc_cont=0.610	WP_003403465.1 MULTISPECIES: SHOCT domain-containing protein [Mycobacterium]	100	99.6	1.27e-169
NZ_JAMQGJ010000004.1_56|46224|47414|-1|ID=1_56;partial=00;start_type=GTG;rbs_motif=AGGAG;rbs_spacer=5-10bp;gc_cont=0.641	WP_003403463.1 MULTISPECIES: elongation factor Tu [Mycobacterium]	100	99.7	1.05e-284
NZ_JAMQGJ010000004.1_57|47645|49750|-1|ID=1_57;partial=00;start_type=GTG;rbs_motif=GGA/GAG/AGG;rbs_spacer=5-10bp;gc_cont=0.623	WP_003898554.1 MULTISPECIES: elongation factor G [Mycobacterium]	100	99.9	0.0
NZ_JAMQGJ010000004.1_58|49831|50301|-1|ID=1_58;partial=00;start_type=ATG;rbs_motif=AGGAG;rbs_spacer=5-10bp;gc_cont=0.633	WP_003403456.1 MULTISPECIES: 30S ribosomal protein S7 [Mycobacterium]	100	99.4	8.84e-105
NZ_JAMQGJ010000004.1_59|50301|50675|-1|ID=1_59;partial=00;start_type=ATG;rbs_motif=None;rbs_spacer=None;gc_cont=0.624	WP_003403453.1 MULTISPECIES: 30S ribosomal protein S12 [Mycobacterium]	100	99.2	1.13e-78
NZ_JAMQGJ010000004.1_60|50924|51580|-1|ID=1_60;partial=00;start_type=ATG;rbs_motif=GGA/GAG/AGG;rbs_spacer=5-10bp;gc_cont=0.662	WP_349649744.1 TetR/AcrR family transcriptional regulator [Mycobacterium canetti]	99.1	99.5	7.25e-148
NZ_JAMQGJ010000004.1_61|51819|52193|1|ID=1_61;partial=00;start_type=GTG;rbs_motif=AGxAGG/AGGxGG;rbs_spacer=5-10bp;gc_cont=0.632	WP_003403448.1 MULTISPECIES: DUF3060 domain-containing protein [Mycobacterium]	100	99.2	1.49e-83
NZ_JAMQGJ010000004.1_62|52210|52692|1|ID=1_62;partial=00;start_type=TTG;rbs_motif=GGA/GAG/AGG;rbs_spacer=5-10bp;gc_cont=0.646	WP_049960178.1 DUF3060 domain-containing protein [Mycobacterium tuberculosis]	98.8	99.4	1.22e-73
NZ_JAMQGJ010000004.1_63|52748|53254|-1|ID=1_63;partial=00;start_type=GTG;rbs_motif=GGA/GAG/AGG;rbs_spacer=3-4bp;gc_cont=0.647	WP_003403442.1 MULTISPECIES: siderophore transport transcriptional regulator MmpR5 [Mycobacteriaceae]	99.4	97.6	9.06e-110
NZ_JAMQGJ010000004.1_64|53330|53758|1|ID=1_64;partial=00;start_type=ATG;rbs_motif=GGAG/GAGG;rbs_spacer=5-10bp;gc_cont=0.615	WP_003403439.1 MULTISPECIES: siderophore transporter accessory protein MmpS5 [Mycobacterium]	100	99.3	2.52e-95
NZ_JAMQGJ010000004.1_65|53755|56649|1|ID=1_65;partial=00;start_type=ATG;rbs_motif=None;rbs_spacer=None;gc_cont=0.635	WP_072460182.1 siderophore RND transporter MmpL5 [Mycobacterium tuberculosis]	100	99.9	0.0
NZ_JAMQGJ010000004.1_66|56661|57452|-1|ID=1_66;partial=00;start_type=ATG;rbs_motif=GGAGG;rbs_spacer=3-4bp;gc_cont=0.698	WP_003403433.1 MULTISPECIES: crotonase/enoyl-CoA hydratase family protein [Mycobacterium]	100	99.6	1.15e-180
NZ_JAMQGJ010000004.1_67|57449|58171|-1|ID=1_67;partial=00;start_type=ATG;rbs_motif=None;rbs_spacer=None;gc_cont=0.669	WP_003403429.1 MULTISPECIES: PaaX family transcriptional regulator C-terminal domain-containing protein [Mycobacterium]	100	99.6	7.55e-170
NZ_JAMQGJ010000004.1_68|58174|59112|-1|ID=1_68;partial=00;start_type=ATG;rbs_motif=GGA/GAG/AGG;rbs_spacer=5-10bp;gc_cont=0.673	WP_003403426.1 MULTISPECIES: crotonase/enoyl-CoA hydratase family protein [Mycobacterium]	100	99.7	1.92e-224
NZ_JAMQGJ010000004.1_69|59123|60751|-1|ID=1_69;partial=00;start_type=ATG;rbs_motif=None;rbs_spacer=None;gc_cont=0.669	WP_234777598.1 acyl-CoA dehydrogenase family protein [Mycobacterium tuberculosis]	100	99.8	0.0
NZ_JAMQGJ010000004.1_70|60811|61653|-1|ID=1_70;partial=00;start_type=ATG;rbs_motif=None;rbs_spacer=None;gc_cont=0.660	WP_003403421.1 MULTISPECIES: alpha/beta hydrolase family esterase [Mycobacterium]	100	99.6	1.81e-206
NZ_JAMQGJ010000004.1_71|61685|62443|-1|ID=1_71;partial=00;start_type=GTG;rbs_motif=None;rbs_spacer=None;gc_cont=0.659	WP_003403419.1 MULTISPECIES: deoxyribonuclease IV [Mycobacterium]	100	99.6	1.47e-182
NZ_JAMQGJ010000004.1_72|62638|64551|1|ID=1_72;partial=00;start_type=ATG;rbs_motif=GGAGG;rbs_spacer=5-10bp;gc_cont=0.652	WP_003900995.1 MULTISPECIES: neutral ceramidase [Mycobacterium]	100	99.8	0.0
NZ_JAMQGJ010000004.1_73|64694|64807|-1|ID=1_73;partial=00;start_type=ATG;rbs_motif=GGA/GAG/AGG;rbs_spacer=5-10bp;gc_cont=0.693	WP_235632529.1 DNA-directed RNA polymerase subunit beta' [Mycobacterium tuberculosis]	100	97.4	6.24e-15
NZ_JAMQGJ010000004.1_74|64915|68865|-1|ID=1_74;partial=00;start_type=GTG;rbs_motif=GGA/GAG/AGG;rbs_spacer=5-10bp;gc_cont=0.651	WP_003403413.1 MULTISPECIES: DNA-directed RNA polymerase subunit beta' [Mycobacterium]	100	99.9	0.0
NZ_JAMQGJ010000004.1_75|68910|72428|-1|ID=1_75;partial=00;start_type=TTG;rbs_motif=AGGA;rbs_spacer=5-10bp;gc_cont=0.644	WP_003900992.1 MULTISPECIES: DNA-directed RNA polymerase subunit beta [Mycobacterium]	100	99.9	0.0
NZ_JAMQGJ010000004.1_77|73096|73434|-1|ID=1_77;partial=00;start_type=GTG;rbs_motif=None;rbs_spacer=None;gc_cont=0.649	WP_003403405.1 MULTISPECIES: PIN domain-containing protein [Mycobacterium]	100	99.1	2.06e-64
NZ_JAMQGJ010000004.1_78|73735|76098|-1|ID=1_78;partial=00;start_type=ATG;rbs_motif=GGAGG;rbs_spacer=3-4bp;gc_cont=0.643	WP_003403397.1 MULTISPECIES: arylsulfatase AtsD [Mycobacterium]	100	99.9	0.0
NZ_JAMQGJ010000004.1_79|76212|76466|1|ID=1_79;partial=00;start_type=ATG;rbs_motif=None;rbs_spacer=None;gc_cont=0.722	WP_003911263.1 MULTISPECIES: antitoxin VapB7 [Mycobacterium]	100	98.8	8.11e-49
NZ_JAMQGJ010000004.1_80|76463|76900|1|ID=1_80;partial=00;start_type=ATG;rbs_motif=None;rbs_spacer=None;gc_cont=0.683	WP_003403386.1 MULTISPECIES: type II toxin-antitoxin system VapC family toxin [Mycobacterium]	100	99.3	6.13e-93
NZ_JAMQGJ010000004.1_81|77004|77255|1|ID=1_81;partial=00;start_type=ATG;rbs_motif=None;rbs_spacer=None;gc_cont=0.710	WP_015287885.1 ribbon-helix-helix protein, CopG family [Mycobacterium canetti]	98.8	98.8	3.31e-52
NZ_JAMQGJ010000004.1_82|77317|77550|1|ID=1_82;partial=00;start_type=GTG;rbs_motif=GGA/GAG/AGG;rbs_spacer=5-10bp;gc_cont=0.654	WP_368627467.1 type II toxin-antitoxin system PemK/MazF family toxin [Mycobacterium tuberculosis]	98.7	98.7	4.79e-45
NZ_JAMQGJ010000004.1_83|77826|78542|1|ID=1_83;partial=00;start_type=GTG;rbs_motif=None;rbs_spacer=None;gc_cont=0.654	WP_003403371.1 MULTISPECIES: CPBP family intramembrane glutamic endopeptidase [Mycobacterium]	100	99.6	7.16e-158
NZ_JAMQGJ010000004.1_84|78618|78773|1|ID=1_84;partial=00;start_type=GTG;rbs_motif=AGGAG;rbs_spacer=5-10bp;gc_cont=0.647	WP_003403368.1 MULTISPECIES: type II toxin-antitoxin system VapB family antitoxin [Mycobacterium]	100	98.1	2.18e-25
NZ_JAMQGJ010000004.1_85|79000|79251|1|ID=1_85;partial=00;start_type=ATG;rbs_motif=GGA/GAG/AGG;rbs_spacer=5-10bp;gc_cont=0.643	WP_368627193.1 VapC toxin family PIN domain ribonuclease [Mycobacterium tuberculosis]	100	98.8	9.14e-52
NZ_JAMQGJ010000004.1_86|79639|80649|-1|ID=1_86;partial=00;start_type=ATG;rbs_motif=AGxAGG/AGGxGG;rbs_spacer=5-10bp;gc_cont=0.633	WP_003911248.1 MULTISPECIES: ABC transporter ATP-binding protein [Mycobacterium]	100	99.7	2.76e-236
NZ_JAMQGJ010000004.1_87|80730|82235|-1|ID=1_87;partial=00;start_type=ATG;rbs_motif=AGGAG;rbs_spacer=5-10bp;gc_cont=0.668	WP_003403360.1 MULTISPECIES: carotenoid cleavage oxygenase [Mycobacterium]	100	99.8	0.0
NZ_JAMQGJ010000004.1_88|82306|83001|1|ID=1_88;partial=00;start_type=ATG;rbs_motif=GGA/GAG/AGG;rbs_spacer=11-12bp;gc_cont=0.671	WP_003403355.1 MULTISPECIES: TetR/AcrR family transcriptional regulator [Mycobacterium]	100	99.6	1.25e-159
NZ_JAMQGJ010000004.1_89|82994|83386|-1|ID=1_89;partial=00;start_type=ATG;rbs_motif=AGGA;rbs_spacer=5-10bp;gc_cont=0.674	WP_003403353.1 MULTISPECIES: 50S ribosomal protein L7/L12 [Mycobacterium]	100	99.2	8.90e-63
NZ_JAMQGJ010000004.1_90|83423|83959|-1|ID=1_90;partial=00;start_type=ATG;rbs_motif=AGGAG;rbs_spacer=5-10bp;gc_cont=0.672	WP_003403341.1 MULTISPECIES: 50S ribosomal protein L10 [Mycobacterium]	100	99.4	3.17e-111
NZ_JAMQGJ010000004.1_91|84290|85198|-1|ID=1_91;partial=00;start_type=ATG;rbs_motif=None;rbs_spacer=None;gc_cont=0.751	WP_003403330.1 MULTISPECIES: ROK family protein [Mycobacterium]	100	99.7	6.03e-207
NZ_JAMQGJ010000004.1_92|85198|85872|-1|ID=1_92;partial=00;start_type=ATG;rbs_motif=GGA/GAG/AGG;rbs_spacer=5-10bp;gc_cont=0.770	WP_003403326.1 MULTISPECIES: DUF7158 domain-containing protein [Mycobacterium]	100	99.6	3.16e-145
NZ_JAMQGJ010000004.1_93|85869|90065|-1|ID=1_93;partial=00;start_type=ATG;rbs_motif=GGA/GAG/AGG;rbs_spacer=5-10bp;gc_cont=0.717	WP_003917325.1 MULTISPECIES: NEW3 domain-containing protein [Mycobacterium]	100	99.9	0.0
NZ_JAMQGJ010000004.1_94|90151|91617|1|ID=1_94;partial=00;start_type=ATG;rbs_motif=None;rbs_spacer=None;gc_cont=0.658	WP_003403317.1 ABC1 kinase family protein [Mycobacterium tuberculosis]	100	99.8	0.0
NZ_JAMQGJ010000004.1_95|91629|92534|1|ID=1_95;partial=00;start_type=GTG;rbs_motif=GGAG/GAGG;rbs_spacer=5-10bp;gc_cont=0.679	WP_003403314.1 MULTISPECIES: lipase/esterase LipG [Mycobacterium]	100	99.7	6.61e-215
NZ_JAMQGJ010000004.1_96|92581|93441|1|ID=1_96;partial=00;start_type=ATG;rbs_motif=GGAGG;rbs_spacer=5-10bp;gc_cont=0.599	WP_003403310.1 MULTISPECIES: mycolic acid methyltransferase MmaA1 [Mycobacterium]	100	99.7	2.04e-206
NZ_JAMQGJ010000004.1_97|93608|94471|1|ID=1_97;partial=00;start_type=ATG;rbs_motif=GGA/GAG/AGG;rbs_spacer=11-12bp;gc_cont=0.627	WP_003900985.1 MULTISPECIES: cyclopropane mycolic acid synthase MmaA2 [Mycobacterium]	100	99.7	2.05e-211
NZ_JAMQGJ010000004.1_98|94619|95500|1|ID=1_98;partial=00;start_type=ATG;rbs_motif=GGAGG;rbs_spacer=3-4bp;gc_cont=0.592	WP_003403302.1 MULTISPECIES: methoxy mycolic acid synthase MmaA3 [Mycobacterium]	100	99.7	2.40e-213
NZ_JAMQGJ010000004.1_99|95574|96470|1|ID=1_99;partial=00;start_type=ATG;rbs_motif=AGGAG/GGAGG;rbs_spacer=11-12bp;gc_cont=0.603	WP_003900195.1 MULTISPECIES: hydroxymycolate synthase MmaA4 [Mycobacterium]	100	99.7	2.41e-223
NZ_JAMQGJ010000004.1_100|96544|97251|-1|ID=1_100;partial=00;start_type=ATG;rbs_motif=GGA/GAG/AGG;rbs_spacer=5-10bp;gc_cont=0.645	WP_003403292.1 MULTISPECIES: 50S ribosomal protein L1 [Mycobacterium]	100	99.6	6.64e-157
NZ_JAMQGJ010000004.1_101|97318|97746|-1|ID=1_101;partial=00;start_type=ATG;rbs_motif=AGGA/GGAG/GAGG;rbs_spacer=11-12bp;gc_cont=0.634	WP_003403291.1 MULTISPECIES: 50S ribosomal protein L11 [Mycobacterium]	100	99.3	3.45e-93
NZ_JAMQGJ010000004.1_102|97798|98514|-1|ID=1_102;partial=00;start_type=GTG;rbs_motif=GGAG/GAGG;rbs_spacer=5-10bp;gc_cont=0.640	WP_003403288.1 MULTISPECIES: transcription termination/antitermination protein NusG [Mycobacterium]	100	99.6	1.29e-160
NZ_JAMQGJ010000004.1_103|98546|99031|-1|ID=1_103;partial=00;start_type=GTG;rbs_motif=AGGAG;rbs_spacer=5-10bp;gc_cont=0.646	WP_031654427.1 preprotein translocase subunit SecE [Mycobacterium tuberculosis]	94.4	99.4	5.10e-86
NZ_JAMQGJ010000004.1_104|99443|99943|-1|ID=1_104;partial=00;start_type=ATG;rbs_motif=None;rbs_spacer=None;gc_cont=0.601	WP_003403282.1 MULTISPECIES: (3R)-hydroxyacyl-ACP dehydratase subunit HadC [Mycobacterium]	100	99.4	8.68e-119
NZ_JAMQGJ010000004.1_105|99947|100375|-1|ID=1_105;partial=00;start_type=ATG;rbs_motif=GGAG/GAGG;rbs_spacer=5-10bp;gc_cont=0.622	WP_003903106.1 MULTISPECIES: (3R)-hydroxyacyl-ACP dehydratase subunit HadB [Mycobacterium]	100	99.3	4.36e-96
NZ_JAMQGJ010000004.1_106|100362|100838|-1|ID=1_106;partial=00;start_type=GTG;rbs_motif=GGA/GAG/AGG;rbs_spacer=5-10bp;gc_cont=0.597	WP_003403277.1 MULTISPECIES: (3R)-hydroxyacyl-ACP dehydratase subunit HadA [Mycobacterium]	100	99.4	6.70e-110
NZ_JAMQGJ010000004.1_107|100889|101056|-1|ID=1_107;partial=00;start_type=ATG;rbs_motif=GGA/GAG/AGG;rbs_spacer=5-10bp;gc_cont=0.577	WP_003898538.1 MULTISPECIES: 50S ribosomal protein L33 [Mycobacteriaceae]	100	98.2	1.38e-34
NZ_JAMQGJ010000004.1_108|101404|101616|-1|ID=1_108;partial=00;start_type=ATG;rbs_motif=3Base/5BMM;rbs_spacer=13-15bp;gc_cont=0.615	WP_003898537.1 MULTISPECIES: type II toxin-antitoxin system VapB family antitoxin [Mycobacterium]	100	98.6	1.56e-42
NZ_JAMQGJ010000004.1_109|101735|102448|1|ID=1_109;partial=00;start_type=GTG;rbs_motif=GGA/GAG/AGG;rbs_spacer=5-10bp;gc_cont=0.616	WP_003403266.1 MULTISPECIES: MBL fold metallo-hydrolase [Mycobacterium]	100	99.6	5.79e-177
NZ_JAMQGJ010000004.1_110|102614|103441|1|ID=1_110;partial=00;start_type=ATG;rbs_motif=GGA/GAG/AGG;rbs_spacer=11-12bp;gc_cont=0.662	WP_015629641.1 MULTISPECIES: hypothetical protein [Mycobacterium]	100	99.6	4.40e-201
NZ_JAMQGJ010000004.1_111|103490|104185|1|ID=1_111;partial=00;start_type=ATG;rbs_motif=None;rbs_spacer=None;gc_cont=0.636	WP_003403259.1 MULTISPECIES: crotonase/enoyl-CoA hydratase family protein [Mycobacterium]	100	99.6	4.68e-155
NZ_JAMQGJ010000004.1_112|104462|107755|1|ID=1_112;partial=00;start_type=ATG;rbs_motif=GGA/GAG/AGG;rbs_spacer=5-10bp;gc_cont=0.716	WP_003900193.1 MULTISPECIES: exodeoxyribonuclease V subunit gamma [Mycobacterium]	100	99.9	0.0
NZ_JAMQGJ010000004.1_113|107755|111039|1|ID=1_113;partial=00;start_type=ATG;rbs_motif=GGA/GAG/AGG;rbs_spacer=5-10bp;gc_cont=0.701	WP_079012823.1 exodeoxyribonuclease V subunit gamma [Mycobacterium tuberculosis]	100	99.9	0.0
NZ_JAMQGJ010000004.1_114|111036|112763|1|ID=1_114;partial=00;start_type=GTG;rbs_motif=GGA/GAG/AGG;rbs_spacer=5-10bp;gc_cont=0.700	WP_003900979.1 MULTISPECIES: exodeoxyribonuclease V subunit alpha [Mycobacterium]	100	99.8	0.0
NZ_JAMQGJ010000004.1_115|112856|114007|1|ID=1_115;partial=00;start_type=GTG;rbs_motif=None;rbs_spacer=None;gc_cont=0.722	WP_003403248.1 MULTISPECIES: FIST signal transduction protein [Mycobacterium]	100	99.7	1.40e-271
NZ_JAMQGJ010000004.1_116|114079|114486|-1|ID=1_116;partial=00;start_type=GTG;rbs_motif=4Base/6BMM;rbs_spacer=13-15bp;gc_cont=0.691	WP_003403246.1 MULTISPECIES: type II toxin-antitoxin system VapC family toxin [Mycobacterium]	100	99.3	1.61e-81
NZ_JAMQGJ010000004.1_117|114483|114743|-1|ID=1_117;partial=00;start_type=ATG;rbs_motif=3Base/5BMM;rbs_spacer=13-15bp;gc_cont=0.701	WP_003403244.1 MULTISPECIES: type II toxin-antitoxin system Phd/YefM family antitoxin [Mycobacterium]	100	98.9	4.11e-52
NZ_JAMQGJ010000004.1_118|114875|115615|1|ID=1_118;partial=00;start_type=ATG;rbs_motif=3Base/5BMM;rbs_spacer=13-15bp;gc_cont=0.696	WP_031698461.1 TVP38/TMEM64 family protein [Mycobacterium tuberculosis]	97.6	99.6	4.13e-145
NZ_JAMQGJ010000004.1_119|115709|116104|-1|ID=1_119;partial=00;start_type=ATG;rbs_motif=GGA/GAG/AGG;rbs_spacer=11-12bp;gc_cont=0.641	WP_003403236.1 MULTISPECIES: type II toxin-antitoxin system toxin ribonuclease C30 [Mycobacterium]	100	99.2	1.11e-86
NZ_JAMQGJ010000004.1_120|116104|116358|-1|ID=1_120;partial=00;start_type=ATG;rbs_motif=None;rbs_spacer=None;gc_cont=0.686	WP_003403235.1 MULTISPECIES: type II toxin-antitoxin system antitoxin VapB30 [Mycobacterium]	100	98.8	2.52e-34
NZ_JAMQGJ010000004.1_121|116451|117398|-1|ID=1_121;partial=00;start_type=ATG;rbs_motif=3Base/5BMM;rbs_spacer=13-15bp;gc_cont=0.639	WP_003403232.1 MULTISPECIES: DUF732 domain-containing protein [Mycobacterium]	100	99.7	1.59e-229
NZ_JAMQGJ010000004.1_122|117502|118566|-1|ID=1_122;partial=00;start_type=ATG;rbs_motif=GGAG/GAGG;rbs_spacer=5-10bp;gc_cont=0.697	WP_003898532.1 MULTISPECIES: zinc ribbon domain-containing protein [Mycobacterium]	100	99.7	1.02e-247
NZ_JAMQGJ010000004.1_123|118961|120052|-1|ID=1_123;partial=00;start_type=ATG;rbs_motif=GGA/GAG/AGG;rbs_spacer=5-10bp;gc_cont=0.727	WP_003900977.1 MULTISPECIES: galactokinase [Mycobacterium]	100	99.7	5.88e-247
NZ_JAMQGJ010000004.1_124|120049|120519|-1|ID=1_124;partial=00;start_type=ATG;rbs_motif=None;rbs_spacer=None;gc_cont=0.637	WP_003900190.1 MULTISPECIES: galactose-1-phosphate uridylyltransferase [Mycobacterium]	100	99.4	1.78e-104
NZ_JAMQGJ010000004.1_125|120537|121232|-1|ID=1_125;partial=00;start_type=ATG;rbs_motif=4Base/6BMM;rbs_spacer=13-15bp;gc_cont=0.704	WP_015629632.1 MULTISPECIES: galactose-1-phosphate uridylyltransferase galTa [Mycobacterium]	99.5	84.9	2.63e-144
NZ_JAMQGJ010000004.1_126|121361|121762|-1|ID=1_126;partial=00;start_type=GTG;rbs_motif=GGAG/GAGG;rbs_spacer=5-10bp;gc_cont=0.647	WP_003403218.1 MULTISPECIES: type II toxin-antitoxin system ribonuclease VapC29 [Mycobacterium]	100	99.3	7.73e-88
NZ_JAMQGJ010000004.1_127|121759|121986|-1|ID=1_127;partial=00;start_type=GTG;rbs_motif=AGGA;rbs_spacer=5-10bp;gc_cont=0.640	WP_003403213.1 MULTISPECIES: antitoxin VapB29 [Mycobacterium]	100	98.7	4.65e-44
NZ_JAMQGJ010000004.1_128|122181|122420|-1|ID=1_128;partial=00;start_type=ATG;rbs_motif=GGAG/GAGG;rbs_spacer=5-10bp;gc_cont=0.683	WP_003403210.1 MULTISPECIES: hypothetical protein [Mycobacterium]	100	98.8	1.56e-44
NZ_JAMQGJ010000004.1_129|122420|123169|-1|ID=1_129;partial=00;start_type=GTG;rbs_motif=GGA/GAG/AGG;rbs_spacer=5-10bp;gc_cont=0.659	WP_031682045.1 hypothetical protein [Mycobacterium tuberculosis]	95.2	99.6	8.98e-162
NZ_JAMQGJ010000004.1_130|123253|125820|1|ID=1_130;partial=00;start_type=GTG;rbs_motif=AGxAGG/AGGxGG;rbs_spacer=5-10bp;gc_cont=0.713	WP_031647101.1 MULTISPECIES: SEC-C metal-binding domain-containing protein [Mycobacterium]	100	99.9	0.0
NZ_JAMQGJ010000004.1_131|125839|126387|-1|ID=1_131;partial=00;start_type=ATG;rbs_motif=GGxGG;rbs_spacer=5-10bp;gc_cont=0.703	WP_003911256.1 hypothetical protein [Mycobacterium tuberculosis]	100	99.5	9.11e-122
NZ_JAMQGJ010000004.1_132|126586|126807|1|ID=1_132;partial=00;start_type=ATG;rbs_motif=AGGAG;rbs_spacer=5-10bp;gc_cont=0.644	WP_003898525.1 MULTISPECIES: DUF4926 domain-containing protein [Mycobacterium]	100	98.6	8.15e-44
NZ_JAMQGJ010000004.1_133|126859|127665|1|ID=1_133;partial=00;start_type=ATG;rbs_motif=None;rbs_spacer=None;gc_cont=0.695	WP_096760577.1 hypothetical protein, partial [Mycobacterium tuberculosis]	100	99.6	5.79e-200
NZ_JAMQGJ010000004.1_134|128096|128293|1|ID=1_134;partial=00;start_type=GTG;rbs_motif=GGAGG;rbs_spacer=3-4bp;gc_cont=0.646	WP_003403191.1 hypothetical protein [Mycobacterium tuberculosis]	100	98.5	1.33e-43
NZ_JAMQGJ010000004.1_135|128881|129282|-1|ID=1_135;partial=00;start_type=GTG;rbs_motif=GGAG/GAGG;rbs_spacer=5-10bp;gc_cont=0.649	WP_003403187.1 MULTISPECIES: type II toxin-antitoxin system VapC family toxin [Mycobacterium]	100	99.3	1.28e-86
NZ_JAMQGJ010000004.1_136|129279|129524|-1|ID=1_136;partial=00;start_type=ATG;rbs_motif=AGxAGG/AGGxGG;rbs_spacer=5-10bp;gc_cont=0.634	WP_003403184.1 MULTISPECIES: type II toxin-antitoxin system VapB family antitoxin [Mycobacterium]	100	98.8	1.81e-46
NZ_JAMQGJ010000004.1_137|129569|130039|-1|ID=1_137;partial=00;start_type=ATG;rbs_motif=GGA/GAG/AGG;rbs_spacer=5-10bp;gc_cont=0.656	WP_003898523.1 MULTISPECIES: hypothetical protein [Mycobacterium]	100	99.4	5.99e-112
NZ_JAMQGJ010000004.1_138|130009|130752|-1|ID=1_138;partial=00;start_type=ATG;rbs_motif=GGAG/GAGG;rbs_spacer=5-10bp;gc_cont=0.664	WP_235626162.1 IS607 family element RNA-guided endonuclease TnpB [Mycobacterium tuberculosis]	100	96.0	2.02e-169
NZ_JAMQGJ010000004.1_139|130754|131338|-1|ID=1_139;partial=00;start_type=ATG;rbs_motif=AGGA;rbs_spacer=5-10bp;gc_cont=0.639	WP_003403171.1 MULTISPECIES: IS607-like element IS1536 family transposase [Mycobacterium]	100	99.5	2.79e-131
NZ_JAMQGJ010000004.1_140|131579|132505|-1|ID=1_140;partial=00;start_type=ATG;rbs_motif=GGAG/GAGG;rbs_spacer=5-10bp;gc_cont=0.696	WP_235626370.1 DUF1259 domain-containing protein, partial [Mycobacterium tuberculosis]	100	99.7	9.30e-215
NZ_JAMQGJ010000004.1_141|132601|132912|-1|ID=1_141;partial=00;start_type=ATG;rbs_motif=AGGAG;rbs_spacer=5-10bp;gc_cont=0.750	WP_003403164.1 MULTISPECIES: PepSY domain-containing protein [Mycobacterium]	100	99.0	5.07e-54
NZ_JAMQGJ010000004.1_142|133035|133730|1|ID=1_142;partial=00;start_type=GTG;rbs_motif=GGA/GAG/AGG;rbs_spacer=5-10bp;gc_cont=0.691	WP_003918099.1 MULTISPECIES: two-component system response regulator TcrA [Mycobacterium]	100	99.6	1.16e-164
NZ_JAMQGJ010000004.1_143|133714|134244|1|ID=1_143;partial=00;start_type=ATG;rbs_motif=GGAGG;rbs_spacer=5-10bp;gc_cont=0.695	WP_031733895.1 two component system sensor kinase HK2 [Mycobacterium tuberculosis]	91.5	99.4	3.81e-102
NZ_JAMQGJ010000004.1_144|134358|134864|1|ID=1_144;partial=00;start_type=GTG;rbs_motif=None;rbs_spacer=None;gc_cont=0.688	WP_003900973.1 MULTISPECIES: two component system sensor kinase HK1 [Mycobacterium]	100	99.4	1.18e-117
NZ_JAMQGJ010000004.1_145|134968|135204|1|ID=1_145;partial=00;start_type=ATG;rbs_motif=None;rbs_spacer=None;gc_cont=0.616	WP_003403139.1 MULTISPECIES: type II toxin-antitoxin system antitoxin VapB27 [Mycobacterium]	100	98.7	8.79e-48
NZ_JAMQGJ010000004.1_146|135201|135614|1|ID=1_146;partial=00;start_type=GTG;rbs_motif=None;rbs_spacer=None;gc_cont=0.659	WP_003403137.1 MULTISPECIES: type II toxin-antitoxin system VapC family toxin [Mycobacterium]	100	99.3	1.73e-86
NZ_JAMQGJ010000004.1_147|135865|137100|1|ID=1_147;partial=00;start_type=ATG;rbs_motif=None;rbs_spacer=None;gc_cont=0.672	WP_003403128.1 MULTISPECIES: ATP-binding protein [Mycobacterium]	100	99.8	9.87e-293
NZ_JAMQGJ010000004.1_148|137283|137540|1|ID=1_148;partial=00;start_type=ATG;rbs_motif=None;rbs_spacer=None;gc_cont=0.643	WP_003403125.1 MULTISPECIES: type II toxin-antitoxin system antitoxin VapB4 [Mycobacterium]	100	98.8	9.38e-53
NZ_JAMQGJ010000004.1_149|137534|137929|1|ID=1_149;partial=00;start_type=GTG;rbs_motif=GGA/GAG/AGG;rbs_spacer=5-10bp;gc_cont=0.641	WP_003403122.1 MULTISPECIES: type II toxin-antitoxin system toxin ribonuclease C4 [Mycobacterium]	99.2	98.5	1.20e-83
NZ_JAMQGJ010000004.1_150|137981|139531|-1|ID=1_150;partial=00;start_type=ATG;rbs_motif=GGA/GAG/AGG;rbs_spacer=5-10bp;gc_cont=0.639	WP_003403119.1 MULTISPECIES: MCE family protein [Mycobacterium]	100	99.8	0.0
NZ_JAMQGJ010000004.1_151|139536|140732|-1|ID=1_151;partial=00;start_type=GTG;rbs_motif=GGAG/GAGG;rbs_spacer=5-10bp;gc_cont=0.635	WP_003403114.1 virulence factor Mce family protein [Mycobacterium tuberculosis]	99.7	99.7	2.36e-283
NZ_JAMQGJ010000004.1_152|140719|142269|-1|ID=1_152;partial=00;start_type=ATG;rbs_motif=GGAGG;rbs_spacer=5-10bp;gc_cont=0.631	WP_211700879.1 virulence factor Mce family protein, partial [Mycobacterium tuberculosis]	100	89.9	4.59e-293
NZ_JAMQGJ010000004.1_153|142266|143711|-1|ID=1_153;partial=00;start_type=ATG;rbs_motif=GGA/GAG/AGG;rbs_spacer=11-12bp;gc_cont=0.654	WP_368610049.1 virulence factor Mce family protein [Mycobacterium tuberculosis]	99.8	99.8	1.24e-287
NZ_JAMQGJ010000004.1_154|143708|144739|-1|ID=1_154;partial=00;start_type=ATG;rbs_motif=3Base/5BMM;rbs_spacer=13-15bp;gc_cont=0.624	WP_003403107.1 MULTISPECIES: MCE family protein [Mycobacterium]	100	99.7	1.81e-240
NZ_JAMQGJ010000004.1_155|144736|145950|-1|ID=1_155;partial=00;start_type=GTG;rbs_motif=None;rbs_spacer=None;gc_cont=0.607	WP_003403104.1 MULTISPECIES: MCE family protein [Mycobacterium]	100	99.8	1.83e-289
NZ_JAMQGJ010000004.1_156|145956|146843|-1|ID=1_156;partial=00;start_type=ATG;rbs_motif=GGA/GAG/AGG;rbs_spacer=5-10bp;gc_cont=0.642	WP_015629616.1 MULTISPECIES: ABC transporter permease [Mycobacterium]	100	99.7	7.14e-191
NZ_JAMQGJ010000004.1_157|146845|147642|-1|ID=1_157;partial=00;start_type=ATG;rbs_motif=GGA/GAG/AGG;rbs_spacer=5-10bp;gc_cont=0.647	WP_003403095.1 MULTISPECIES: MlaE family ABC transporter permease [Mycobacterium]	100	99.6	6.85e-174
NZ_JAMQGJ010000004.1_158|147639|148361|-1|ID=1_158;partial=00;start_type=ATG;rbs_motif=None;rbs_spacer=None;gc_cont=0.631	WP_003403065.1 MULTISPECIES: FadR family transcriptional regulator Mce2R [Mycobacterium]	100	99.6	5.04e-159
NZ_JAMQGJ010000004.1_159|148499|150886|1|ID=1_159;partial=00;start_type=ATG;rbs_motif=3Base/5BMM;rbs_spacer=13-15bp;gc_cont=0.647	WP_003900178.1 MULTISPECIES: lysylphosphatidylglycerol synthase transmembrane domain-containing protein [Mycobacterium]	100	99.9	0.0
NZ_JAMQGJ010000004.1_160|150909|153542|-1|ID=1_160;partial=00;start_type=ATG;rbs_motif=GGA/GAG/AGG;rbs_spacer=5-10bp;gc_cont=0.647	WP_003403055.1 MULTISPECIES: GH92 family glycosyl hydrolase [Mycobacterium]	100	99.9	0.0
NZ_JAMQGJ010000004.1_161|153696|154382|1|ID=1_161;partial=00;start_type=ATG;rbs_motif=GGAG/GAGG;rbs_spacer=5-10bp;gc_cont=0.639	WP_003909258.1 LpqN/LpqT family lipoprotein [Mycobacterium tuberculosis]	100	99.6	8.28e-143
NZ_JAMQGJ010000004.1_162|154442|154849|-1|ID=1_162;partial=00;start_type=GTG;rbs_motif=None;rbs_spacer=None;gc_cont=0.657	WP_003403047.1 MULTISPECIES: type II toxin-antitoxin system toxin ribonuclease C26 [Mycobacterium]	100	99.3	3.52e-85
NZ_JAMQGJ010000004.1_163|155068|155646|1|ID=1_163;partial=00;start_type=ATG;rbs_motif=None;rbs_spacer=None;gc_cont=0.634	WP_003403017.1 MULTISPECIES: mycobacterial cell wall protein Rv0580c [Mycobacterium]	100	84.5	6.39e-109
NZ_JAMQGJ010000004.1_164|155775|156533|-1|ID=1_164;partial=00;start_type=ATG;rbs_motif=GGAG/GAGG;rbs_spacer=5-10bp;gc_cont=0.652	WP_003898511.1 MULTISPECIES: Mut7-C RNAse domain-containing protein [Mycobacterium]	100	99.6	1.21e-181
NZ_JAMQGJ010000004.1_165|156855|157583|1|ID=1_165;partial=01;start_type=ATG;rbs_motif=GGA/GAG/AGG;rbs_spacer=5-10bp;gc_cont=0.722	WP_142755605.1 PE family protein, partial [Mycobacterium tuberculosis]	100	57.2	1.38e-51
