BAAHUE010000001.1_1|1054|1650|-1|ID=1_1;partial=00;start_type=ATG;rbs_motif=GGA/GAG/AGG;rbs_spacer=11-12bp;gc_cont=0.363	WP_000559156.1 MULTISPECIES: recombination mediator RecR [Staphylococcus]	100	99.5	3.81e-140
BAAHUE010000001.1_2|1657|1974|-1|ID=1_2;partial=00;start_type=ATG;rbs_motif=AGGAG;rbs_spacer=5-10bp;gc_cont=0.396	WP_001213992.1 MULTISPECIES: YbaB/EbfC family nucleoid-associated protein [Staphylococcus]	100	99.1	6.84e-53
BAAHUE010000001.1_3|2064|3761|-1|ID=1_3;partial=00;start_type=TTG;rbs_motif=GGAG/GAGG;rbs_spacer=5-10bp;gc_cont=0.361	WP_001109047.1 MULTISPECIES: DNA polymerase III subunit gamma/tau [Staphylococcus]	100	99.8	0.0
BAAHUE010000001.1_4|3830|4354|-1|ID=1_4;partial=00;start_type=ATG;rbs_motif=GGAG/GAGG;rbs_spacer=5-10bp;gc_cont=0.333	WP_001167827.1 GNAT family N-acetyltransferase [Staphylococcus aureus]	100	99.4	7.33e-124
BAAHUE010000001.1_5|4993|5721|-1|ID=1_5;partial=00;start_type=ATG;rbs_motif=GGA/GAG/AGG;rbs_spacer=5-10bp;gc_cont=0.333	WP_001118675.1 MULTISPECIES: trehalose operon repressor [Staphylococcus]	100	99.6	3.17e-163
BAAHUE010000001.1_6|5746|7386|-1|ID=1_6;partial=00;start_type=GTG;rbs_motif=GGA/GAG/AGG;rbs_spacer=5-10bp;gc_cont=0.363	WP_108932424.1 alpha,alpha-phosphotrehalase [Staphylococcus aureus]	100	99.8	0.0
BAAHUE010000001.1_7|7450|8877|-1|ID=1_7;partial=00;start_type=ATG;rbs_motif=GGAG/GAGG;rbs_spacer=5-10bp;gc_cont=0.375	WP_000279367.1 MULTISPECIES: PTS system trehalose-specific EIIBC component [Staphylococcus]	100	99.8	0.0
BAAHUE010000001.1_8|9193|9387|1|ID=1_8;partial=00;start_type=ATG;rbs_motif=None;rbs_spacer=None;gc_cont=0.344	WP_190259680.1 hypothetical protein [Staphylococcus aureus]	100	98.5	3.33e-39
BAAHUE010000001.1_9|9709|11172|-1|ID=1_9;partial=00;start_type=ATG;rbs_motif=GGAG/GAGG;rbs_spacer=5-10bp;gc_cont=0.384	WP_000503583.1 MULTISPECIES: glutamate synthase subunit beta [Staphylococcus]	100	99.8	0.0
BAAHUE010000001.1_10|11190|13562|-1|ID=1_10;partial=00;start_type=ATG;rbs_motif=None;rbs_spacer=None;gc_cont=0.378	WP_387475895.1 glutamate synthase large subunit [Staphylococcus aureus]	100	99.9	0.0
BAAHUE010000001.1_11|13578|15689|-1|ID=1_11;partial=00;start_type=ATG;rbs_motif=GGA/GAG/AGG;rbs_spacer=5-10bp;gc_cont=0.374	WP_371905326.1 glutamate synthase large subunit [Staphylococcus aureus]	100	99.9	0.0
BAAHUE010000001.1_12|15871|16755|1|ID=1_12;partial=00;start_type=ATG;rbs_motif=AGGAG(G)/GGAGG;rbs_spacer=13-15bp;gc_cont=0.330	WP_000403916.1 MULTISPECIES: glutamate biosynthesis transcriptional regulator GltC [Staphylococcus]	100	99.7	1.38e-208
BAAHUE010000001.1_13|16876|17988|1|ID=1_13;partial=00;start_type=TTG;rbs_motif=None;rbs_spacer=None;gc_cont=0.333	WP_256927382.1 YibE/F family protein, partial [Staphylococcus aureus]	99.7	99.7	2.82e-251
BAAHUE010000001.1_14|17985|18767|1|ID=1_14;partial=00;start_type=ATG;rbs_motif=AGGAG;rbs_spacer=5-10bp;gc_cont=0.327	WP_000994678.1 MULTISPECIES: YibE/F family protein [Staphylococcus]	100	99.6	6.80e-167
BAAHUE010000001.1_15|18936|19433|-1|ID=1_15;partial=00;start_type=ATG;rbs_motif=GGA/GAG/AGG;rbs_spacer=5-10bp;gc_cont=0.363	WP_000183669.1 MULTISPECIES: GNAT family N-acetyltransferase [Staphylococcus]	100	97.0	1.25e-112
BAAHUE010000001.1_16|19411|19806|-1|ID=1_16;partial=00;start_type=ATG;rbs_motif=None;rbs_spacer=None;gc_cont=0.351	WP_108932423.1 NUDIX hydrolase [Staphylococcus aureus]	100	99.2	4.87e-90
BAAHUE010000001.1_17|19955|20224|1|ID=1_17;partial=00;start_type=ATG;rbs_motif=GGA/GAG/AGG;rbs_spacer=5-10bp;gc_cont=0.326	WP_001129473.1 MULTISPECIES: hypothetical protein [Staphylococcus]	100	98.9	9.14e-55
BAAHUE010000001.1_18|20409|21413|-1|ID=1_18;partial=00;start_type=GTG;rbs_motif=AGGAG;rbs_spacer=5-10bp;gc_cont=0.364	WP_001170264.1 MULTISPECIES: autolysin/adhesin Aaa [Staphylococcus]	100	99.7	7.26e-231
BAAHUE010000001.1_19|21745|22587|-1|ID=1_19;partial=00;start_type=ATG;rbs_motif=AGGA;rbs_spacer=5-10bp;gc_cont=0.330	WP_000825521.1 MULTISPECIES: dipeptide ABC transporter glycylmethionine-binding lipoprotein [Staphylococcus]	100	99.6	5.29e-190
BAAHUE010000001.1_20|22624|23283|-1|ID=1_20;partial=00;start_type=ATG;rbs_motif=AGGA/GGAG/GAGG;rbs_spacer=11-12bp;gc_cont=0.367	WP_000467994.1 MULTISPECIES: methionine ABC transporter permease [Staphylococcus]	100	99.5	3.92e-132
BAAHUE010000001.1_21|23287|24315|-1|ID=1_21;partial=00;start_type=ATG;rbs_motif=AGGAG;rbs_spacer=5-10bp;gc_cont=0.352	WP_000569286.1 MULTISPECIES: methionine ABC transporter ATP-binding protein [Staphylococcus]	100	99.4	4.43e-238
BAAHUE010000001.1_22|24606|25748|-1|ID=1_22;partial=00;start_type=ATG;rbs_motif=AGGAG;rbs_spacer=5-10bp;gc_cont=0.356	WP_001036663.1 MULTISPECIES: bifunctional cystathionine gamma-lyase/homocysteine desulfhydrase [Staphylococcus]	100	99.7	4.82e-266
BAAHUE010000001.1_23|25732|26697|-1|ID=1_23;partial=00;start_type=ATG;rbs_motif=None;rbs_spacer=None;gc_cont=0.388	WP_000634105.1 MULTISPECIES: PLP-dependent cysteine synthase family protein [Staphylococcus]	100	94.4	8.94e-219
BAAHUE010000001.1_24|26862|28199|-1|ID=1_24;partial=00;start_type=ATG;rbs_motif=AGGAG;rbs_spacer=5-10bp;gc_cont=0.348	WP_000828726.1 MULTISPECIES: sodium-dependent transporter [Staphylococcus]	100	99.8	3.84e-305
BAAHUE010000001.1_25|28364|28477|-1|ID=1_25;partial=00;start_type=ATG;rbs_motif=GGA/GAG/AGG;rbs_spacer=5-10bp;gc_cont=0.430	WP_000510433.1 MULTISPECIES: hypothetical protein [Staphylococcus]	100	97.4	1.62e-19
BAAHUE010000001.1_26|28655|29389|-1|ID=1_26;partial=00;start_type=ATG;rbs_motif=AGGA/GGAG/GAGG;rbs_spacer=11-12bp;gc_cont=0.337	WP_001220813.1 MULTISPECIES: alpha/beta hydrolase [Staphylococcus]	100	99.6	5.14e-179
BAAHUE010000001.1_27|29426|30100|-1|ID=1_27;partial=00;start_type=ATG;rbs_motif=AGGAG;rbs_spacer=5-10bp;gc_cont=0.347	WP_000565820.1 MULTISPECIES: phosphatase PAP2 family protein [Staphylococcus]	100	99.6	9.16e-154
BAAHUE010000001.1_28|30138|30554|1|ID=1_28;partial=00;start_type=ATG;rbs_motif=None;rbs_spacer=None;gc_cont=0.264	WP_001789536.1 MULTISPECIES: hypothetical protein [Staphylococcus]	100	99.3	2.76e-88
BAAHUE010000001.1_29|30783|31145|-1|ID=1_29;partial=00;start_type=ATG;rbs_motif=GGAG/GAGG;rbs_spacer=5-10bp;gc_cont=0.331	WP_000831495.1 MULTISPECIES: DUF2294 domain-containing protein [Staphylococcus]	100	99.2	2.82e-77
BAAHUE010000001.1_30|31307|34012|-1|ID=1_30;partial=00;start_type=ATG;rbs_motif=AGGAG;rbs_spacer=5-10bp;gc_cont=0.388	WP_000211540.1 MULTISPECIES: DUF2309 domain-containing protein [Staphylococcus]	100	99.9	0.0
BAAHUE010000001.1_31|34025|35509|-1|ID=1_31;partial=00;start_type=GTG;rbs_motif=AGGAG;rbs_spacer=5-10bp;gc_cont=0.374	WP_000948279.1 MULTISPECIES: NADH dehydrogenase subunit 5 [Staphylococcus]	100	99.8	0.0
BAAHUE010000001.1_32|37097|38299|-1|ID=1_32;partial=00;start_type=ATG;rbs_motif=GGAG/GAGG;rbs_spacer=5-10bp;gc_cont=0.370	WP_001062982.1 MULTISPECIES: GTP-binding protein [Staphylococcus]	100	99.8	3.52e-285
BAAHUE010000001.1_33|38484|38678|1|ID=1_33;partial=00;start_type=ATG;rbs_motif=GGAG/GAGG;rbs_spacer=5-10bp;gc_cont=0.308	WP_237761095.1 hypothetical protein, partial [Staphylococcus aureus]	100	98.5	4.24e-31
BAAHUE010000001.1_34|38968|39282|-1|ID=1_34;partial=00;start_type=ATG;rbs_motif=AGGAG;rbs_spacer=5-10bp;gc_cont=0.324	WP_000172543.1 MULTISPECIES: hypothetical protein [Staphylococcus]	100	99.0	9.79e-66
BAAHUE010000001.1_35|39301|39624|-1|ID=1_35;partial=00;start_type=ATG;rbs_motif=GGA/GAG/AGG;rbs_spacer=5-10bp;gc_cont=0.278	WP_000971498.1 MULTISPECIES: hypothetical protein [Staphylococcus]	100	99.1	2.03e-64
BAAHUE010000001.1_36|39621|40949|-1|ID=1_36;partial=00;start_type=ATG;rbs_motif=GGA/GAG/AGG;rbs_spacer=5-10bp;gc_cont=0.304	WP_000952537.1 MULTISPECIES: hypothetical protein [Staphylococcus]	100	99.8	5.03e-304
BAAHUE010000001.1_37|40939|41799|-1|ID=1_37;partial=00;start_type=ATG;rbs_motif=None;rbs_spacer=None;gc_cont=0.265	WP_343219438.1 tandem-type lipoprotein [Staphylococcus aureus]	99.3	99.3	1.15e-193
BAAHUE010000001.1_38|41934|42719|-1|ID=1_38;partial=00;start_type=ATG;rbs_motif=AGGA/GGAG/GAGG;rbs_spacer=11-12bp;gc_cont=0.308	WP_000835976.1 MULTISPECIES: tandem-type lipoprotein Lpl9 [Staphylococcus]	100	99.6	1.53e-184
BAAHUE010000001.1_39|42738|43553|-1|ID=1_39;partial=00;start_type=ATG;rbs_motif=GGA/GAG/AGG;rbs_spacer=5-10bp;gc_cont=0.294	WP_001797296.1 MULTISPECIES: tandem-type lipoprotein Lpl8 [Staphylococcus]	100	99.3	1.79e-190
BAAHUE010000001.1_40|43729|44505|-1|ID=1_40;partial=00;start_type=ATG;rbs_motif=GGA/GAG/AGG;rbs_spacer=5-10bp;gc_cont=0.300	WP_000649608.1 MULTISPECIES: tandem-type lipoprotein Lpl7 [Staphylococcus]	100	99.6	1.07e-178
BAAHUE010000001.1_41|44575|45366|-1|ID=1_41;partial=00;start_type=ATG;rbs_motif=GGA/GAG/AGG;rbs_spacer=5-10bp;gc_cont=0.290	WP_000456138.1 MULTISPECIES: tandem-type lipoprotein Lpl6 [Staphylococcus]	100	99.6	3.59e-184
BAAHUE010000001.1_42|45398|46168|-1|ID=1_42;partial=00;start_type=ATG;rbs_motif=AGGA/GGAG/GAGG;rbs_spacer=11-12bp;gc_cont=0.297	WP_000835991.1 MULTISPECIES: tandem-type lipoprotein Lpl5 [Staphylococcus]	100	99.6	2.54e-185
BAAHUE010000001.1_43|46187|46990|-1|ID=1_43;partial=00;start_type=ATG;rbs_motif=GGA/GAG/AGG;rbs_spacer=5-10bp;gc_cont=0.299	WP_000971990.1 MULTISPECIES: tandem-type lipoprotein Lpl4 [Staphylococcus]	100	99.6	2.95e-185
BAAHUE010000001.1_44|47036|47254|-1|ID=1_44;partial=00;start_type=ATG;rbs_motif=None;rbs_spacer=None;gc_cont=0.292	WP_216733506.1 Csa1 family protein, partial [Staphylococcus aureus]	100	98.6	6.96e-41
BAAHUE010000001.1_45|47370|47843|-1|ID=1_45;partial=00;start_type=ATG;rbs_motif=GGAG/GAGG;rbs_spacer=5-10bp;gc_cont=0.302	WP_000269700.1 tandem-type lipoprotein [Staphylococcus aureus]	100	98.7	5.88e-101
BAAHUE010000001.1_46|47862|48662|-1|ID=1_46;partial=00;start_type=ATG;rbs_motif=GGA/GAG/AGG;rbs_spacer=5-10bp;gc_cont=0.298	WP_001269761.1 MULTISPECIES: tandem-type lipoprotein Lpl2 [Staphylococcus]	100	99.6	5.75e-187
BAAHUE010000001.1_47|48693|49496|-1|ID=1_47;partial=00;start_type=ATG;rbs_motif=GGA/GAG/AGG;rbs_spacer=5-10bp;gc_cont=0.296	WP_108932426.1 tandem-type lipoprotein Lpl1 [Staphylococcus aureus]	99.6	95.9	1.27e-179
BAAHUE010000001.1_48|49834|50142|1|ID=1_48;partial=00;start_type=ATG;rbs_motif=AGGAG;rbs_spacer=5-10bp;gc_cont=0.333	WP_108932422.1 myeloperoxidase inhibitor SPIN [Staphylococcus aureus]	100	99.0	4.90e-65
BAAHUE010000001.1_49|50246|51754|-1|ID=1_49;partial=00;start_type=ATG;rbs_motif=GGAG/GAGG;rbs_spacer=5-10bp;gc_cont=0.322	WP_428949711.1 FKLRK protein [Staphylococcus aureus]	98.0	99.8	0.0
BAAHUE010000001.1_50|51776|52453|-1|ID=1_50;partial=00;start_type=ATG;rbs_motif=GGAG/GAGG;rbs_spacer=5-10bp;gc_cont=0.283	WP_000769163.1 MULTISPECIES: superantigen-like protein SSL11 [Staphylococcus]	100	99.6	1.11e-150
BAAHUE010000001.1_51|52836|54047|-1|ID=1_51;partial=00;start_type=ATG;rbs_motif=None;rbs_spacer=None;gc_cont=0.292	WP_000072584.1 MULTISPECIES: restriction endonuclease subunit S [Staphylococcus]	100	99.8	4.45e-285
BAAHUE010000001.1_52|54040|55596|-1|ID=1_52;partial=00;start_type=ATG;rbs_motif=GGAG/GAGG;rbs_spacer=5-10bp;gc_cont=0.385	WP_150014959.1 type I restriction-modification system subunit M [Staphylococcus aureus]	100	99.8	0.0
BAAHUE010000001.1_53|55860|56543|-1|ID=1_53;partial=00;start_type=ATG;rbs_motif=GGAG/GAGG;rbs_spacer=5-10bp;gc_cont=0.289	WP_000673051.1 MULTISPECIES: superantigen-like protein SSL10 [Staphylococcus]	100	99.6	3.45e-155
BAAHUE010000001.1_54|56909|57607|-1|ID=1_54;partial=00;start_type=ATG;rbs_motif=GGAG/GAGG;rbs_spacer=5-10bp;gc_cont=0.293	WP_000779446.1 MULTISPECIES: superantigen-like protein SSL9 [Staphylococcus]	100	99.6	2.15e-156
BAAHUE010000001.1_55|57987|58685|-1|ID=1_55;partial=00;start_type=ATG;rbs_motif=GGAG/GAGG;rbs_spacer=5-10bp;gc_cont=0.280	WP_000673479.1 MULTISPECIES: superantigen-like protein SSL8 [Staphylococcus]	100	99.6	4.33e-156
BAAHUE010000001.1_56|59029|59724|-1|ID=1_56;partial=00;start_type=GTG;rbs_motif=GGAG/GAGG;rbs_spacer=5-10bp;gc_cont=0.300	WP_000769836.1 MULTISPECIES: superantigen-like protein SSL7 [Bacteria]	100	99.6	1.40e-156
BAAHUE010000001.1_57|60145|60840|-1|ID=1_57;partial=00;start_type=ATG;rbs_motif=GGAG/GAGG;rbs_spacer=5-10bp;gc_cont=0.300	WP_000769845.1 MULTISPECIES: superantigen-like protein SSL6 [Staphylococcus]	100	99.6	3.30e-155
BAAHUE010000001.1_58|61286|61990|-1|ID=1_58;partial=00;start_type=ATG;rbs_motif=GGAG/GAGG;rbs_spacer=5-10bp;gc_cont=0.315	WP_000784244.1 MULTISPECIES: superantigen-like protein SSL5 [Staphylococcus]	100	99.6	1.03e-164
BAAHUE010000001.1_59|62354|63193|-1|ID=1_59;partial=00;start_type=ATG;rbs_motif=GGAG/GAGG;rbs_spacer=5-10bp;gc_cont=0.326	WP_055350566.1 superantigen-like protein SSL4 [Staphylococcus aureus]	100	99.6	3.28e-156
BAAHUE010000001.1_60|63558|64628|-1|ID=1_60;partial=00;start_type=ATG;rbs_motif=GGAG/GAGG;rbs_spacer=5-10bp;gc_cont=0.345	WP_411907945.1 superantigen-like protein SSL3 [Staphylococcus aureus]	95.5	99.7	3.69e-189
BAAHUE010000001.1_61|64919|65614|-1|ID=1_61;partial=00;start_type=ATG;rbs_motif=GGAG/GAGG;rbs_spacer=5-10bp;gc_cont=0.286	WP_000782618.1 MULTISPECIES: superantigen-like protein SSL2 [Staphylococcus]	100	99.6	1.07e-160
BAAHUE010000001.1_62|65900|66580|-1|ID=1_62;partial=00;start_type=ATG;rbs_motif=None;rbs_spacer=None;gc_cont=0.313	WP_000669005.1 MULTISPECIES: superantigen-like protein SSL1 [Staphylococcus]	100	99.6	5.29e-154
BAAHUE010000001.1_63|67052|67897|1|ID=1_63;partial=00;start_type=ATG;rbs_motif=AGGAG;rbs_spacer=5-10bp;gc_cont=0.357	WP_001024377.1 MULTISPECIES: SDR family oxidoreductase [Staphylococcus]	100	99.6	1.88e-204
BAAHUE010000001.1_64|67916|68275|1|ID=1_64;partial=00;start_type=GTG;rbs_motif=AGGAG;rbs_spacer=5-10bp;gc_cont=0.325	WP_001021618.1 DUF1304 domain-containing protein [Staphylococcus aureus]	100	99.2	1.15e-71
BAAHUE010000001.1_65|68799|68951|1|ID=1_65;partial=00;start_type=ATG;rbs_motif=AGGAG;rbs_spacer=5-10bp;gc_cont=0.261	WP_000248839.1 MULTISPECIES: hypothetical protein [Staphylococcus]	100	98.0	1.22e-26
BAAHUE010000001.1_66|68932|69171|1|ID=1_66;partial=00;start_type=ATG;rbs_motif=None;rbs_spacer=None;gc_cont=0.300	WP_000850683.1 hypothetical protein [Staphylococcus aureus]	100	81.3	9.00e-37
BAAHUE010000001.1_67|69212|69484|1|ID=1_67;partial=00;start_type=ATG;rbs_motif=None;rbs_spacer=None;gc_cont=0.253	WP_000159787.1 MULTISPECIES: transposase [Staphylococcus]	100	98.9	4.68e-53
BAAHUE010000001.1_68|69883|70587|1|ID=1_68;partial=00;start_type=ATG;rbs_motif=AGGA/GGAG/GAGG;rbs_spacer=11-12bp;gc_cont=0.281	WP_000041883.1 MULTISPECIES: type II toxin-antitoxin system PemK/MazF family toxin [Staphylococcus]	100	99.6	2.15e-157
BAAHUE010000001.1_69|70980|71516|1|ID=1_69;partial=00;start_type=ATG;rbs_motif=AGGA;rbs_spacer=5-10bp;gc_cont=0.279	WP_000551776.1 MULTISPECIES: hypothetical protein [Staphylococcus]	100	99.4	5.99e-125
BAAHUE010000001.1_70|71629|73170|-1|ID=1_70;partial=00;start_type=ATG;rbs_motif=AGGAG;rbs_spacer=5-10bp;gc_cont=0.372	WP_000424966.1 MULTISPECIES: glutamine-hydrolyzing GMP synthase [Staphylococcus]	100	99.8	0.0
BAAHUE010000001.1_71|73195|74661|-1|ID=1_71;partial=00;start_type=ATG;rbs_motif=GGAG/GAGG;rbs_spacer=5-10bp;gc_cont=0.374	WP_000264071.1 MULTISPECIES: IMP dehydrogenase [Staphylococcus]	100	99.8	0.0
BAAHUE010000001.1_72|74699|75967|-1|ID=1_72;partial=00;start_type=ATG;rbs_motif=GGAG/GAGG;rbs_spacer=5-10bp;gc_cont=0.359	WP_000793011.1 MULTISPECIES: xanthine permease PbuX [Staphylococcus]	100	99.8	2.23e-290
BAAHUE010000001.1_73|75967|76545|-1|ID=1_73;partial=00;start_type=GTG;rbs_motif=AGGAG;rbs_spacer=5-10bp;gc_cont=0.359	WP_000421410.1 MULTISPECIES: xanthine phosphoribosyltransferase [Staphylococcus]	100	99.5	5.64e-130
BAAHUE010000001.1_74|77058|77465|1|ID=1_74;partial=00;start_type=ATG;rbs_motif=GGA/GAG/AGG;rbs_spacer=5-10bp;gc_cont=0.331	WP_000763768.1 MULTISPECIES: general stress protein [Staphylococcus]	100	99.3	1.81e-87
BAAHUE010000001.1_75|77608|78270|1|ID=1_75;partial=00;start_type=ATG;rbs_motif=GGAG/GAGG;rbs_spacer=5-10bp;gc_cont=0.306	WP_000394698.1 MULTISPECIES: hypothetical protein [Staphylococcus]	100	99.5	8.20e-155
BAAHUE010000001.1_76|78388|79344|1|ID=1_76;partial=00;start_type=ATG;rbs_motif=AGGA;rbs_spacer=5-10bp;gc_cont=0.377	WP_372430064.1 hypothetical protein [Staphylococcus aureus]	99.7	99.7	1.94e-132
BAAHUE010000001.1_77|80321|81709|1|ID=1_77;partial=00;start_type=ATG;rbs_motif=AGGAG;rbs_spacer=5-10bp;gc_cont=0.392	WP_000991007.1 MULTISPECIES: L-cystine transporter [Staphylococcus]	100	99.8	2.61e-307
BAAHUE010000001.1_78|81790|82596|-1|ID=1_78;partial=00;start_type=TTG;rbs_motif=GGA/GAG/AGG;rbs_spacer=5-10bp;gc_cont=0.374	WP_001797637.1 oxygen-insensitive NADPH nitroreductase [Staphylococcus aureus]	99.6	94.4	6.85e-179
BAAHUE010000001.1_79|83037|83606|1|ID=1_79;partial=00;start_type=ATG;rbs_motif=AGGAG;rbs_spacer=5-10bp;gc_cont=0.372	WP_000052781.1 MULTISPECIES: alkyl hydroperoxide reductase subunit C [Staphylococcus]	100	99.5	3.05e-137
BAAHUE010000001.1_80|83622|85145|1|ID=1_80;partial=00;start_type=ATG;rbs_motif=AGGAGG;rbs_spacer=5-10bp;gc_cont=0.379	WP_000930486.1 MULTISPECIES: alkyl hydroperoxide reductase subunit F [Staphylococcus]	100	99.8	0.0
BAAHUE010000001.1_81|85260|85517|1|ID=1_81;partial=00;start_type=ATG;rbs_motif=GGA/GAG/AGG;rbs_spacer=5-10bp;gc_cont=0.318	WP_001795623.1 hypothetical protein [Staphylococcus aureus]	100	98.8	9.52e-53
BAAHUE010000001.1_82|85590|86216|1|ID=1_82;partial=00;start_type=ATG;rbs_motif=AGGA/GGAG/GAGG;rbs_spacer=11-12bp;gc_cont=0.303	WP_000746687.1 MULTISPECIES: NDxxF motif lipoprotein [Staphylococcus]	100	99.5	7.54e-136
BAAHUE010000001.1_83|86468|86854|1|ID=1_83;partial=00;start_type=ATG;rbs_motif=AGGA;rbs_spacer=5-10bp;gc_cont=0.315	WP_000868248.1 MULTISPECIES: hypothetical protein [Staphylococcus]	100	98.4	3.90e-74
BAAHUE010000001.1_84|86920|87501|-1|ID=1_84;partial=00;start_type=ATG;rbs_motif=AGGAG;rbs_spacer=5-10bp;gc_cont=0.321	WP_000158374.1 MULTISPECIES: histidine phosphatase family protein [Staphylococcus]	100	99.5	1.06e-139
BAAHUE010000001.1_85|87679|87888|1|ID=1_85;partial=00;start_type=ATG;rbs_motif=None;rbs_spacer=None;gc_cont=0.276	WP_000211676.1 MULTISPECIES: hypothetical protein [Staphylococcus]	100	98.6	5.93e-42
BAAHUE010000001.1_86|87927|88178|-1|ID=1_86;partial=00;start_type=ATG;rbs_motif=AGGAG;rbs_spacer=5-10bp;gc_cont=0.369	WP_050963020.1 GlsB/YeaQ/YmgE family stress response membrane protein [Staphylococcus aureus]	84.3	98.8	1.47e-37
BAAHUE010000001.1_87|88478|88741|1|ID=1_87;partial=00;start_type=ATG;rbs_motif=GGAG/GAGG;rbs_spacer=5-10bp;gc_cont=0.295	WP_001055897.1 MULTISPECIES: helix-turn-helix domain-containing protein [Staphylococcus]	100	98.9	1.21e-58
BAAHUE010000001.1_88|88879|89451|-1|ID=1_88;partial=00;start_type=ATG;rbs_motif=GGA/GAG/AGG;rbs_spacer=5-10bp;gc_cont=0.305	WP_000769720.1 MULTISPECIES: PepSY domain-containing protein [Staphylococcus]	100	99.5	8.29e-122
BAAHUE010000001.1_89|89632|90000|-1|ID=1_89;partial=00;start_type=TTG;rbs_motif=GGAG/GAGG;rbs_spacer=5-10bp;gc_cont=0.309	WP_108932421.1 YxeA family protein [Staphylococcus aureus]	100	99.2	1.62e-77
BAAHUE010000001.1_91|90369|90980|-1|ID=1_91;partial=00;start_type=ATG;rbs_motif=AGGAG;rbs_spacer=5-10bp;gc_cont=0.306	WP_000475326.1 MULTISPECIES: staphylococcal enterotoxin-like toxin X [Staphylococcus]	100	99.5	3.94e-140
BAAHUE010000001.1_92|91340|91498|1|ID=1_92;partial=00;start_type=ATG;rbs_motif=None;rbs_spacer=None;gc_cont=0.352	WP_000237577.1 integrase [Staphylococcus aureus]	100	98.1	7.16e-29
BAAHUE010000001.1_93|91576|91887|1|ID=1_93;partial=00;start_type=ATG;rbs_motif=None;rbs_spacer=None;gc_cont=0.337	WP_001797636.1 tyrosine-type recombinase/integrase [Staphylococcus aureus]	100	99.0	8.76e-64
BAAHUE010000001.1_94|91890|92864|1|ID=1_94;partial=00;start_type=TTG;rbs_motif=GGAG/GAGG;rbs_spacer=5-10bp;gc_cont=0.279	WP_001822249.1 MULTISPECIES: Abi family protein [Staphylococcus]	100	96.0	1.09e-224
BAAHUE010000001.1_95|93443|93733|-1|ID=1_95;partial=00;start_type=ATG;rbs_motif=None;rbs_spacer=None;gc_cont=0.296	WP_076747335.1 PBECR4 domain-containing protein, partial [Staphylococcus aureus]	100	84.5	5.83e-52
BAAHUE010000001.1_96|93681|94001|-1|ID=1_96;partial=00;start_type=GTG;rbs_motif=GGA/GAG/AGG;rbs_spacer=5-10bp;gc_cont=0.262	WP_224491659.1 PBECR4 domain-containing protein [Staphylococcus aureus]	100	99.1	2.19e-72
BAAHUE010000001.1_97|94857|95123|-1|ID=1_97;partial=00;start_type=ATG;rbs_motif=AGGA/GGAG/GAGG;rbs_spacer=11-12bp;gc_cont=0.348	WP_263971894.1 DUF3102 domain-containing protein [Staphylococcus aureus]	87.1	78.7	2.10e-33
BAAHUE010000001.1_98|95065|95202|-1|ID=1_98;partial=00;start_type=ATG;rbs_motif=None;rbs_spacer=None;gc_cont=0.370	WP_220381445.1 MULTISPECIES: DUF3102 domain-containing protein [Staphylococcus]	100	97.8	9.99e-24
BAAHUE010000001.1_99|95331|96299|-1|ID=1_99;partial=00;start_type=ATG;rbs_motif=GGA/GAG/AGG;rbs_spacer=5-10bp;gc_cont=0.264	WP_000801979.1 MULTISPECIES: Abi family protein [Staphylococcus]	100	99.7	8.53e-233
BAAHUE010000001.1_100|96576|97145|-1|ID=1_100;partial=00;start_type=ATG;rbs_motif=GGAG/GAGG;rbs_spacer=5-10bp;gc_cont=0.382	WP_001293084.1 MULTISPECIES: terminase small subunit [Staphylococcus]	100	99.5	1.10e-130
BAAHUE010000001.1_101|97142|97483|-1|ID=1_101;partial=00;start_type=ATG;rbs_motif=None;rbs_spacer=None;gc_cont=0.292	WP_181728701.1 pathogenicity island protein [Staphylococcus aureus]	95.6	99.1	7.71e-74
BAAHUE010000001.1_102|97486|98013|-1|ID=1_102;partial=00;start_type=ATG;rbs_motif=AGGAG;rbs_spacer=5-10bp;gc_cont=0.318	WP_000771371.1 MULTISPECIES: spore coat protein [Staphylococcus]	100	99.4	2.35e-116
BAAHUE010000001.1_103|98066|98719|-1|ID=1_103;partial=00;start_type=ATG;rbs_motif=GGAG/GAGG;rbs_spacer=5-10bp;gc_cont=0.280	WP_000214173.1 hypothetical protein [Staphylococcus aureus]	99.5	99.5	5.52e-147
BAAHUE010000001.1_104|98750|99091|-1|ID=1_104;partial=00;start_type=ATG;rbs_motif=GGAG/GAGG;rbs_spacer=5-10bp;gc_cont=0.330	WP_252602652.1 pathogenicity island protein [Staphylococcus aureus]	99.1	99.1	9.37e-75
BAAHUE010000001.1_105|99627|100268|-1|ID=1_105;partial=00;start_type=ATG;rbs_motif=AGGAG;rbs_spacer=5-10bp;gc_cont=0.335	WP_432962207.1 pathogenicity island protein [Staphylococcus aureus]	99.1	99.5	4.06e-147
BAAHUE010000001.1_106|100265|100549|-1|ID=1_106;partial=00;start_type=ATG;rbs_motif=GGAG/GAGG;rbs_spacer=5-10bp;gc_cont=0.333	WP_216807781.1 pathogenicity island protein [Staphylococcus aureus]	97.9	98.9	1.30e-63
BAAHUE010000001.1_107|100551|100913|-1|ID=1_107;partial=00;start_type=ATG;rbs_motif=AGGAG;rbs_spacer=5-10bp;gc_cont=0.325	WP_070977095.1 pathogenicity island protein [Staphylococcus aureus]	97.5	99.2	1.84e-82
BAAHUE010000001.1_108|101214|102671|-1|ID=1_108;partial=00;start_type=TTG;rbs_motif=GGAG/GAGG;rbs_spacer=5-10bp;gc_cont=0.350	WP_031765320.1 MULTISPECIES: virulence-associated E family protein [Staphylococcus]	99.8	99.8	0.0
BAAHUE010000001.1_109|102688|103557|-1|ID=1_109;partial=00;start_type=ATG;rbs_motif=GGAG/GAGG;rbs_spacer=5-10bp;gc_cont=0.348	WP_031765319.1 MULTISPECIES: primase alpha helix C-terminal domain-containing protein [Staphylococcus]	100	99.7	2.39e-211
BAAHUE010000001.1_110|103622|103945|-1|ID=1_110;partial=00;start_type=ATG;rbs_motif=AGGAG;rbs_spacer=5-10bp;gc_cont=0.287	WP_001103945.1 MULTISPECIES: type II toxin-antitoxin system toxin TscT [Staphylococcus]	98.1	99.1	1.48e-66
BAAHUE010000001.1_111|103948|104157|-1|ID=1_111;partial=00;start_type=ATG;rbs_motif=AGGAG;rbs_spacer=5-10bp;gc_cont=0.300	WP_001058486.1 MULTISPECIES: type II toxin-antitoxin system antitoxin TscA [Staphylococcus]	100	98.6	2.83e-40
BAAHUE010000001.1_112|104150|104317|-1|ID=1_112;partial=00;start_type=ATG;rbs_motif=None;rbs_spacer=None;gc_cont=0.304	WP_148249514.1 pathogenicity island protein [Staphylococcus aureus]	97.9	85.7	2.33e-23
BAAHUE010000001.1_113|104308|104580|-1|ID=1_113;partial=00;start_type=ATG;rbs_motif=AGGA/GGAG/GAGG;rbs_spacer=11-12bp;gc_cont=0.341	WP_001138300.1 MULTISPECIES: helix-turn-helix domain-containing protein [Staphylococcus]	100	98.9	2.14e-58
BAAHUE010000001.1_114|104581|104793|-1|ID=1_114;partial=00;start_type=ATG;rbs_motif=AGGAG;rbs_spacer=5-10bp;gc_cont=0.329	WP_001245562.1 MULTISPECIES: helix-turn-helix domain-containing protein [Staphylococcus]	100	98.6	3.27e-44
BAAHUE010000001.1_115|104965|105690|1|ID=1_115;partial=00;start_type=ATG;rbs_motif=AGGAG;rbs_spacer=5-10bp;gc_cont=0.247	WP_000668215.1 MULTISPECIES: helix-turn-helix domain-containing protein [Staphylococcus]	100	99.6	2.44e-171
BAAHUE010000001.1_116|105954|107171|1|ID=1_116;partial=00;start_type=ATG;rbs_motif=AGGAG;rbs_spacer=5-10bp;gc_cont=0.334	WP_000270129.1 tyrosine-type recombinase/integrase [Staphylococcus aureus]	100	99.8	6.34e-286
BAAHUE010000001.1_117|107168|107635|1|ID=1_117;partial=00;start_type=ATG;rbs_motif=AGGAGG;rbs_spacer=5-10bp;gc_cont=0.299	WP_326033815.1 hypothetical protein [Staphylococcus xylosus]	70.3	99.4	4.83e-72
BAAHUE010000001.1_118|107654|108484|1|ID=1_118;partial=00;start_type=ATG;rbs_motif=GGA/GAG/AGG;rbs_spacer=5-10bp;gc_cont=0.304	WP_000357934.1 KilA-N domain-containing protein [Staphylococcus aureus]	100	99.6	5.36e-197
BAAHUE010000001.1_119|108666|108908|-1|ID=1_119;partial=00;start_type=ATG;rbs_motif=AGGAG;rbs_spacer=5-10bp;gc_cont=0.374	WP_000897044.1 MULTISPECIES: 30S ribosomal protein S18 [Bacteria]	100	98.8	3.02e-49
BAAHUE010000001.1_120|108960|109463|-1|ID=1_120;partial=00;start_type=ATG;rbs_motif=GGAG/GAGG;rbs_spacer=5-10bp;gc_cont=0.381	WP_061839556.1 single-stranded DNA-binding protein [Staphylococcus aureus]	91.6	99.4	1.08e-99
BAAHUE010000001.1_121|109484|109780|-1|ID=1_121;partial=00;start_type=ATG;rbs_motif=AGGAG(G)/GGAGG;rbs_spacer=13-15bp;gc_cont=0.377	WP_001261460.1 MULTISPECIES: 30S ribosomal protein S6 [Bacteria]	100	99.0	3.52e-63
BAAHUE010000001.1_122|110024|110215|1|ID=1_122;partial=00;start_type=ATG;rbs_motif=GGAG/GAGG;rbs_spacer=5-10bp;gc_cont=0.312	WP_001052483.1 MULTISPECIES: hypothetical protein [Staphylococcus]	100	98.4	9.23e-41
BAAHUE010000001.1_123|110301|111398|-1|ID=1_123;partial=00;start_type=ATG;rbs_motif=AGGAG;rbs_spacer=5-10bp;gc_cont=0.353	WP_001218732.1 MULTISPECIES: redox-regulated ATPase YchF [Staphylococcus]	100	99.7	2.44e-256
BAAHUE010000001.1_124|111410|111613|-1|ID=1_124;partial=00;start_type=ATG;rbs_motif=GGAG/GAGG;rbs_spacer=5-10bp;gc_cont=0.289	WP_000157345.1 MULTISPECIES: DUF951 domain-containing protein [Staphylococcus]	100	98.5	1.48e-41
BAAHUE010000001.1_125|111643|112524|-1|ID=1_125;partial=00;start_type=ATG;rbs_motif=AGGA/GGAG/GAGG;rbs_spacer=11-12bp;gc_cont=0.307	WP_001077602.1 MULTISPECIES: mechanosensitive ion channel family protein [Staphylococcus]	100	99.7	4.03e-150
BAAHUE010000001.1_126|112681|113526|-1|ID=1_126;partial=00;start_type=GTG;rbs_motif=None;rbs_spacer=None;gc_cont=0.339	WP_001550052.1 MULTISPECIES: ParB/RepB/Spo0J family partition protein [Staphylococcus]	100	99.6	1.57e-187
BAAHUE010000001.1_128|114190|115293|1|ID=1_128;partial=00;start_type=ATG;rbs_motif=AGGAG;rbs_spacer=5-10bp;gc_cont=0.359	WP_000655692.1 MULTISPECIES: PLP-dependent transferase [Staphylococcus]	100	99.7	3.78e-261
BAAHUE010000001.1_129|115290|116450|1|ID=1_129;partial=00;start_type=ATG;rbs_motif=GGAG/GAGG;rbs_spacer=5-10bp;gc_cont=0.379	WP_000175846.1 MULTISPECIES: cystathionine beta-lyase MetC [Staphylococcus]	100	99.7	9.53e-276
BAAHUE010000001.1_130|116419|118260|1|ID=1_130;partial=00;start_type=ATG;rbs_motif=AGGAG;rbs_spacer=5-10bp;gc_cont=0.361	WP_000077318.1 MULTISPECIES: bifunctional homocysteine S-methyltransferase/methylenetetrahydrofolate reductase [Staphylococcus]	100	99.8	0.0
BAAHUE010000001.1_131|118257|120485|1|ID=1_131;partial=00;start_type=ATG;rbs_motif=AGGAG;rbs_spacer=5-10bp;gc_cont=0.341	WP_000207614.1 MULTISPECIES: 5-methyltetrahydropteroyltriglutamate--homocysteine S-methyltransferase [Staphylococcus]	100	99.9	0.0
BAAHUE010000001.1_132|120528|121280|1|ID=1_132;partial=00;start_type=ATG;rbs_motif=None;rbs_spacer=None;gc_cont=0.373	WP_000195907.1 MULTISPECIES: cyclase family protein [Staphylococcus]	100	99.6	3.36e-187
BAAHUE010000001.1_133|121363|122544|-1|ID=1_133;partial=00;start_type=ATG;rbs_motif=AGGA/GGAG/GAGG;rbs_spacer=11-12bp;gc_cont=0.384	WP_108932419.1 acetyl-CoA C-acetyltransferase [Staphylococcus aureus]	100	99.7	2.85e-276
BAAHUE010000001.1_134|123083|124216|1|ID=1_134;partial=00;start_type=ATG;rbs_motif=AGGAG;rbs_spacer=5-10bp;gc_cont=0.313	WP_000245685.1 MULTISPECIES: low temperature requirement protein A [Staphylococcus]	100	99.7	7.37e-264
BAAHUE010000001.1_135|124583|125212|-1|ID=1_135;partial=00;start_type=ATG;rbs_motif=GGAG/GAGG;rbs_spacer=5-10bp;gc_cont=0.322	WP_148239928.1 ABC-2 transporter permease [Staphylococcus aureus]	100	99.5	1.04e-122
BAAHUE010000001.1_136|125212|126054|-1|ID=1_136;partial=00;start_type=ATG;rbs_motif=AGGAG;rbs_spacer=5-10bp;gc_cont=0.311	WP_000209565.1 MULTISPECIES: ABC transporter ATP-binding protein [Staphylococcus]	100	99.6	5.76e-194
BAAHUE010000001.1_137|126079|126792|-1|ID=1_137;partial=00;start_type=ATG;rbs_motif=AGGAG;rbs_spacer=5-10bp;gc_cont=0.317	WP_000698752.1 MULTISPECIES: DUF3169 family protein [Staphylococcus]	100	99.6	2.72e-141
BAAHUE010000001.1_138|126789|126992|-1|ID=1_138;partial=00;start_type=GTG;rbs_motif=AGGAG;rbs_spacer=5-10bp;gc_cont=0.387	WP_001246013.1 MULTISPECIES: helix-turn-helix transcriptional regulator [Staphylococcus]	100	98.5	1.89e-35
BAAHUE010000001.1_139|127233|127622|1|ID=1_139;partial=00;start_type=ATG;rbs_motif=AGGAG;rbs_spacer=5-10bp;gc_cont=0.349	WP_000886005.1 MULTISPECIES: DUF1398 domain-containing protein [Staphylococcus]	100	99.2	2.84e-88
BAAHUE010000001.1_140|127731|127946|1|ID=1_140;partial=00;start_type=ATG;rbs_motif=GGAG/GAGG;rbs_spacer=5-10bp;gc_cont=0.366	WP_000632271.1 twin-arginine translocase TatA/TatE family subunit [Staphylococcus aureus]	100	98.6	1.06e-36
BAAHUE010000001.1_141|128059|128664|1|ID=1_141;partial=00;start_type=ATG;rbs_motif=None;rbs_spacer=None;gc_cont=0.328	WP_108932418.1 twin-arginine translocase subunit TatC [Staphylococcus aureus]	100	99.5	1.19e-136
BAAHUE010000001.1_142|128757|130469|-1|ID=1_142;partial=00;start_type=GTG;rbs_motif=GGAG/GAGG;rbs_spacer=5-10bp;gc_cont=0.337	WP_000683699.1 MULTISPECIES: FTR1 family iron permease [Staphylococcus]	100	99.8	0.0
BAAHUE010000001.1_143|130450|131679|-1|ID=1_143;partial=00;start_type=ATG;rbs_motif=None;rbs_spacer=None;gc_cont=0.374	WP_000186217.1 MULTISPECIES: iron uptake transporter deferrochelatase/peroxidase subunit [Staphylococcus]	100	99.8	4.43e-304
BAAHUE010000001.1_144|131676|132530|-1|ID=1_144;partial=00;start_type=ATG;rbs_motif=GGAG/GAGG;rbs_spacer=5-10bp;gc_cont=0.310	WP_000737196.1 MULTISPECIES: iron uptake system protein EfeO [Staphylococcus]	100	99.6	5.92e-173
BAAHUE010000001.1_145|132798|133343|-1|ID=1_145;partial=00;start_type=ATG;rbs_motif=GGAG/GAGG;rbs_spacer=5-10bp;gc_cont=0.355	WP_000467652.1 MULTISPECIES: GNAT family N-acetyltransferase [Staphylococcus]	100	99.5	2.00e-129
BAAHUE010000001.1_146|133645|134757|1|ID=1_146;partial=00;start_type=ATG;rbs_motif=None;rbs_spacer=None;gc_cont=0.347	WP_000157629.1 MULTISPECIES: YeiH family protein [Staphylococcus]	100	89.2	9.10e-213
BAAHUE010000001.1_147|134817|135383|-1|ID=1_147;partial=00;start_type=ATG;rbs_motif=AGGAG;rbs_spacer=5-10bp;gc_cont=0.339	WP_001028431.1 MULTISPECIES: NADPH-dependent FMN reductase [Staphylococcus]	100	99.5	1.90e-126
BAAHUE010000001.1_148|135397|136458|-1|ID=1_148;partial=00;start_type=ATG;rbs_motif=AGGAG;rbs_spacer=5-10bp;gc_cont=0.370	WP_001096116.1 MULTISPECIES: LLM class flavin-dependent oxidoreductase [Staphylococcus]	100	99.7	2.63e-254
BAAHUE010000001.1_149|136472|137461|-1|ID=1_149;partial=00;start_type=ATG;rbs_motif=GGA/GAG/AGG;rbs_spacer=5-10bp;gc_cont=0.338	WP_001028221.1 MULTISPECIES: VOC family protein [Staphylococcus]	100	93.3	4.66e-224
BAAHUE010000001.1_150|137706|139064|1|ID=1_150;partial=00;start_type=ATG;rbs_motif=AGGAG;rbs_spacer=5-10bp;gc_cont=0.371	WP_001010111.1 MULTISPECIES: glycerol-3-phosphate transporter [Staphylococcus]	100	99.8	0.0
BAAHUE010000001.1_151|139147|139587|-1|ID=1_151;partial=00;start_type=ATG;rbs_motif=GGA/GAG/AGG;rbs_spacer=5-10bp;gc_cont=0.302	WP_000335332.1 MULTISPECIES: MepB family protein [Staphylococcus]	100	99.3	3.41e-104
BAAHUE010000001.1_152|139691|141046|-1|ID=1_152;partial=00;start_type=ATG;rbs_motif=AGGAG;rbs_spacer=5-10bp;gc_cont=0.330	WP_000651060.1 MULTISPECIES: multidrug efflux MATE transporter MepA [Staphylococcus]	100	99.8	5.37e-299
BAAHUE010000001.1_153|141153|141572|-1|ID=1_153;partial=00;start_type=ATG;rbs_motif=None;rbs_spacer=None;gc_cont=0.336	WP_000397416.1 MULTISPECIES: multidrug efflux transporter transcriptional repressor MepR [Staphylococcus]	100	99.3	1.47e-88
BAAHUE010000001.1_154|141784|143739|1|ID=1_154;partial=00;start_type=TTG;rbs_motif=AGGAG;rbs_spacer=5-10bp;gc_cont=0.344	WP_108932415.1 BglG family transcription antiterminator [Staphylococcus aureus]	100	99.8	0.0
BAAHUE010000001.1_155|143744|144187|1|ID=1_155;partial=00;start_type=GTG;rbs_motif=AGGAG;rbs_spacer=5-10bp;gc_cont=0.354	WP_000050762.1 MULTISPECIES: PTS sugar transporter subunit IIA [Staphylococcus]	100	99.3	7.72e-97
BAAHUE010000001.1_156|144189|144473|1|ID=1_156;partial=00;start_type=ATG;rbs_motif=AGGAG;rbs_spacer=5-10bp;gc_cont=0.351	WP_000699538.1 MULTISPECIES: PTS sugar transporter subunit IIB [Staphylococcus]	100	98.9	1.65e-57
BAAHUE010000001.1_157|144488|145834|1|ID=1_157;partial=00;start_type=ATG;rbs_motif=AGGAG;rbs_spacer=5-10bp;gc_cont=0.379	WP_001147970.1 MULTISPECIES: PTS ascorbate transporter subunit IIC [Staphylococcus]	100	99.8	2.20e-301
BAAHUE010000001.1_158|145927|146952|-1|ID=1_158;partial=00;start_type=ATG;rbs_motif=AGGAG;rbs_spacer=5-10bp;gc_cont=0.356	WP_001060929.1 MULTISPECIES: SDR family oxidoreductase [Staphylococcus]	100	99.7	6.30e-240
BAAHUE010000001.1_159|147267|148289|-1|ID=1_159;partial=00;start_type=ATG;rbs_motif=GGAG/GAGG;rbs_spacer=5-10bp;gc_cont=0.346	WP_000280803.1 MULTISPECIES: lipoate--protein ligase [Staphylococcus]	100	99.7	5.67e-247
BAAHUE010000001.1_160|148267|149211|-1|ID=1_160;partial=00;start_type=ATG;rbs_motif=AGGAG(G)/GGAGG;rbs_spacer=13-15bp;gc_cont=0.380	WP_001191946.1 MULTISPECIES: SIR2 family NAD-dependent protein deacylase [Staphylococcus]	100	99.7	3.46e-228
BAAHUE010000001.1_161|149201|150001|-1|ID=1_161;partial=00;start_type=ATG;rbs_motif=GGAG/GAGG;rbs_spacer=5-10bp;gc_cont=0.360	WP_000449060.1 MULTISPECIES: protein-ADP-ribose hydrolase [Staphylococcus]	100	99.6	7.60e-192
BAAHUE010000001.1_162|150002|150334|-1|ID=1_162;partial=00;start_type=ATG;rbs_motif=AGGA;rbs_spacer=5-10bp;gc_cont=0.363	WP_000731878.1 MULTISPECIES: glycine cleavage system protein H [Staphylococcus]	100	99.1	9.88e-71
BAAHUE010000001.1_163|150368|151369|-1|ID=1_163;partial=00;start_type=TTG;rbs_motif=GGAG/GAGG;rbs_spacer=5-10bp;gc_cont=0.374	WP_000240058.1 MULTISPECIES: LLM class flavin-dependent oxidoreductase [Staphylococcus]	100	99.7	1.61e-238
BAAHUE010000001.1_164|151671|152870|1|ID=1_164;partial=00;start_type=ATG;rbs_motif=AGGA;rbs_spacer=5-10bp;gc_cont=0.394	WP_000286484.1 MULTISPECIES: NADH-dependent flavin oxidoreductase [Staphylococcus]	100	99.8	2.72e-293
BAAHUE010000001.1_165|152943|153770|1|ID=1_165;partial=00;start_type=GTG;rbs_motif=AGGA/GGAG/GAGG;rbs_spacer=11-12bp;gc_cont=0.342	WP_000136020.1 MULTISPECIES: alpha/beta hydrolase [Staphylococcus]	100	99.6	5.39e-201
BAAHUE010000001.1_166|154012|156084|-1|ID=1_166;partial=00;start_type=ATG;rbs_motif=GGAG/GAGG;rbs_spacer=5-10bp;gc_cont=0.375	WP_049304865.1 YSIRK domain-containing triacylglycerol lipase Lip2/Geh [Staphylococcus aureus]	96.7	99.9	0.0
BAAHUE010000001.1_167|156454|157815|1|ID=1_167;partial=00;start_type=ATG;rbs_motif=GGA/GAG/AGG;rbs_spacer=5-10bp;gc_cont=0.360	WP_001077722.1 MULTISPECIES: YjiH family protein [Staphylococcus]	100	96.3	5.67e-298
BAAHUE010000001.1_168|157942|158610|-1|ID=1_168;partial=00;start_type=ATG;rbs_motif=GGAG/GAGG;rbs_spacer=5-10bp;gc_cont=0.377	WP_000936720.1 MULTISPECIES: N-acetylmannosamine-6-phosphate 2-epimerase [Staphylococcus]	100	99.6	1.93e-154
BAAHUE010000001.1_169|158750|159550|1|ID=1_169;partial=00;start_type=ATG;rbs_motif=GGA/GAG/AGG;rbs_spacer=5-10bp;gc_cont=0.333	WP_000667382.1 MULTISPECIES: MurR/RpiR family transcriptional regulator [Staphylococcus]	100	99.6	3.72e-183
BAAHUE010000001.1_170|159828|160730|-1|ID=1_170;partial=00;start_type=ATG;rbs_motif=None;rbs_spacer=None;gc_cont=0.371	WP_064646651.1 ROK family protein [Staphylococcus aureus]	99.3	99.7	1.50e-215
BAAHUE010000001.1_171|160846|161727|1|ID=1_171;partial=00;start_type=ATG;rbs_motif=GGAG/GAGG;rbs_spacer=5-10bp;gc_cont=0.350	WP_001030738.1 MULTISPECIES: N-acetylneuraminate lyase [Staphylococcus]	100	99.7	8.61e-207
BAAHUE010000001.1_172|161767|163299|1|ID=1_172;partial=00;start_type=ATG;rbs_motif=GGA/GAG/AGG;rbs_spacer=5-10bp;gc_cont=0.360	WP_000665736.1 MULTISPECIES: sodium:solute symporter [Staphylococcus]	100	99.8	0.0
BAAHUE010000001.1_173|163404|164624|-1|ID=1_173;partial=00;start_type=ATG;rbs_motif=GGA/GAG/AGG;rbs_spacer=5-10bp;gc_cont=0.326	WP_001022962.1 NupC/NupG family nucleoside CNT transporter [Staphylococcus aureus]	100	99.8	3.26e-268
BAAHUE010000001.1_174|164635|165558|-1|ID=1_174;partial=00;start_type=ATG;rbs_motif=GGAG/GAGG;rbs_spacer=5-10bp;gc_cont=0.380	WP_000002068.1 MULTISPECIES: pseudouridine-5'-phosphate glycosidase [Staphylococcus]	100	99.7	6.53e-209
BAAHUE010000001.1_175|165533|166651|-1|ID=1_175;partial=00;start_type=ATG;rbs_motif=AGGAG;rbs_spacer=5-10bp;gc_cont=0.340	WP_001283977.1 MULTISPECIES: carbohydrate kinase [Staphylococcus]	100	99.7	1.56e-267
BAAHUE010000001.1_176|166994|168031|-1|ID=1_176;partial=00;start_type=ATG;rbs_motif=None;rbs_spacer=None;gc_cont=0.385	WP_223810476.1 PTS sugar transporter subunit IIC [Staphylococcus aureus]	99.7	96.0	8.39e-205
BAAHUE010000001.1_177|168233|168910|-1|ID=1_177;partial=00;start_type=ATG;rbs_motif=AGGAG;rbs_spacer=5-10bp;gc_cont=0.335	WP_000911019.1 MULTISPECIES: ABC transporter ATP-binding protein [Staphylococcus]	100	99.6	8.13e-153
BAAHUE010000001.1_178|168923|169972|-1|ID=1_178;partial=00;start_type=ATG;rbs_motif=GGAG/GAGG;rbs_spacer=5-10bp;gc_cont=0.334	WP_000477934.1 MULTISPECIES: ABC transporter permease [Staphylococcus]	100	99.7	5.11e-234
BAAHUE010000001.1_179|170221|171111|-1|ID=1_179;partial=00;start_type=ATG;rbs_motif=GGAG/GAGG;rbs_spacer=5-10bp;gc_cont=0.332	WP_001033876.1 MULTISPECIES: 5'-nucleotidase, lipoprotein e(P4) family [Staphylococcus]	100	99.7	2.19e-206
BAAHUE010000001.1_180|171695|173002|1|ID=1_180;partial=00;start_type=TTG;rbs_motif=AGGA;rbs_spacer=5-10bp;gc_cont=0.359	WP_000745099.1 MULTISPECIES: branched-chain amino acid transport system II carrier protein BrnQ2 [Staphylococcus]	100	99.8	4.82e-303
BAAHUE010000001.1_181|173218|174063|1|ID=1_181;partial=00;start_type=ATG;rbs_motif=None;rbs_spacer=None;gc_cont=0.332	WP_000834168.1 formate/nitrite transporter family protein [Staphylococcus aureus]	100	99.6	3.45e-191
BAAHUE010000001.1_182|174279|174677|-1|ID=1_182;partial=00;start_type=ATG;rbs_motif=AGGAG;rbs_spacer=5-10bp;gc_cont=0.316	WP_000415675.1 MULTISPECIES: DUF4064 domain-containing protein [Staphylococcus]	100	99.2	1.62e-75
BAAHUE010000001.1_183|174830|175204|-1|ID=1_183;partial=00;start_type=ATG;rbs_motif=AGGAG;rbs_spacer=5-10bp;gc_cont=0.267	WP_000822161.1 MULTISPECIES: DUF4467 domain-containing protein [Staphylococcus]	100	99.2	4.80e-80
BAAHUE010000001.1_184|175826|176314|-1|ID=1_184;partial=00;start_type=ATG;rbs_motif=GGA/GAG/AGG;rbs_spacer=5-10bp;gc_cont=0.305	WP_141061082.1 TIGR01741 family protein [Staphylococcus aureus]	96.3	99.4	1.34e-111
BAAHUE010000001.1_185|176325|176825|-1|ID=1_185;partial=00;start_type=ATG;rbs_motif=GGAG/GAGG;rbs_spacer=5-10bp;gc_cont=0.301	WP_000141947.1 MULTISPECIES: TIGR01741 family protein [Staphylococcus]	100	99.4	6.61e-123
BAAHUE010000001.1_186|176836|177336|-1|ID=1_186;partial=00;start_type=ATG;rbs_motif=GGAG/GAGG;rbs_spacer=5-10bp;gc_cont=0.301	WP_108932413.1 TIGR01741 family protein [Staphylococcus aureus]	100	99.4	5.03e-118
BAAHUE010000001.1_187|177347|177847|-1|ID=1_187;partial=00;start_type=ATG;rbs_motif=GGA/GAG/AGG;rbs_spacer=5-10bp;gc_cont=0.303	WP_150060326.1 antitoxin YezG family protein [Staphylococcus aureus]	100	99.4	1.75e-118
BAAHUE010000001.1_188|177858|178358|-1|ID=1_188;partial=00;start_type=ATG;rbs_motif=GGA/GAG/AGG;rbs_spacer=5-10bp;gc_cont=0.299	WP_150014962.1 TIGR01741 family protein [Staphylococcus aureus]	100	99.4	1.28e-120
BAAHUE010000001.1_189|178944|179627|-1|ID=1_189;partial=00;start_type=ATG;rbs_motif=AGGAG;rbs_spacer=5-10bp;gc_cont=0.268	WP_000208414.1 DUF5079 family protein [Staphylococcus aureus]	100	99.6	8.71e-149
BAAHUE010000001.1_190|179835|180326|-1|ID=1_190;partial=00;start_type=ATG;rbs_motif=GGAG/GAGG;rbs_spacer=5-10bp;gc_cont=0.289	WP_000142049.1 MULTISPECIES: TIGR01741 family protein [Staphylococcus]	100	99.4	1.57e-115
BAAHUE010000001.1_191|180337|182181|-1|ID=1_191;partial=00;start_type=ATG;rbs_motif=GGA/GAG/AGG;rbs_spacer=5-10bp;gc_cont=0.357	WP_123090409.1 DNA/RNA non-specific endonuclease [Staphylococcus aureus]	98.9	99.8	0.0
BAAHUE010000001.1_192|182191|182508|-1|ID=1_192;partial=00;start_type=ATG;rbs_motif=GGA/GAG/AGG;rbs_spacer=5-10bp;gc_cont=0.368	WP_000175722.1 MULTISPECIES: type VII secretion system extracellular protein EsxD [Staphylococcus]	100	99.1	3.14e-67
BAAHUE010000001.1_193|182508|183185|-1|ID=1_193;partial=00;start_type=ATG;rbs_motif=GGA/GAG/AGG;rbs_spacer=5-10bp;gc_cont=0.296	WP_000655875.1 MULTISPECIES: DUF5081 family protein [Staphylococcus]	100	99.1	1.79e-158
BAAHUE010000001.1_194|183182|183496|-1|ID=1_194;partial=00;start_type=ATG;rbs_motif=GGAG/GAGG;rbs_spacer=5-10bp;gc_cont=0.387	WP_000509668.1 MULTISPECIES: WXG100 family type VII secretion effector EsxB [Staphylococcus]	100	99.0	1.98e-65
BAAHUE010000001.1_195|183512|183904|-1|ID=1_195;partial=00;start_type=ATG;rbs_motif=AGGAGG;rbs_spacer=5-10bp;gc_cont=0.310	WP_001010289.1 MULTISPECIES: type VII secretion substrate EsaC [Staphylococcus]	100	99.2	7.50e-80
BAAHUE010000001.1_196|183934|188373|-1|ID=1_196;partial=00;start_type=ATG;rbs_motif=GGAG/GAGG;rbs_spacer=5-10bp;gc_cont=0.340	WP_000549278.1 MULTISPECIES: type VII secretion protein EssC [Staphylococcus]	100	99.9	0.0
BAAHUE010000001.1_197|188395|189729|-1|ID=1_197;partial=00;start_type=ATG;rbs_motif=AGGAG;rbs_spacer=5-10bp;gc_cont=0.300	WP_031796234.1 type VII secretion protein EssB, partial [Staphylococcus aureus]	100	87.9	2.16e-276
BAAHUE010000001.1_198|189742|189984|-1|ID=1_198;partial=00;start_type=ATG;rbs_motif=AGGA/GGAG/GAGG;rbs_spacer=11-12bp;gc_cont=0.296	WP_001071606.1 MULTISPECIES: type VII secretion protein EsaB [Staphylococcus]	100	98.8	3.02e-49
BAAHUE010000001.1_199|189956|190414|-1|ID=1_199;partial=00;start_type=ATG;rbs_motif=GGA/GAG/AGG;rbs_spacer=5-10bp;gc_cont=0.327	WP_000928935.1 MULTISPECIES: type VII secretion protein EssA [Staphylococcus]	100	99.3	7.91e-97
BAAHUE010000001.1_200|190414|193443|-1|ID=1_200;partial=00;start_type=ATG;rbs_motif=AGGA;rbs_spacer=5-10bp;gc_cont=0.309	WP_000728949.1 MULTISPECIES: type VII secretion protein EsaA [Staphylococcus]	100	99.9	0.0
BAAHUE010000001.1_201|193527|193820|-1|ID=1_201;partial=00;start_type=ATG;rbs_motif=AGGAG;rbs_spacer=5-10bp;gc_cont=0.378	WP_001240826.1 MULTISPECIES: WXG100 family type VII secretion effector EsxA [Staphylococcus]	100	99.0	5.04e-58
BAAHUE010000001.1_202|194059|194961|1|ID=1_202;partial=00;start_type=ATG;rbs_motif=GGA/GAG/AGG;rbs_spacer=5-10bp;gc_cont=0.373	WP_000751207.1 MULTISPECIES: CHAP domain-containing protein [Staphylococcus]	100	98.7	3.96e-208
BAAHUE010000001.1_203|195104|195691|-1|ID=1_203;partial=00;start_type=ATG;rbs_motif=AGGAG;rbs_spacer=5-10bp;gc_cont=0.281	WP_000583198.1 MULTISPECIES: DUF5080 family protein [Staphylococcus]	100	99.5	2.09e-122
BAAHUE010000001.1_204|195725|196378|-1|ID=1_204;partial=00;start_type=ATG;rbs_motif=AGGA/GGAG/GAGG;rbs_spacer=11-12bp;gc_cont=0.277	WP_000421225.1 MULTISPECIES: DUF5079 family protein [Staphylococcus]	100	99.5	1.46e-142
BAAHUE010000001.1_205|196649|198172|1|ID=1_205;partial=00;start_type=ATG;rbs_motif=GGAG/GAGG;rbs_spacer=5-10bp;gc_cont=0.284	WP_000038517.1 MULTISPECIES: DUF6583 family protein [Staphylococcus]	100	99.8	0.0
BAAHUE010000001.1_206|198240|199406|1|ID=1_206;partial=00;start_type=ATG;rbs_motif=AGGAG;rbs_spacer=5-10bp;gc_cont=0.319	WP_000848764.1 MULTISPECIES: ABC transporter permease [Staphylococcus]	100	99.7	4.98e-263
BAAHUE010000001.1_207|199403|200323|1|ID=1_207;partial=00;start_type=ATG;rbs_motif=GGAG/GAGG;rbs_spacer=5-10bp;gc_cont=0.316	WP_000806113.1 MULTISPECIES: ABC transporter permease [Staphylococcus]	100	99.7	3.66e-194
BAAHUE010000001.1_208|200337|200996|1|ID=1_208;partial=00;start_type=ATG;rbs_motif=AGGAG;rbs_spacer=5-10bp;gc_cont=0.314	WP_000570071.1 MULTISPECIES: ABC transporter ATP-binding protein [Staphylococcus]	100	99.5	3.22e-156
BAAHUE010000001.1_209|201048|202016|-1|ID=1_209;partial=00;start_type=ATG;rbs_motif=None;rbs_spacer=None;gc_cont=0.396	WP_000736798.1 MULTISPECIES: glycine-glycine endopeptidase LytM [Staphylococcus]	100	97.8	1.21e-226
BAAHUE010000001.1_210|202324|203316|-1|ID=1_210;partial=00;start_type=ATG;rbs_motif=AGGAG;rbs_spacer=5-10bp;gc_cont=0.354	WP_000337364.1 MULTISPECIES: choloylglycine hydrolase family protein [Staphylococcus]	100	99.7	3.68e-247
BAAHUE010000001.1_211|203550|204926|1|ID=1_211;partial=00;start_type=GTG;rbs_motif=AGGAG;rbs_spacer=5-10bp;gc_cont=0.375	WP_001066545.1 MULTISPECIES: MFS transporter [Staphylococcus]	100	99.8	1.64e-308
BAAHUE010000001.1_212|204967|205371|-1|ID=1_212;partial=00;start_type=TTG;rbs_motif=None;rbs_spacer=None;gc_cont=0.306	WP_151180494.1 transposase, partial [Staphylococcus aureus]	99.2	91.1	5.33e-84
BAAHUE010000001.1_213|205599|205991|-1|ID=1_213;partial=00;start_type=ATG;rbs_motif=GGAG/GAGG;rbs_spacer=5-10bp;gc_cont=0.265	WP_001159765.1 MULTISPECIES: hypothetical protein [Staphylococcus]	100	99.2	8.78e-88
BAAHUE010000001.1_214|206371|207369|1|ID=1_214;partial=00;start_type=ATG;rbs_motif=AGGA;rbs_spacer=5-10bp;gc_cont=0.373	WP_000757880.1 MULTISPECIES: ribose utilization transcriptional repressor RbsR [Staphylococcus]	100	99.7	1.00e-236
BAAHUE010000001.1_215|207601|208482|1|ID=1_215;partial=00;start_type=ATG;rbs_motif=GGAG/GAGG;rbs_spacer=5-10bp;gc_cont=0.384	WP_000029204.1 MULTISPECIES: ribose/proton symporter RbsU [Staphylococcus]	100	99.7	1.37e-203
BAAHUE010000001.1_216|208497|208901|1|ID=1_216;partial=00;start_type=ATG;rbs_motif=AGGAG;rbs_spacer=5-10bp;gc_cont=0.321	WP_000747873.1 MULTISPECIES: D-ribose pyranase [Staphylococcus]	100	99.3	5.86e-88
BAAHUE010000001.1_217|208929|209843|1|ID=1_217;partial=00;start_type=ATG;rbs_motif=AGGAG;rbs_spacer=5-10bp;gc_cont=0.376	WP_000182751.1 MULTISPECIES: ribokinase [Staphylococcus]	100	99.7	2.11e-208
BAAHUE010000001.1_218|210094|210855|1|ID=1_218;partial=00;start_type=ATG;rbs_motif=AGGAG;rbs_spacer=5-10bp;gc_cont=0.344	WP_000031268.1 MULTISPECIES: class I SAM-dependent methyltransferase [Staphylococcus]	100	99.6	1.31e-181
BAAHUE010000001.1_219|211026|211217|-1|ID=1_219;partial=00;start_type=ATG;rbs_motif=None;rbs_spacer=None;gc_cont=0.375	WP_000596691.1 hypothetical protein, partial [Staphylococcus aureus]	90.3	96.9	3.27e-32
BAAHUE010000001.1_220|211289|212725|-1|ID=1_220;partial=00;start_type=ATG;rbs_motif=AGGA/GGAG/GAGG;rbs_spacer=11-12bp;gc_cont=0.368	WP_000163988.1 MULTISPECIES: 6-phospho-beta-glucosidase [Staphylococcus]	100	99.8	0.0
BAAHUE010000001.1_221|212741|213532|-1|ID=1_221;partial=00;start_type=ATG;rbs_motif=AGGA/GGAG/GAGG;rbs_spacer=11-12bp;gc_cont=0.348	WP_000066938.1 MULTISPECIES: glucose PTS transporter subunit IIA [Staphylococcus]	100	99.6	1.35e-179
BAAHUE010000001.1_222|213681|214385|1|ID=1_222;partial=00;start_type=TTG;rbs_motif=GGAG/GAGG;rbs_spacer=5-10bp;gc_cont=0.335	WP_000922329.1 MULTISPECIES: GntR family transcriptional regulator [Staphylococcus]	100	99.6	1.07e-166
BAAHUE010000001.1_223|214493|215194|-1|ID=1_223;partial=00;start_type=ATG;rbs_motif=AGGAG;rbs_spacer=5-10bp;gc_cont=0.366	WP_000607067.1 MULTISPECIES: antiholin-like protein LrgB [Staphylococcus]	100	99.6	4.81e-149
BAAHUE010000001.1_224|215187|215630|-1|ID=1_224;partial=00;start_type=ATG;rbs_motif=GGA/GAG/AGG;rbs_spacer=5-10bp;gc_cont=0.347	WP_001792906.1 MULTISPECIES: antiholin-like murein hydrolase modulator LrgA [Staphylococcus]	100	99.3	2.67e-88
BAAHUE010000001.1_225|215743|216483|-1|ID=1_225;partial=00;start_type=ATG;rbs_motif=AGGAG;rbs_spacer=5-10bp;gc_cont=0.323	WP_000645452.1 MULTISPECIES: response regulator transcription factor LytR [Staphylococcus]	100	99.6	5.09e-171
BAAHUE010000001.1_226|216486|218225|-1|ID=1_226;partial=00;start_type=ATG;rbs_motif=None;rbs_spacer=None;gc_cont=0.355	WP_000925394.1 sensor histidine kinase [Staphylococcus aureus]	100	99.8	0.0
BAAHUE010000001.1_227|218487|219161|-1|ID=1_227;partial=00;start_type=ATG;rbs_motif=AGGAG;rbs_spacer=5-10bp;gc_cont=0.326	WP_000608826.1 MULTISPECIES: iron-sulfur cluster repair di-iron protein ScdA [Staphylococcus]	100	99.6	7.29e-160
BAAHUE010000001.1_228|219301|221025|-1|ID=1_228;partial=00;start_type=ATG;rbs_motif=GGAG/GAGG;rbs_spacer=5-10bp;gc_cont=0.319	WP_000975357.1 MULTISPECIES: poly(ribitol-phosphate) beta-N-acetylglucosaminyltransferase [Staphylococcus]	100	99.8	0.0
BAAHUE010000001.1_229|221058|222746|-1|ID=1_229;partial=00;start_type=TTG;rbs_motif=AGGA;rbs_spacer=5-10bp;gc_cont=0.319	WP_000240920.1 MULTISPECIES: teichoic acid ribitol-phosphate polymerase TarL [Staphylococcus]	100	99.8	0.0
BAAHUE010000001.1_230|222768|223820|-1|ID=1_230;partial=00;start_type=ATG;rbs_motif=None;rbs_spacer=None;gc_cont=0.338	WP_000610203.1 MULTISPECIES: ribitol-5-phosphate dehydrogenase [Staphylococcus]	100	97.2	5.95e-245
BAAHUE010000001.1_231|223786|224502|-1|ID=1_231;partial=00;start_type=ATG;rbs_motif=GGAG/GAGG;rbs_spacer=5-10bp;gc_cont=0.322	WP_000872486.1 MULTISPECIES: D-ribitol-5-phosphate cytidylyltransferase [Staphylococcus]	100	99.6	1.71e-165
BAAHUE010000001.1_232|224778|225947|-1|ID=1_232;partial=00;start_type=ATG;rbs_motif=GGAG/GAGG;rbs_spacer=5-10bp;gc_cont=0.334	WP_000594815.1 MULTISPECIES: teichoic acid glycerol-phosphate transferase TarF [Staphylococcus]	100	99.7	1.02e-292
BAAHUE010000001.1_233|226375|228069|-1|ID=1_233;partial=00;start_type=ATG;rbs_motif=GGA/GAG/AGG;rbs_spacer=5-10bp;gc_cont=0.328	WP_000167985.1 MULTISPECIES: teichoic acid ribitol-phosphate polymerase TarK [Staphylococcus]	100	99.8	0.0
BAAHUE010000001.1_234|228091|229116|-1|ID=1_234;partial=00;start_type=ATG;rbs_motif=GGA/GAG/AGG;rbs_spacer=11-12bp;gc_cont=0.350	WP_000610189.1 MULTISPECIES: alcohol dehydrogenase catalytic domain-containing protein [Staphylococcus]	100	99.7	1.83e-248
BAAHUE010000001.1_235|229109|229825|-1|ID=1_235;partial=00;start_type=ATG;rbs_motif=GGAG/GAGG;rbs_spacer=5-10bp;gc_cont=0.329	WP_000638476.1 2-C-methyl-D-erythritol 4-phosphate cytidylyltransferase [Staphylococcus aureus]	100	99.6	1.40e-164
BAAHUE010000001.1_236|230353|231396|-1|ID=1_236;partial=00;start_type=GTG;rbs_motif=GGAG/GAGG;rbs_spacer=5-10bp;gc_cont=0.379	WP_108932411.1 galactitol-1-phosphate 5-dehydrogenase [Staphylococcus aureus]	100	99.7	8.49e-257
BAAHUE010000001.1_237|231420|231566|-1|ID=1_237;partial=00;start_type=ATG;rbs_motif=AGGAG;rbs_spacer=5-10bp;gc_cont=0.299	WP_000230358.1 MULTISPECIES: hypothetical protein [Bacteria]	100	98.0	3.61e-25
BAAHUE010000001.1_238|231568|232626|-1|ID=1_238;partial=00;start_type=GTG;rbs_motif=GGAG/GAGG;rbs_spacer=5-10bp;gc_cont=0.366	WP_108932410.1 zinc-binding dehydrogenase [Staphylococcus aureus]	99.7	99.4	1.79e-258
BAAHUE010000001.1_239|232641|233900|-1|ID=1_239;partial=00;start_type=ATG;rbs_motif=GGAG/GAGG;rbs_spacer=5-10bp;gc_cont=0.367	WP_000120104.1 MULTISPECIES: PTS galactitol transporter subunit IIC [Staphylococcus]	100	99.8	6.59e-286
BAAHUE010000001.1_240|234127|234405|-1|ID=1_240;partial=00;start_type=ATG;rbs_motif=GGAG/GAGG;rbs_spacer=5-10bp;gc_cont=0.305	WP_000815795.1 MULTISPECIES: PTS sugar transporter subunit IIB [Bacilli]	100	98.9	5.84e-57
BAAHUE010000001.1_241|234428|234895|-1|ID=1_241;partial=00;start_type=ATG;rbs_motif=GGAG/GAGG;rbs_spacer=5-10bp;gc_cont=0.350	WP_000531476.1 MULTISPECIES: PTS sugar transporter subunit IIA [Staphylococcus]	100	99.4	2.64e-101
BAAHUE010000001.1_242|234880|236976|-1|ID=1_242;partial=00;start_type=ATG;rbs_motif=AGGAG;rbs_spacer=5-10bp;gc_cont=0.330	WP_001012749.1 BglG family transcription antiterminator [Staphylococcus aureus]	99.9	99.9	0.0
BAAHUE010000001.1_243|237315|238250|-1|ID=1_243;partial=00;start_type=ATG;rbs_motif=GGA/GAG/AGG;rbs_spacer=5-10bp;gc_cont=0.395	WP_000823215.1 MULTISPECIES: nucleoside hydrolase [Staphylococcus]	99.7	99.7	1.98e-221
BAAHUE010000001.1_244|238612|240141|1|ID=1_244;partial=00;start_type=ATG;rbs_motif=AGGAG;rbs_spacer=5-10bp;gc_cont=0.393	WP_000838204.1 MULTISPECIES: PTS transporter subunit EIIC [Staphylococcus]	100	99.8	0.0
BAAHUE010000001.1_245|240461|241414|-1|ID=1_245;partial=00;start_type=ATG;rbs_motif=GGAG/GAGG;rbs_spacer=5-10bp;gc_cont=0.373	WP_001031882.1 MULTISPECIES: L-lactate dehydrogenase [Bacilli]	100	99.7	7.77e-222
BAAHUE010000001.1_246|241987|243132|1|ID=1_246;partial=00;start_type=ATG;rbs_motif=AGGAG;rbs_spacer=5-10bp;gc_cont=0.348	WP_000954810.1 MULTISPECIES: globin domain-containing protein [Staphylococcus]	100	99.7	3.57e-273
BAAHUE010000001.1_247|243158|243331|1|ID=1_247;partial=00;start_type=ATG;rbs_motif=AGGA/GGAG/GAGG;rbs_spacer=11-12bp;gc_cont=0.259	WP_000773989.1 MULTISPECIES: hypothetical protein [Staphylococcus]	100	98.3	2.46e-29
BAAHUE010000001.1_248|243488|243844|1|ID=1_248;partial=00;start_type=ATG;rbs_motif=AGGAG;rbs_spacer=5-10bp;gc_cont=0.353	WP_000215216.1 MULTISPECIES: DUF488 domain-containing protein [Staphylococcus]	100	99.2	8.82e-80
BAAHUE010000001.1_249|244042|245517|1|ID=1_249;partial=00;start_type=ATG;rbs_motif=GGA/GAG/AGG;rbs_spacer=5-10bp;gc_cont=0.310	WP_000669653.1 MULTISPECIES: nickel ABC transporter substrate-binding protein [Staphylococcus]	100	99.8	0.0
BAAHUE010000001.1_250|245831|247060|-1|ID=1_250;partial=00;start_type=ATG;rbs_motif=GGA/GAG/AGG;rbs_spacer=5-10bp;gc_cont=0.343	WP_001789851.1 MULTISPECIES: PrsW family intramembrane metalloprotease [Staphylococcus]	100	92.7	1.92e-259
BAAHUE010000001.1_251|247414|248991|1|ID=1_251;partial=00;start_type=ATG;rbs_motif=None;rbs_spacer=None;gc_cont=0.368	WP_001789452.1 MULTISPECIES: fatty acid degradation protein FadX [Staphylococcus]	100	99.8	0.0
BAAHUE010000001.1_252|249017|250522|1|ID=1_252;partial=00;start_type=ATG;rbs_motif=GGA/GAG/AGG;rbs_spacer=5-10bp;gc_cont=0.373	WP_001008401.1 MULTISPECIES: long-chain-fatty-acid--CoA ligase FadD [Staphylococcus]	100	99.8	0.0
BAAHUE010000001.1_253|250634|251845|1|ID=1_253;partial=00;start_type=ATG;rbs_motif=AGGAG;rbs_spacer=5-10bp;gc_cont=0.394	WP_000142189.1 MULTISPECIES: acyl-CoA dehydrogenase FadE [Staphylococcus]	100	99.8	5.28e-293
BAAHUE010000001.1_254|252031|254292|1|ID=1_254;partial=00;start_type=ATG;rbs_motif=GGAG/GAGG;rbs_spacer=5-10bp;gc_cont=0.374	WP_000154514.1 MULTISPECIES: 3-hydroxyacyl-CoA dehydrogenase/crotonase FadB [Staphylococcus]	100	99.9	0.0
BAAHUE010000001.1_255|254322|255506|1|ID=1_255;partial=00;start_type=ATG;rbs_motif=GGAG/GAGG;rbs_spacer=5-10bp;gc_cont=0.433	WP_430368008.1 thiolase family protein [Staphylococcus aureus]	99.5	99.7	1.53e-276
BAAHUE010000001.1_256|256109|257695|-1|ID=1_256;partial=00;start_type=ATG;rbs_motif=AGGA/GGAG/GAGG;rbs_spacer=11-12bp;gc_cont=0.327	WP_108932409.1 staphylocoagulase [Staphylococcus aureus]	100	99.8	0.0
BAAHUE010000001.1_257|257885|258229|1|ID=1_257;partial=00;start_type=ATG;rbs_motif=AGGAG;rbs_spacer=5-10bp;gc_cont=0.319	WP_000211597.1 MULTISPECIES: complement inhibitor SCIN family protein [Staphylococcus]	100	99.1	1.61e-71
BAAHUE010000001.1_258|258393|260156|-1|ID=1_258;partial=00;start_type=ATG;rbs_motif=GGAG/GAGG;rbs_spacer=5-10bp;gc_cont=0.310	WP_000822608.1 MULTISPECIES: glycerophosphoryl diester phosphodiesterase membrane domain-containing protein [Staphylococcus]	100	99.8	0.0
BAAHUE010000001.1_259|260492|261247|-1|ID=1_259;partial=00;start_type=ATG;rbs_motif=GGA/GAG/AGG;rbs_spacer=5-10bp;gc_cont=0.362	WP_000911657.1 MULTISPECIES: pyruvate formate-lyase-activating protein [Staphylococcus]	100	99.6	5.37e-189
BAAHUE010000001.1_260|261270|263519|-1|ID=1_260;partial=00;start_type=ATG;rbs_motif=GGAG/GAGG;rbs_spacer=5-10bp;gc_cont=0.366	WP_000894660.1 MULTISPECIES: formate C-acetyltransferase [Staphylococcus]	100	99.9	0.0
BAAHUE010000001.1_261|264107|265075|1|ID=1_261;partial=00;start_type=ATG;rbs_motif=None;rbs_spacer=None;gc_cont=0.342	WP_000837105.1 MULTISPECIES: ABC transporter substrate-binding protein [Staphylococcus]	100	99.7	1.93e-229
BAAHUE010000001.1_262|265072|266628|1|ID=1_262;partial=00;start_type=ATG;rbs_motif=GGAG/GAGG;rbs_spacer=5-10bp;gc_cont=0.328	WP_000127982.1 MULTISPECIES: sensor histidine kinase [Staphylococcus]	100	99.8	0.0
BAAHUE010000001.1_263|266621|267379|1|ID=1_263;partial=00;start_type=ATG;rbs_motif=GGA/GAG/AGG;rbs_spacer=5-10bp;gc_cont=0.327	WP_000477521.1 MULTISPECIES: response regulator transcription factor [Staphylococcus]	100	99.6	7.30e-183
BAAHUE010000001.1_264|267738|269135|-1|ID=1_264;partial=00;start_type=ATG;rbs_motif=None;rbs_spacer=None;gc_cont=0.363	WP_001008722.1 MULTISPECIES: hexose-6-phosphate:phosphate antiporter [Staphylococcus]	100	98.5	0.0
BAAHUE010000001.1_265|269350|269844|1|ID=1_265;partial=00;start_type=ATG;rbs_motif=GGAG/GAGG;rbs_spacer=5-10bp;gc_cont=0.265	WP_000603754.1 MULTISPECIES: isoprenylcysteine carboxyl methyltransferase family protein [Staphylococcus]	100	99.4	8.00e-105
BAAHUE010000001.1_266|270205|271173|-1|ID=1_266;partial=00;start_type=ATG;rbs_motif=AGGAG;rbs_spacer=5-10bp;gc_cont=0.359	WP_000690419.1 MULTISPECIES: sugar phosphate isomerase/epimerase family protein [Staphylococcus]	100	99.7	6.59e-246
BAAHUE010000001.1_267|271228|272268|-1|ID=1_267;partial=00;start_type=ATG;rbs_motif=AGGAG;rbs_spacer=5-10bp;gc_cont=0.395	WP_000163809.1 MULTISPECIES: Gfo/Idh/MocA family protein [Staphylococcus]	100	99.7	1.52e-254
BAAHUE010000001.1_268|272293|273372|-1|ID=1_268;partial=00;start_type=ATG;rbs_motif=AGGAG;rbs_spacer=5-10bp;gc_cont=0.389	WP_108932407.1 Gfo/Idh/MocA family protein [Staphylococcus aureus]	100	99.4	2.47e-264
BAAHUE010000001.1_269|273443|274282|-1|ID=1_269;partial=00;start_type=ATG;rbs_motif=GGAG/GAGG;rbs_spacer=5-10bp;gc_cont=0.339	WP_000162661.1 MULTISPECIES: sugar ABC transporter permease [Staphylococcus]	100	99.6	1.91e-187
BAAHUE010000001.1_270|274284|275552|-1|ID=1_270;partial=00;start_type=ATG;rbs_motif=AGGAG;rbs_spacer=5-10bp;gc_cont=0.355	WP_086098788.1 sugar ABC transporter permease [Staphylococcus aureus]	98.8	99.8	5.35e-298
BAAHUE010000001.1_271|275555|276826|-1|ID=1_271;partial=00;start_type=ATG;rbs_motif=GGAG/GAGG;rbs_spacer=5-10bp;gc_cont=0.340	WP_000034961.1 MULTISPECIES: maltodextrin ABC transporter substrate-binding protein [Staphylococcus]	100	99.8	1.29e-310
BAAHUE010000001.1_272|276839|277936|-1|ID=1_272;partial=00;start_type=ATG;rbs_motif=GGAG/GAGG;rbs_spacer=5-10bp;gc_cont=0.351	WP_000818914.1 MULTISPECIES: ABC transporter ATP-binding protein [Staphylococcus]	100	99.7	7.94e-262
BAAHUE010000001.1_273|278319|278897|-1|ID=1_273;partial=00;start_type=ATG;rbs_motif=GGA/GAG/AGG;rbs_spacer=5-10bp;gc_cont=0.361	WP_000166917.1 MULTISPECIES: M23 family metallopeptidase [Staphylococcus]	100	99.5	2.14e-143
BAAHUE010000001.1_274|279106|279732|1|ID=1_274;partial=00;start_type=ATG;rbs_motif=AGGAG;rbs_spacer=5-10bp;gc_cont=0.322	WP_001151451.1 MULTISPECIES: FMN-dependent NADH-azoreductase [Staphylococcus]	100	99.5	1.17e-148
BAAHUE010000001.1_275|279892|280695|1|ID=1_275;partial=00;start_type=ATG;rbs_motif=None;rbs_spacer=None;gc_cont=0.299	WP_000643616.1 MULTISPECIES: tandem-type lipoprotein [Staphylococcus]	100	95.9	8.94e-180
BAAHUE010000001.1_276|280993|282999|-1|ID=1_276;partial=00;start_type=ATG;rbs_motif=AGGAG;rbs_spacer=5-10bp;gc_cont=0.376	WP_000236428.1 MULTISPECIES: gamma-glutamyltransferase [Staphylococcus]	100	99.9	0.0
BAAHUE010000001.1_277|283037|284812|-1|ID=1_277;partial=00;start_type=GTG;rbs_motif=GGA/GAG/AGG;rbs_spacer=5-10bp;gc_cont=0.333	WP_108932406.1 ABC transporter substrate-binding protein [Staphylococcus aureus]	100	99.8	0.0
BAAHUE010000001.1_278|284829|285992|-1|ID=1_278;partial=00;start_type=ATG;rbs_motif=AGGA;rbs_spacer=5-10bp;gc_cont=0.346	WP_000057899.1 MULTISPECIES: ABC transporter permease [Staphylococcus]	100	99.7	2.60e-253
BAAHUE010000001.1_279|285998|287431|-1|ID=1_279;partial=00;start_type=ATG;rbs_motif=None;rbs_spacer=None;gc_cont=0.328	WP_001797475.1 MULTISPECIES: ABC transporter permease [Staphylococcus]	100	99.8	7.21e-314
BAAHUE010000001.1_280|287433|289025|1|ID=1_280;partial=00;start_type=ATG;rbs_motif=GGAG/GAGG;rbs_spacer=5-10bp;gc_cont=0.357	WP_000067349.1 MULTISPECIES: ABC transporter ATP-binding protein [Staphylococcus]	100	99.8	0.0
BAAHUE010000001.1_281|289290|290402|-1|ID=1_281;partial=00;start_type=ATG;rbs_motif=GGAG/GAGG;rbs_spacer=5-10bp;gc_cont=0.273	WP_000686457.1 MULTISPECIES: RES domain-containing protein [Staphylococcus]	100	99.7	1.89e-267
BAAHUE010000001.1_282|290389|291312|-1|ID=1_282;partial=00;start_type=ATG;rbs_motif=AGGAG;rbs_spacer=5-10bp;gc_cont=0.297	WP_000291761.1 MULTISPECIES: sce7725 family protein [Staphylococcus]	100	99.7	5.29e-224
BAAHUE010000001.1_283|291314|292156|-1|ID=1_283;partial=00;start_type=ATG;rbs_motif=AGGAG;rbs_spacer=5-10bp;gc_cont=0.284	WP_000370334.1 MULTISPECIES: sce7726 family protein [Staphylococcus]	100	99.6	4.23e-196
BAAHUE010000001.1_284|292361|295150|-1|ID=1_284;partial=00;start_type=ATG;rbs_motif=GGA/GAG/AGG;rbs_spacer=5-10bp;gc_cont=0.332	WP_000331347.1 MULTISPECIES: type I restriction endonuclease subunit R [Staphylococcus]	100	99.9	0.0
BAAHUE010000001.1_285|295838|296716|-1|ID=1_285;partial=00;start_type=ATG;rbs_motif=None;rbs_spacer=None;gc_cont=0.344	WP_000181827.1 MurR/RpiR family transcriptional regulator [Staphylococcus aureus]	92.4	99.3	6.81e-185
BAAHUE010000001.1_286|296716|298170|-1|ID=1_286;partial=00;start_type=ATG;rbs_motif=AGGAG;rbs_spacer=5-10bp;gc_cont=0.381	WP_000159750.1 MULTISPECIES: PTS transporter subunit EIIC [Staphylococcus]	100	99.8	0.0
BAAHUE010000001.1_287|298182|299078|-1|ID=1_287;partial=00;start_type=ATG;rbs_motif=AGGA/GGAG/GAGG;rbs_spacer=11-12bp;gc_cont=0.381	WP_000432017.1 MULTISPECIES: N-acetylmuramic acid 6-phosphate etherase [Staphylococcus]	100	99.7	7.03e-204
BAAHUE010000001.1_288|299078|300118|-1|ID=1_288;partial=00;start_type=GTG;rbs_motif=GGA/GAG/AGG;rbs_spacer=5-10bp;gc_cont=0.353	WP_001802887.1 6-phospho-N-acetylmuramidase [Staphylococcus aureus]	99.7	99.7	2.63e-255
BAAHUE010000001.1_289|300719|302764|1|ID=1_289;partial=00;start_type=GTG;rbs_motif=GGAG/GAGG;rbs_spacer=5-10bp;gc_cont=0.378	WP_001227724.1 MULTISPECIES: glucose-specific PTS transporter subunit IIBC [Staphylococcus]	100	99.9	0.0
BAAHUE010000001.1_290|303038|304678|1|ID=1_290;partial=00;start_type=ATG;rbs_motif=AGxAGG/AGGxGG;rbs_spacer=5-10bp;gc_cont=0.365	WP_000813555.1 MULTISPECIES: alpha-keto acid decarboxylase family protein [Staphylococcus]	100	99.8	0.0
BAAHUE010000001.1_291|304745|305302|1|ID=1_291;partial=00;start_type=ATG;rbs_motif=AGGA/GGAG/GAGG;rbs_spacer=11-12bp;gc_cont=0.351	WP_000606890.1 MULTISPECIES: isochorismatase family protein [Staphylococcus]	100	99.5	2.83e-131
BAAHUE010000001.1_292|305578|306933|1|ID=1_292;partial=00;start_type=ATG;rbs_motif=AGGAG(G)/GGAGG;rbs_spacer=13-15bp;gc_cont=0.330	WP_000728173.1 MULTISPECIES: branched-chain amino acid transport system II carrier protein BrnQ1 [Staphylococcus]	100	99.8	4.51e-307
BAAHUE010000001.1_293|307159|308370|1|ID=1_293;partial=00;start_type=ATG;rbs_motif=None;rbs_spacer=None;gc_cont=0.378	WP_001084436.1 MULTISPECIES: ornithine--oxo-acid transaminase [Staphylococcus]	100	97.5	8.12e-288
BAAHUE010000001.1_294|308406|309440|1|ID=1_294;partial=00;start_type=ATG;rbs_motif=AGGAG;rbs_spacer=5-10bp;gc_cont=0.355	WP_000598483.1 MULTISPECIES: N-acetyl-gamma-glutamyl-phosphate reductase [Staphylococcus]	100	99.4	1.91e-249
BAAHUE010000001.1_295|309452|310693|1|ID=1_295;partial=00;start_type=ATG;rbs_motif=GGA/GAG/AGG;rbs_spacer=5-10bp;gc_cont=0.381	WP_000682611.1 MULTISPECIES: bifunctional glutamate N-acetyltransferase/amino-acid acetyltransferase ArgJ [Staphylococcus]	100	99.8	2.08e-295
BAAHUE010000001.1_296|310709|311473|1|ID=1_296;partial=00;start_type=ATG;rbs_motif=AGxAGG/AGGxGG;rbs_spacer=5-10bp;gc_cont=0.346	WP_000668894.1 MULTISPECIES: acetylglutamate kinase [Staphylococcus]	100	99.6	2.85e-181
BAAHUE010000001.1_297|311743|312222|1|ID=1_297;partial=00;start_type=ATG;rbs_motif=None;rbs_spacer=None;gc_cont=0.365	WP_001802886.1 MULTISPECIES: YagU family protein [Staphylococcus]	100	99.4	3.07e-111
BAAHUE010000001.1_298|312550|313194|-1|ID=1_298;partial=00;start_type=ATG;rbs_motif=GGA/GAG/AGG;rbs_spacer=5-10bp;gc_cont=0.335	WP_000215724.1 MULTISPECIES: aureusimine biosynthesis 4'-phosphopantetheinyl transferase AusB [Staphylococcus]	100	99.5	1.88e-157
BAAHUE010000001.1_299|313207|320400|-1|ID=1_299;partial=00;start_type=ATG;rbs_motif=GGA/GAG/AGG;rbs_spacer=5-10bp;gc_cont=0.352	WP_000605282.1 MULTISPECIES: aureusimine non-ribosomal peptide synthetase AusA [Staphylococcus]	100	99.7	0.0
BAAHUE010000001.1_300|320829|322079|-1|ID=1_300;partial=00;start_type=ATG;rbs_motif=None;rbs_spacer=None;gc_cont=0.324	WP_000826862.1 MULTISPECIES: MDR family MFS transporter [Staphylococcus]	100	99.8	1.15e-273
BAAHUE010000001.1_301|322465|323490|-1|ID=1_301;partial=00;start_type=ATG;rbs_motif=AGGAG;rbs_spacer=5-10bp;gc_cont=0.350	WP_000706137.1 MULTISPECIES: NAD-dependent formate dehydrogenase [Staphylococcus]	100	99.7	4.31e-247
BAAHUE010000001.1_302|323663|324022|-1|ID=1_302;partial=00;start_type=GTG;rbs_motif=None;rbs_spacer=None;gc_cont=0.328	WP_001092004.1 MULTISPECIES: DUF2294 domain-containing protein [Staphylococcus]	100	99.2	5.50e-79
BAAHUE010000001.1_303|324239|325270|-1|ID=1_303;partial=00;start_type=ATG;rbs_motif=AGGAG;rbs_spacer=5-10bp;gc_cont=0.356	WP_000171648.1 MULTISPECIES: acyl-CoA/acyl-ACP dehydrogenase [Staphylococcus]	100	99.7	1.45e-246
BAAHUE010000001.1_304|325283|326044|-1|ID=1_304;partial=00;start_type=ATG;rbs_motif=AGGAGG;rbs_spacer=5-10bp;gc_cont=0.354	WP_000197958.1 MULTISPECIES: ABC transporter permease [Staphylococcus]	100	99.6	7.26e-179
BAAHUE010000001.1_305|326041|327015|-1|ID=1_305;partial=00;start_type=ATG;rbs_motif=AGGAG;rbs_spacer=5-10bp;gc_cont=0.369	WP_000826685.1 MULTISPECIES: ABC transporter substrate-binding protein [Staphylococcus]	100	99.7	8.29e-241
BAAHUE010000001.1_306|327029|327769|-1|ID=1_306;partial=00;start_type=ATG;rbs_motif=GGA/GAG/AGG;rbs_spacer=5-10bp;gc_cont=0.354	WP_000590853.1 MULTISPECIES: ABC transporter ATP-binding protein [Staphylococcus]	100	99.6	3.47e-178
BAAHUE010000001.1_307|328111|328623|-1|ID=1_307;partial=00;start_type=ATG;rbs_motif=AGGAG;rbs_spacer=5-10bp;gc_cont=0.341	WP_000171919.1 MULTISPECIES: DUF4242 domain-containing protein [Staphylococcus]	100	99.4	9.30e-116
BAAHUE010000001.1_308|328802|329005|1|ID=1_308;partial=00;start_type=ATG;rbs_motif=AGxAGG/AGGxGG;rbs_spacer=5-10bp;gc_cont=0.314	WP_000356963.1 MULTISPECIES: hypothetical protein [Staphylococcus]	100	98.5	8.29e-39
BAAHUE010000001.1_309|329067|330131|-1|ID=1_309;partial=00;start_type=ATG;rbs_motif=None;rbs_spacer=None;gc_cont=0.317	WP_001013484.1 MULTISPECIES: cation diffusion facilitator family transporter [Staphylococcus]	100	89.9	1.38e-216
BAAHUE010000001.1_310|330450|330560|-1|ID=1_310;partial=00;start_type=ATG;rbs_motif=GGA/GAG/AGG;rbs_spacer=5-10bp;gc_cont=0.297	WP_000161255.1 hypothetical protein [Staphylococcus aureus]	76.5	91.9	1.21e-08
BAAHUE010000001.1_311|330687|332174|-1|ID=1_311;partial=00;start_type=ATG;rbs_motif=AGGAG;rbs_spacer=5-10bp;gc_cont=0.362	WP_000290400.1 MULTISPECIES: aldehyde dehydrogenase family protein [Staphylococcus]	100	99.8	0.0
BAAHUE010000001.1_312|332601|332984|1|ID=1_312;partial=00;start_type=ATG;rbs_motif=GGAG/GAGG;rbs_spacer=5-10bp;gc_cont=0.320	WP_001237004.1 MULTISPECIES: YbaN family protein [Staphylococcus]	100	99.2	1.59e-75
BAAHUE010000001.1_313|332991|333317|1|ID=1_313;partial=00;start_type=ATG;rbs_motif=AGGAG;rbs_spacer=5-10bp;gc_cont=0.303	WP_000480603.1 MULTISPECIES: staphylobilin-forming heme oxygenase IsdI [Staphylococcus]	100	99.1	4.22e-71
BAAHUE010000001.1_314|333382|334527|-1|ID=1_314;partial=00;start_type=ATG;rbs_motif=GGAG/GAGG;rbs_spacer=5-10bp;gc_cont=0.362	WP_000723454.1 type 8 capsular polysaccharide synthesis protein Cap8P [Staphylococcus aureus]	100	99.7	2.25e-276
BAAHUE010000001.1_315|334604|335854|-1|ID=1_315;partial=00;start_type=ATG;rbs_motif=GGAG/GAGG;rbs_spacer=5-10bp;gc_cont=0.344	WP_108932405.1 type 8 capsular polysaccharide synthesis protein Cap8O [Staphylococcus aureus]	100	99.8	1.48e-301
BAAHUE010000001.1_316|335908|336795|-1|ID=1_316;partial=00;start_type=ATG;rbs_motif=AGxAGG/AGGxGG;rbs_spacer=11-12bp;gc_cont=0.334	WP_001230670.1 MULTISPECIES: capsular polysaccharide type 5/8 biosynthesis epimerase CapN [Staphylococcus]	100	99.7	2.68e-211
BAAHUE010000001.1_317|336795|337352|-1|ID=1_317;partial=00;start_type=ATG;rbs_motif=AGGAG;rbs_spacer=5-10bp;gc_cont=0.324	WP_000825098.1 MULTISPECIES: type 8 capsular polysaccharide synthesis protein Cap8M [Staphylococcus]	100	99.5	8.74e-126
BAAHUE010000001.1_318|337363|338568|-1|ID=1_318;partial=00;start_type=ATG;rbs_motif=AGGA;rbs_spacer=5-10bp;gc_cont=0.351	WP_001291022.1 MULTISPECIES: type 8 capsular polysaccharide synthesis protein Cap8L [Staphylococcus]	100	99.8	3.18e-293
BAAHUE010000001.1_319|338569|339774|-1|ID=1_319;partial=00;start_type=ATG;rbs_motif=AGGA;rbs_spacer=5-10bp;gc_cont=0.269	WP_001085819.1 MULTISPECIES: capsular polysaccharide biosynthesis protein [Staphylococcus]	100	99.8	9.19e-261
BAAHUE010000001.1_320|339767|340933|-1|ID=1_320;partial=00;start_type=ATG;rbs_motif=GGAG/GAGG;rbs_spacer=5-10bp;gc_cont=0.292	WP_000668180.1 MULTISPECIES: O-antigen ligase family protein [Staphylococcus]	100	99.7	9.39e-268
BAAHUE010000001.1_321|340947|342056|-1|ID=1_321;partial=00;start_type=ATG;rbs_motif=AGGA/GGAG/GAGG;rbs_spacer=11-12bp;gc_cont=0.292	WP_001221639.1 MULTISPECIES: glycosyltransferase [Staphylococcus]	100	99.7	7.64e-262
BAAHUE010000001.1_322|342061|342687|-1|ID=1_322;partial=00;start_type=ATG;rbs_motif=GGAG/GAGG;rbs_spacer=5-10bp;gc_cont=0.327	WP_001216898.1 MULTISPECIES: CatB-related O-acetyltransferase [Staphylococcus]	100	99.5	1.37e-147
BAAHUE010000001.1_323|342690|343814|-1|ID=1_323;partial=00;start_type=ATG;rbs_motif=GGAG/GAGG;rbs_spacer=5-10bp;gc_cont=0.338	WP_000413171.1 MULTISPECIES: type 8 capsular polysaccharide synthesis protein Cap8G [Staphylococcus]	100	99.7	2.31e-270
BAAHUE010000001.1_324|343818|344927|-1|ID=1_324;partial=00;start_type=TTG;rbs_motif=AGGAG;rbs_spacer=5-10bp;gc_cont=0.350	WP_001028293.1 MULTISPECIES: type 8 capsular polysaccharide synthesis protein Cap8F [Staphylococcus]	100	99.7	9.83e-274
BAAHUE010000001.1_325|344940|345968|-1|ID=1_325;partial=00;start_type=ATG;rbs_motif=GGAG/GAGG;rbs_spacer=5-10bp;gc_cont=0.338	WP_000459054.1 MULTISPECIES: type 8 capsular polysaccharide synthesis protein Cap8E [Staphylococcus]	99.7	99.7	4.79e-240
BAAHUE010000001.1_326|345958|346968|-1|ID=1_326;partial=00;start_type=ATG;rbs_motif=None;rbs_spacer=None;gc_cont=0.359	WP_031888371.1 type 8 capsular polysaccharide synthesis protein Cap8D, partial [Staphylococcus aureus]	99.7	99.7	1.96e-238
BAAHUE010000001.1_327|347004|347780|-1|ID=1_327;partial=00;start_type=ATG;rbs_motif=GGAG/GAGG;rbs_spacer=5-10bp;gc_cont=0.337	WP_142297501.1 type 8 capsular polysaccharide synthesis protein Cap8D, partial [Staphylococcus aureus]	99.2	99.6	1.26e-167
BAAHUE010000001.1_328|347800|348564|-1|ID=1_328;partial=00;start_type=ATG;rbs_motif=GGAG/GAGG;rbs_spacer=5-10bp;gc_cont=0.319	WP_000565302.1 MULTISPECIES: type 8 capsular polysaccharide synthesis protein Cap8C [Staphylococcus]	100	99.6	5.13e-184
BAAHUE010000001.1_329|348567|349253|-1|ID=1_329;partial=00;start_type=ATG;rbs_motif=AGGA/GGAG/GAGG;rbs_spacer=11-12bp;gc_cont=0.336	WP_000037332.1 MULTISPECIES: type 8 capsular polysaccharide synthesis protein Cap8B [Staphylococcus]	100	99.6	3.57e-153
BAAHUE010000001.1_330|349269|349937|-1|ID=1_330;partial=00;start_type=ATG;rbs_motif=GGAG/GAGG;rbs_spacer=5-10bp;gc_cont=0.299	WP_000446299.1 MULTISPECIES: capsular polysaccharide type 5/8 biosynthesis protein CapA [Staphylococcus]	100	99.6	2.38e-139
BAAHUE010000001.1_331|350282|352891|-1|ID=1_331;partial=00;start_type=ATG;rbs_motif=AGGAG;rbs_spacer=5-10bp;gc_cont=0.361	WP_000955777.1 MULTISPECIES: bifunctional acetaldehyde-CoA/alcohol dehydrogenase [Staphylococcus]	100	99.9	0.0
BAAHUE010000001.1_332|353341|353562|-1|ID=1_332;partial=00;start_type=ATG;rbs_motif=AGGA/GGAG/GAGG;rbs_spacer=11-12bp;gc_cont=0.261	WP_001550009.1 transposase [Staphylococcus aureus]	100	98.6	5.07e-47
BAAHUE010000001.1_333|354215|354502|-1|ID=1_333;partial=00;start_type=ATG;rbs_motif=AGxAG;rbs_spacer=5-10bp;gc_cont=0.198	WP_000469917.1 MULTISPECIES: hypothetical protein [Staphylococcus]	100	99.0	2.43e-55
BAAHUE010000001.1_334|354586|354876|-1|ID=1_334;partial=00;start_type=GTG;rbs_motif=None;rbs_spacer=None;gc_cont=0.275	WP_267246680.1 replication initiation factor domain-containing protein [Staphylococcus aureus]	95.8	99.0	2.39e-57
BAAHUE010000001.1_335|354861|355406|-1|ID=1_335;partial=00;start_type=ATG;rbs_motif=None;rbs_spacer=None;gc_cont=0.308	WP_001550007.1 replication initiation protein [Staphylococcus aureus]	100	88.5	5.90e-113
BAAHUE010000001.1_336|355719|355913|-1|ID=1_336;partial=00;start_type=ATG;rbs_motif=None;rbs_spacer=None;gc_cont=0.221	WP_301557689.1 ImmA/IrrE family metallo-endopeptidase, partial [Staphylococcus aureus]	100	98.5	9.65e-36
BAAHUE010000001.1_337|356006|357541|-1|ID=1_337;partial=00;start_type=ATG;rbs_motif=AGGAG;rbs_spacer=5-10bp;gc_cont=0.364	WP_000065035.1 MULTISPECIES: bifunctional metallophosphatase/5'-nucleotidase [Staphylococcus]	100	99.8	0.0
BAAHUE010000001.1_338|357592|359136|-1|ID=1_338;partial=00;start_type=ATG;rbs_motif=AGGAG;rbs_spacer=5-10bp;gc_cont=0.368	WP_409394142.1 DNA-binding protein [Staphylococcus aureus]	99.8	99.8	0.0
BAAHUE010000001.1_339|359365|360321|1|ID=1_339;partial=00;start_type=ATG;rbs_motif=GGA/GAG/AGG;rbs_spacer=5-10bp;gc_cont=0.310	WP_000787672.1 MULTISPECIES: phosphate/phosphite/phosphonate ABC transporter substrate-binding protein [Staphylococcus]	100	99.7	7.39e-216
BAAHUE010000001.1_340|360535|361308|1|ID=1_340;partial=00;start_type=ATG;rbs_motif=GGA/GAG/AGG;rbs_spacer=5-10bp;gc_cont=0.349	WP_000078092.1 MULTISPECIES: phosphonate ABC transporter ATP-binding protein [Staphylococcus]	100	99.6	6.96e-179
BAAHUE010000001.1_341|361310|362110|1|ID=1_341;partial=00;start_type=ATG;rbs_motif=AGGAG;rbs_spacer=5-10bp;gc_cont=0.343	WP_001127689.1 MULTISPECIES: phosphonate ABC transporter, permease protein PhnE [Staphylococcus]	100	99.6	5.67e-178
BAAHUE010000001.1_342|362107|362922|1|ID=1_342;partial=00;start_type=ATG;rbs_motif=AGGA/GGAG/GAGG;rbs_spacer=11-12bp;gc_cont=0.370	WP_000191092.1 MULTISPECIES: phosphonate ABC transporter, permease protein PhnE [Staphylococcus]	100	99.6	8.33e-178
BAAHUE010000001.1_343|363053|364231|-1|ID=1_343;partial=00;start_type=ATG;rbs_motif=GGAG/GAGG;rbs_spacer=5-10bp;gc_cont=0.369	WP_000197806.1 MULTISPECIES: phosphopentomutase [Staphylococcus]	100	99.7	4.49e-293
BAAHUE010000001.1_344|364259|364921|-1|ID=1_344;partial=00;start_type=ATG;rbs_motif=AGGAG;rbs_spacer=5-10bp;gc_cont=0.400	WP_000667269.1 MULTISPECIES: deoxyribose-phosphate aldolase [Staphylococcus]	100	99.5	1.46e-148
BAAHUE010000001.1_345|365002|366360|-1|ID=1_345;partial=00;start_type=ATG;rbs_motif=None;rbs_spacer=None;gc_cont=0.320	WP_001100300.1 MULTISPECIES: tetracycline efflux MFS transporter Tet(38) [Staphylococcus]	100	99.3	1.72e-295
BAAHUE010000001.1_346|366361|367068|-1|ID=1_346;partial=00;start_type=ATG;rbs_motif=GGAG/GAGG;rbs_spacer=5-10bp;gc_cont=0.374	WP_000843292.1 MULTISPECIES: purine-nucleoside phosphorylase [Staphylococcus]	100	99.6	5.75e-167
BAAHUE010000001.1_347|367304|368059|1|ID=1_347;partial=00;start_type=ATG;rbs_motif=None;rbs_spacer=None;gc_cont=0.357	WP_001789411.1 MULTISPECIES: GntR family transcriptional regulator [Staphylococcus]	100	99.6	3.35e-183
BAAHUE010000001.1_348|368251|368976|-1|ID=1_348;partial=00;start_type=ATG;rbs_motif=GGA/GAG/AGG;rbs_spacer=5-10bp;gc_cont=0.355	WP_325996532.1 LPXTG cell wall anchor domain-containing protein [Staphylococcus aureus]	86.3	99.6	2.24e-123
BAAHUE010000001.1_349|369344|369943|-1|ID=1_349;partial=00;start_type=ATG;rbs_motif=AGGAG;rbs_spacer=5-10bp;gc_cont=0.357	WP_000874681.1 MULTISPECIES: superoxide dismutase [Staphylococcus]	100	99.5	2.49e-150
BAAHUE010000001.1_350|370211|371641|-1|ID=1_350;partial=00;start_type=ATG;rbs_motif=GGA/GAG/AGG;rbs_spacer=5-10bp;gc_cont=0.314	WP_000834084.1 MULTISPECIES: oligosaccharide flippase family protein [Staphylococcus]	100	99.8	4.39e-313
BAAHUE010000001.1_351|371631|372869|-1|ID=1_351;partial=00;start_type=ATG;rbs_motif=GGA/GAG/AGG;rbs_spacer=11-12bp;gc_cont=0.304	WP_000431234.1 MULTISPECIES: O-antigen ligase family protein [Staphylococcus]	100	99.8	6.92e-273
BAAHUE010000001.1_352|372850|374016|-1|ID=1_352;partial=00;start_type=TTG;rbs_motif=GGA/GAG/AGG;rbs_spacer=11-12bp;gc_cont=0.333	WP_000692514.1 MULTISPECIES: glycosyltransferase family 4 protein [Staphylococcus]	100	99.7	1.21e-279
BAAHUE010000001.1_353|374226|374918|-1|ID=1_353;partial=00;start_type=TTG;rbs_motif=GGAG/GAGG;rbs_spacer=5-10bp;gc_cont=0.345	WP_000736084.1 MULTISPECIES: sugar transferase [Staphylococcus]	100	99.6	8.15e-160
BAAHUE010000001.1_354|374881|375852|-1|ID=1_354;partial=00;start_type=TTG;rbs_motif=GGAG/GAGG;rbs_spacer=5-10bp;gc_cont=0.316	WP_078096585.1 NAD-dependent epimerase/dehydratase family protein [Staphylococcus aureus]	99.7	99.7	2.96e-232
BAAHUE010000001.1_355|376197|376973|-1|ID=1_355;partial=00;start_type=ATG;rbs_motif=AGGAG;rbs_spacer=5-10bp;gc_cont=0.408	WP_117179539.1 (S)-acetoin forming diacetyl reductase [Staphylococcus aureus]	99.6	99.6	1.31e-163
BAAHUE010000001.1_356|377185|377811|-1|ID=1_356;partial=00;start_type=ATG;rbs_motif=GGA/GAG/AGG;rbs_spacer=5-10bp;gc_cont=0.317	WP_000414628.1 MULTISPECIES: MFS transporter [Staphylococcus]	100	99.5	1.28e-127
BAAHUE010000001.1_357|377861|378268|-1|ID=1_357;partial=00;start_type=ATG;rbs_motif=GGA/GAG/AGG;rbs_spacer=5-10bp;gc_cont=0.299	WP_000094899.1 MULTISPECIES: hypothetical protein [Staphylococcus]	100	99.3	1.13e-81
BAAHUE010000001.1_358|378464|379228|-1|ID=1_358;partial=00;start_type=TTG;rbs_motif=AGGA;rbs_spacer=5-10bp;gc_cont=0.367	WP_001015549.1 MULTISPECIES: bifunctional transcriptional regulator/O-phospho-L-serine synthase SbnI [Staphylococcus]	100	99.6	8.58e-192
BAAHUE010000001.1_359|379232|380434|-1|ID=1_359;partial=00;start_type=ATG;rbs_motif=GGA/GAG/AGG;rbs_spacer=5-10bp;gc_cont=0.367	WP_001223700.1 MULTISPECIES: staphyloferrin B biosynthesis decarboxylase SbnH [Staphylococcus]	100	99.8	7.31e-303
BAAHUE010000001.1_360|380434|381213|-1|ID=1_360;partial=00;start_type=ATG;rbs_motif=AGGAG;rbs_spacer=5-10bp;gc_cont=0.400	WP_001186806.1 MULTISPECIES: staphyloferrin B biosynthesis citrate synthase SbnG [Staphylococcus]	100	99.2	6.71e-180
BAAHUE010000001.1_361|381185|382963|-1|ID=1_361;partial=00;start_type=GTG;rbs_motif=AGGAG;rbs_spacer=5-10bp;gc_cont=0.360	WP_078091632.1 3-(L-alanin-3-ylcarbamoyl)-2-[(2-aminoethylcarbamoyl)methyl]-2-hydroxypropanoate synthase SbnF [Staphylococcus aureus]	100	99.7	0.0
BAAHUE010000001.1_362|382944|384680|-1|ID=1_362;partial=00;start_type=GTG;rbs_motif=None;rbs_spacer=None;gc_cont=0.366	WP_001179888.1 MULTISPECIES: L-2,3-diaminopropanoate--citrate ligase SbnE [Staphylococcus]	100	99.8	0.0
BAAHUE010000001.1_363|384670|385926|-1|ID=1_363;partial=00;start_type=ATG;rbs_motif=None;rbs_spacer=None;gc_cont=0.391	WP_000610051.1 MULTISPECIES: staphyloferrin B export MFS transporter [Staphylococcus]	100	99.8	4.29e-286
BAAHUE010000001.1_364|385919|387673|-1|ID=1_364;partial=00;start_type=TTG;rbs_motif=GGAG/GAGG;rbs_spacer=5-10bp;gc_cont=0.360	WP_001179384.1 MULTISPECIES: staphyloferrin B biosynthesis protein SbnC [Staphylococcus]	100	99.8	0.0
BAAHUE010000001.1_365|387694|388704|-1|ID=1_365;partial=00;start_type=ATG;rbs_motif=AGGAG;rbs_spacer=5-10bp;gc_cont=0.375	WP_001078456.1 MULTISPECIES: N-[(2S)-2-amino-2-carboxyethyl]-L-glutamate dehydrogenase SbnB [Staphylococcus]	100	99.7	9.37e-244
BAAHUE010000001.1_366|388701|389681|-1|ID=1_366;partial=00;start_type=TTG;rbs_motif=AGGAG;rbs_spacer=5-10bp;gc_cont=0.368	WP_000570808.1 MULTISPECIES: 2,3-diaminopropionate biosynthesis protein SbnA [Staphylococcus]	100	99.7	1.27e-236
BAAHUE010000001.1_367|389912|390904|1|ID=1_367;partial=00;start_type=ATG;rbs_motif=AGGA/GGAG/GAGG;rbs_spacer=11-12bp;gc_cont=0.322	WP_001045111.1 MULTISPECIES: staphyloferrin B ABC transporter substrate-binding protein SirA [Staphylococcus]	100	99.7	1.25e-229
BAAHUE010000001.1_368|390920|391915|1|ID=1_368;partial=00;start_type=ATG;rbs_motif=AGGAG;rbs_spacer=5-10bp;gc_cont=0.386	WP_000924997.1 MULTISPECIES: staphyloferrin B ABC transporter permease subunit SirB [Staphylococcus]	100	99.7	7.19e-209
BAAHUE010000001.1_369|391912|392910|1|ID=1_369;partial=00;start_type=ATG;rbs_motif=AGGA/GGAG/GAGG;rbs_spacer=11-12bp;gc_cont=0.367	WP_000136636.1 MULTISPECIES: staphyloferrin B ABC transporter permease subunit SirC [Staphylococcus]	100	99.7	9.90e-212
BAAHUE010000001.1_370|393279|394031|1|ID=1_370;partial=00;start_type=ATG;rbs_motif=AGGAG;rbs_spacer=5-10bp;gc_cont=0.275	WP_000876756.1 MULTISPECIES: HTH-type transcriptional regulator SarS [Staphylococcus]	100	99.6	3.84e-168
BAAHUE010000001.1_371|394416|395906|1|ID=1_371;partial=00;start_type=ATG;rbs_motif=None;rbs_spacer=None;gc_cont=0.378	WP_049882064.1 staphylococcal protein A [Staphylococcus aureus]	95.2	99.8	2.67e-279
BAAHUE010000001.1_372|396235|397827|-1|ID=1_372;partial=00;start_type=ATG;rbs_motif=GGAG/GAGG;rbs_spacer=5-10bp;gc_cont=0.345	WP_000173902.1 MULTISPECIES: L-lactate permease [Staphylococcus]	100	99.8	0.0
BAAHUE010000001.1_373|398089|398562|-1|ID=1_373;partial=00;start_type=ATG;rbs_motif=GGAG/GAGG;rbs_spacer=5-10bp;gc_cont=0.302	WP_000036327.1 MULTISPECIES: DUF1648 domain-containing protein [Staphylococcus]	100	99.4	2.08e-108
BAAHUE010000001.1_374|398752|400149|-1|ID=1_374;partial=00;start_type=ATG;rbs_motif=GGAG/GAGG;rbs_spacer=5-10bp;gc_cont=0.291	WP_001151814.1 MULTISPECIES: aminotransferase-like domain-containing protein [Staphylococcus]	100	99.8	0.0
BAAHUE010000001.1_375|400262|401134|1|ID=1_375;partial=00;start_type=ATG;rbs_motif=AGGA/GGAG/GAGG;rbs_spacer=11-12bp;gc_cont=0.308	WP_001038103.1 MULTISPECIES: DMT family transporter [Staphylococcus]	100	99.7	1.19e-191
BAAHUE010000001.1_376|401308|403083|1|ID=1_376;partial=00;start_type=ATG;rbs_motif=AGGA;rbs_spacer=5-10bp;gc_cont=0.355	WP_000291842.1 MULTISPECIES: oleate hydratase [Staphylococcus]	100	99.8	0.0
BAAHUE010000001.1_377|403403|405070|1|ID=1_377;partial=00;start_type=ATG;rbs_motif=GGAG/GAGG;rbs_spacer=5-10bp;gc_cont=0.361	WP_001791835.1 MULTISPECIES: Na/Pi cotransporter family protein [Staphylococcus]	100	99.5	0.0
BAAHUE010000001.1_378|405556|406944|-1|ID=1_378;partial=00;start_type=ATG;rbs_motif=AGGAG;rbs_spacer=5-10bp;gc_cont=0.368	WP_001006446.1 multidrug efflux MFS transporter NorC [Staphylococcus aureus]	100	99.8	2.01e-311
BAAHUE010000001.1_379|406946|408124|-1|ID=1_379;partial=00;start_type=ATG;rbs_motif=AGGAG;rbs_spacer=5-10bp;gc_cont=0.371	WP_001075826.1 MULTISPECIES: M20 family metallopeptidase [Staphylococcus]	100	99.7	3.96e-287
BAAHUE010000001.1_380|408275|410512|-1|ID=1_380;partial=00;start_type=ATG;rbs_motif=GGAG/GAGG;rbs_spacer=5-10bp;gc_cont=0.337	WP_001188495.1 MULTISPECIES: transcriptional regulator AryK [Staphylococcus]	100	99.9	0.0
BAAHUE010000001.1_381|410606|411373|-1|ID=1_381;partial=00;start_type=ATG;rbs_motif=AGGA;rbs_spacer=5-10bp;gc_cont=0.311	WP_000826311.1 MULTISPECIES: tandem-type lipoprotein [Staphylococcus]	100	99.6	8.83e-181
BAAHUE010000001.1_382|411440|412210|-1|ID=1_382;partial=00;start_type=ATG;rbs_motif=GGA/GAG/AGG;rbs_spacer=5-10bp;gc_cont=0.301	WP_000977781.1 MULTISPECIES: tandem-type lipoprotein [Staphylococcus]	100	99.6	1.93e-180
BAAHUE010000001.1_383|412274|413077|-1|ID=1_383;partial=00;start_type=ATG;rbs_motif=None;rbs_spacer=None;gc_cont=0.285	WP_000597212.1 MULTISPECIES: tandem-type lipoprotein [Staphylococcus]	100	95.5	2.03e-178
BAAHUE010000001.1_384|413096|413866|-1|ID=1_384;partial=00;start_type=ATG;rbs_motif=GGA/GAG/AGG;rbs_spacer=5-10bp;gc_cont=0.297	WP_000977774.1 MULTISPECIES: tandem-type lipoprotein [Staphylococcus]	100	99.6	1.65e-181
BAAHUE010000001.1_385|414087|415073|-1|ID=1_385;partial=00;start_type=ATG;rbs_motif=AGxAG;rbs_spacer=5-10bp;gc_cont=0.333	WP_000710576.1 MULTISPECIES: phosphatidylinositol-specific phospholipase C [Staphylococcus]	100	99.7	2.67e-239
BAAHUE010000001.1_386|415278|415760|-1|ID=1_386;partial=00;start_type=ATG;rbs_motif=AGGA/GGAG/GAGG;rbs_spacer=11-12bp;gc_cont=0.317	WP_108932403.1 hypothetical protein [Staphylococcus aureus]	100	99.4	3.29e-102
BAAHUE010000001.1_387|415817|418969|-1|ID=1_387;partial=00;start_type=ATG;rbs_motif=GGA/GAG/AGG;rbs_spacer=5-10bp;gc_cont=0.314	WP_000080559.1 MULTISPECIES: DEAD/DEAH box helicase [Staphylococcus]	100	99.9	0.0
BAAHUE010000001.1_388|419236|419838|-1|ID=1_388;partial=00;start_type=ATG;rbs_motif=GGA/GAG/AGG;rbs_spacer=5-10bp;gc_cont=0.300	WP_000908952.1 MULTISPECIES: hypothetical protein [Staphylococcus]	100	99.5	1.26e-130
BAAHUE010000001.1_389|420272|421015|-1|ID=1_389;partial=00;start_type=GTG;rbs_motif=None;rbs_spacer=None;gc_cont=0.263	WP_001793250.1 MULTISPECIES: LysR family transcriptional regulator [Staphylococcus]	100	99.6	3.56e-167
BAAHUE010000001.1_390|421106|421639|1|ID=1_390;partial=00;start_type=ATG;rbs_motif=AGxAGG/AGGxGG;rbs_spacer=5-10bp;gc_cont=0.262	WP_000543163.1 MULTISPECIES: DUF4865 family protein [Staphylococcus]	100	99.4	2.35e-126
BAAHUE010000001.1_391|421994|422854|-1|ID=1_391;partial=00;start_type=TTG;rbs_motif=AGGAG;rbs_spacer=5-10bp;gc_cont=0.278	WP_001052510.1 MULTISPECIES: LysR family transcriptional regulator [Staphylococcus]	100	99.7	2.35e-196
BAAHUE010000001.1_392|422967|423518|1|ID=1_392;partial=00;start_type=ATG;rbs_motif=AGGAG;rbs_spacer=5-10bp;gc_cont=0.310	WP_000627022.1 MULTISPECIES: flavodoxin family protein [Staphylococcus]	100	99.5	3.32e-129
BAAHUE010000001.1_393|423511|424731|1|ID=1_393;partial=00;start_type=ATG;rbs_motif=GGA/GAG/AGG;rbs_spacer=5-10bp;gc_cont=0.290	WP_000130764.1 MULTISPECIES: MFS transporter [Staphylococcus]	100	99.8	8.75e-273
BAAHUE010000001.1_394|424803|425099|-1|ID=1_394;partial=00;start_type=ATG;rbs_motif=AGGAG;rbs_spacer=5-10bp;gc_cont=0.316	WP_000201640.1 MULTISPECIES: TfoX/Sxy family protein [Staphylococcus]	100	99.0	3.52e-63
BAAHUE010000001.1_395|425148|425351|-1|ID=1_395;partial=00;start_type=ATG;rbs_motif=GGA/GAG/AGG;rbs_spacer=5-10bp;gc_cont=0.265	WP_000398679.1 MULTISPECIES: DUF6007 family protein [Staphylococcus]	100	98.5	4.80e-38
BAAHUE010000001.1_396|425660|426646|1|ID=1_396;partial=00;start_type=ATG;rbs_motif=None;rbs_spacer=None;gc_cont=0.389	WP_000662031.1 MULTISPECIES: tRNA dihydrouridine synthase [Staphylococcus]	100	99.7	1.88e-239
BAAHUE010000001.1_397|427312|428505|-1|ID=1_397;partial=00;start_type=ATG;rbs_motif=AGGA;rbs_spacer=5-10bp;gc_cont=0.326	WP_001033018.1 MULTISPECIES: type II sulfide:quinone oxidoreductase Sqr [Staphylococcus]	100	99.7	1.78e-297
BAAHUE010000001.1_398|428524|429858|-1|ID=1_398;partial=00;start_type=ATG;rbs_motif=AGGAG;rbs_spacer=5-10bp;gc_cont=0.336	WP_000465472.1 MULTISPECIES: persulfide dioxygenase-sulfurtransferase CstB [Staphylococcus]	100	99.8	0.0
BAAHUE010000001.1_399|429889|430956|-1|ID=1_399;partial=00;start_type=ATG;rbs_motif=GGAG/GAGG;rbs_spacer=5-10bp;gc_cont=0.317	WP_000816129.1 MULTISPECIES: persulfide response sulfurtransferase CstA [Staphylococcus]	100	99.7	4.88e-251
BAAHUE010000001.1_400|431093|431353|1|ID=1_400;partial=00;start_type=ATG;rbs_motif=GGAG/GAGG;rbs_spacer=5-10bp;gc_cont=0.310	WP_001105087.1 MULTISPECIES: persulfide-sensing transcriptional repressor CstR [Staphylococcus]	100	98.9	1.96e-50
BAAHUE010000001.1_401|431353|432108|1|ID=1_401;partial=00;start_type=ATG;rbs_motif=None;rbs_spacer=None;gc_cont=0.316	WP_000355845.1 MULTISPECIES: sulfite exporter TauE/SafE family protein [Staphylococcus]	100	99.6	2.75e-157
BAAHUE010000001.1_402|432323|432775|1|ID=1_402;partial=00;start_type=ATG;rbs_motif=None;rbs_spacer=None;gc_cont=0.353	WP_000048258.1 tRNA-dihydrouridine synthase [Staphylococcus aureus]	100	99.3	1.49e-100
BAAHUE010000001.1_403|432869|434614|-1|ID=1_403;partial=00;start_type=ATG;rbs_motif=GGA/GAG/AGG;rbs_spacer=5-10bp;gc_cont=0.255	WP_000700190.1 MULTISPECIES: DUF6119 family protein [Staphylococcus]	100	99.8	0.0
BAAHUE010000001.1_404|435311|435808|-1|ID=1_404;partial=00;start_type=ATG;rbs_motif=GGAG/GAGG;rbs_spacer=5-10bp;gc_cont=0.275	WP_000051479.1 MULTISPECIES: hypothetical protein [Staphylococcus]	100	99.4	2.24e-91
BAAHUE010000001.1_405|436277|436654|-1|ID=1_405;partial=00;start_type=GTG;rbs_motif=None;rbs_spacer=None;gc_cont=0.235	WP_000687965.1 MULTISPECIES: hypothetical protein [Staphylococcus]	100	99.2	9.66e-85
BAAHUE010000001.1_406|437080|438012|-1|ID=1_406;partial=00;start_type=ATG;rbs_motif=GGA/GAG/AGG;rbs_spacer=5-10bp;gc_cont=0.229	WP_000364405.1 MULTISPECIES: hypothetical protein [Staphylococcus]	100	99.7	1.29e-221
BAAHUE010000001.1_407|438084|439667|-1|ID=1_407;partial=00;start_type=GTG;rbs_motif=GGAG/GAGG;rbs_spacer=5-10bp;gc_cont=0.252	WP_001551935.1 MULTISPECIES: hypothetical protein [Staphylococcus]	100	99.8	0.0
BAAHUE010000001.1_408|439839|440135|1|ID=1_408;partial=00;start_type=ATG;rbs_motif=GGAG/GAGG;rbs_spacer=5-10bp;gc_cont=0.367	WP_000221967.1 MULTISPECIES: cassette chromosome ssDNA-binding protein [Staphylococcus]	100	99.0	2.28e-68
BAAHUE010000001.1_409|440135|441928|1|ID=1_409;partial=00;start_type=ATG;rbs_motif=AGGAG;rbs_spacer=5-10bp;gc_cont=0.344	WP_108932402.1 cassette chromosome replicative helicase [Staphylococcus aureus]	100	99.8	0.0
BAAHUE010000001.1_410|442162|443511|1|ID=1_410;partial=00;start_type=ATG;rbs_motif=AGGAG;rbs_spacer=5-10bp;gc_cont=0.346	WP_000815640.1 MULTISPECIES: cassette chromosome recombinase CcrA [Bacillota]	100	99.8	0.0
BAAHUE010000001.1_411|443533|445161|1|ID=1_411;partial=00;start_type=ATG;rbs_motif=AGGA;rbs_spacer=5-10bp;gc_cont=0.351	WP_108932401.1 MULTISPECIES: cassette chromosome recombinase CcrB [Staphylococcus]	100	99.8	0.0
BAAHUE010000001.1_412|445683|446033|1|ID=1_412;partial=00;start_type=ATG;rbs_motif=AGGAG;rbs_spacer=5-10bp;gc_cont=0.365	WP_000849672.1 MULTISPECIES: SAUGI family uracil-DNA glycosylase inhibitor [Bacteria]	100	99.1	6.26e-79
BAAHUE010000001.1_413|446120|446431|1|ID=1_413;partial=00;start_type=ATG;rbs_motif=GGAG/GAGG;rbs_spacer=5-10bp;gc_cont=0.321	WP_000700851.1 MULTISPECIES: DUF960 family protein [Bacillota]	100	99.0	1.39e-69
BAAHUE010000001.1_414|446446|446952|1|ID=1_414;partial=00;start_type=ATG;rbs_motif=AGGA;rbs_spacer=5-10bp;gc_cont=0.371	WP_001092189.1 MULTISPECIES: DUF1643 domain-containing protein [Staphylococcus]	100	99.4	1.38e-116
BAAHUE010000001.1_415|447088|448611|1|ID=1_415;partial=00;start_type=ATG;rbs_motif=None;rbs_spacer=None;gc_cont=0.283	WP_371383177.1 IS1182 family transposase, partial [Staphylococcus aureus]	100	99.8	0.0
BAAHUE010000001.1_416|448602|448874|-1|ID=1_416;partial=00;start_type=TTG;rbs_motif=None;rbs_spacer=None;gc_cont=0.370	WP_320159820.1 type I restriction enzyme endonuclease domain-containing protein, partial [Staphylococcus aureus]	98.9	98.9	7.30e-53
BAAHUE010000001.1_417|448834|449820|-1|ID=1_417;partial=00;start_type=GTG;rbs_motif=GGAG/GAGG;rbs_spacer=5-10bp;gc_cont=0.293	WP_001549960.1 MULTISPECIES: beta-lactam sensor/signal transducer MecR1 [Staphylococcus]	100	99.7	4.68e-224
BAAHUE010000001.1_418|449920|451926|1|ID=1_418;partial=00;start_type=ATG;rbs_motif=AGGAG;rbs_spacer=5-10bp;gc_cont=0.306	WP_199613021.1 PBP2a family beta-lactam-resistant peptidoglycan transpeptidase MecA [Staphylococcus pseudintermedius]	99.9	99.9	0.0
BAAHUE010000001.1_419|451972|452400|-1|ID=1_419;partial=00;start_type=ATG;rbs_motif=GGA/GAG/AGG;rbs_spacer=5-10bp;gc_cont=0.289	WP_000872606.1 MULTISPECIES: MaoC family dehydratase [Bacillota]	100	99.3	4.36e-96
BAAHUE010000001.1_420|452497|453240|-1|ID=1_420;partial=00;start_type=ATG;rbs_motif=AGGAG;rbs_spacer=5-10bp;gc_cont=0.335	WP_000958858.1 MULTISPECIES: glycerophosphoryl diester phosphodiesterase [Bacillota]	100	99.6	5.12e-176
BAAHUE010000001.1_421|453629|453859|-1|ID=1_421;partial=00;start_type=ATG;rbs_motif=None;rbs_spacer=None;gc_cont=0.346	WP_225261247.1 hypothetical protein, partial [Staphylococcus aureus]	98.7	97.4	4.86e-38
BAAHUE010000001.1_422|453957|454337|-1|ID=1_422;partial=01;start_type=Edge;rbs_motif=None;rbs_spacer=None;gc_cont=0.310	WP_190276326.1 MULTISPECIES: hydroxymethylglutaryl-CoA synthase, partial [Staphylococcus]	100	99.2	4.41e-86
