BAAHTD010000001.1_1|3|1913|-1|ID=1_1;partial=10;start_type=TTG;rbs_motif=GGAG/GAGG;rbs_spacer=5-10bp;gc_cont=0.372	WP_318595304.1 MSCRAMM family adhesin clumping factor ClfB, partial [Staphylococcus aureus]	100	86.8	0.0
BAAHTD010000001.1_2|2263|2967|-1|ID=1_2;partial=00;start_type=ATG;rbs_motif=AGGAG;rbs_spacer=5-10bp;gc_cont=0.295	WP_000138213.1 MULTISPECIES: Crp/Fnr family transcriptional regulator [Staphylococcus]	100	99.6	1.73e-172
BAAHTD010000001.1_3|3066|4007|-1|ID=1_3;partial=00;start_type=ATG;rbs_motif=AGGAG;rbs_spacer=5-10bp;gc_cont=0.373	WP_000660028.1 MULTISPECIES: carbamate kinase [Staphylococcus]	100	99.7	1.34e-220
BAAHTD010000001.1_4|4024|5454|-1|ID=1_4;partial=00;start_type=ATG;rbs_motif=AGGAG;rbs_spacer=5-10bp;gc_cont=0.352	WP_001005835.1 MULTISPECIES: arginine-ornithine antiporter [Staphylococcus]	100	99.8	0.0
BAAHTD010000001.1_5|5545|6555|-1|ID=1_5;partial=00;start_type=ATG;rbs_motif=GGAG/GAGG;rbs_spacer=5-10bp;gc_cont=0.332	WP_000136166.1 MULTISPECIES: ornithine carbamoyltransferase [Staphylococcus]	100	99.7	4.64e-244
BAAHTD010000001.1_6|6588|7823|-1|ID=1_6;partial=00;start_type=ATG;rbs_motif=AGGAG;rbs_spacer=5-10bp;gc_cont=0.345	WP_000129411.1 MULTISPECIES: arginine deiminase [Staphylococcus]	100	99.8	1.17e-300
BAAHTD010000001.1_7|8000|8167|-1|ID=1_7;partial=00;start_type=ATG;rbs_motif=None;rbs_spacer=None;gc_cont=0.256	WP_001792441.1 MULTISPECIES: hypothetical protein [Staphylococcus]	100	98.2	2.38e-35
BAAHTD010000001.1_8|8170|8619|-1|ID=1_8;partial=00;start_type=ATG;rbs_motif=AGGAG;rbs_spacer=5-10bp;gc_cont=0.293	WP_000748760.1 MULTISPECIES: arginine repressor [Bacilli]	100	99.3	1.96e-100
BAAHTD010000001.1_9|8986|10515|-1|ID=1_9;partial=00;start_type=GTG;rbs_motif=AGGAG;rbs_spacer=5-10bp;gc_cont=0.356	WP_001225025.1 MULTISPECIES: zinc metalloproteinase aureolysin [Staphylococcus]	100	99.8	0.0
BAAHTD010000001.1_10|10939|11466|-1|ID=1_10;partial=00;start_type=ATG;rbs_motif=GGA/GAG/AGG;rbs_spacer=5-10bp;gc_cont=0.309	WP_001044560.1 MULTISPECIES: immunodominant staphylococcal antigen IsaB [Staphylococcus]	100	99.4	1.65e-116
BAAHTD010000001.1_11|11709|12182|1|ID=1_11;partial=00;start_type=ATG;rbs_motif=None;rbs_spacer=None;gc_cont=0.338	WP_111142304.1 hypothetical protein [Staphylococcus aureus]	98.0	95.6	1.69e-46
BAAHTD010000001.1_12|12422|14296|1|ID=1_12;partial=00;start_type=ATG;rbs_motif=AGGAGG;rbs_spacer=5-10bp;gc_cont=0.310	WP_000887016.1 MULTISPECIES: BglG family transcription antiterminator [Staphylococcus]	100	99.8	0.0
BAAHTD010000001.1_13|14373|16325|1|ID=1_13;partial=00;start_type=ATG;rbs_motif=AGGAG;rbs_spacer=5-10bp;gc_cont=0.384	WP_000706110.1 MULTISPECIES: fructose-specific PTS transporter subunit EIIC [Staphylococcus]	100	99.8	0.0
BAAHTD010000001.1_14|16339|17277|1|ID=1_14;partial=00;start_type=ATG;rbs_motif=AGGAG;rbs_spacer=5-10bp;gc_cont=0.355	WP_046463259.1 mannose-6-phosphate isomerase, class I [Staphylococcus aureus]	99.4	99.7	1.80e-238
BAAHTD010000001.1_15|17389|20370|-1|ID=1_15;partial=00;start_type=ATG;rbs_motif=AGGAG;rbs_spacer=5-10bp;gc_cont=0.349	WP_000785089.1 YhgE/Pip domain-containing protein [Staphylococcus aureus]	99.9	99.9	0.0
BAAHTD010000001.1_16|20581|22440|1|ID=1_16;partial=00;start_type=ATG;rbs_motif=GGAG/GAGG;rbs_spacer=5-10bp;gc_cont=0.326	WP_001125619.1 MULTISPECIES: amidase domain-containing protein [Staphylococcus]	100	99.8	0.0
BAAHTD010000001.1_17|22705|23265|-1|ID=1_17;partial=00;start_type=ATG;rbs_motif=AGGAG;rbs_spacer=5-10bp;gc_cont=0.351	WP_000088195.1 MULTISPECIES: isochorismatase family cysteine hydrolase [Staphylococcus]	100	99.5	7.44e-123
BAAHTD010000001.1_18|23434|25341|-1|ID=1_18;partial=00;start_type=ATG;rbs_motif=AGGAG;rbs_spacer=5-10bp;gc_cont=0.323	WP_001151881.1 MULTISPECIES: cell-wall-anchored protein SasF [Staphylococcus]	100	99.8	0.0
BAAHTD010000001.1_19|25583|26941|-1|ID=1_19;partial=00;start_type=ATG;rbs_motif=GGAG/GAGG;rbs_spacer=5-10bp;gc_cont=0.330	WP_000593171.1 MULTISPECIES: accessory Sec system glycosylation chaperone GtfB [Staphylococcus]	100	99.8	0.0
BAAHTD010000001.1_20|26934|28442|-1|ID=1_20;partial=00;start_type=ATG;rbs_motif=GGA/GAG/AGG;rbs_spacer=5-10bp;gc_cont=0.343	WP_000158425.1 MULTISPECIES: accessory Sec system glycosyltransferase GtfA [Staphylococcus]	100	99.8	0.0
BAAHTD010000001.1_21|28460|30850|-1|ID=1_21;partial=00;start_type=ATG;rbs_motif=GGA/GAG/AGG;rbs_spacer=5-10bp;gc_cont=0.342	WP_000680932.1 MULTISPECIES: accessory Sec system translocase SecA2 [Staphylococcus]	100	99.9	0.0
BAAHTD010000001.1_22|30840|31799|-1|ID=1_22;partial=00;start_type=ATG;rbs_motif=GGAG/GAGG;rbs_spacer=5-10bp;gc_cont=0.325	WP_000916746.1 MULTISPECIES: accessory Sec system protein Asp3 [Staphylococcus]	100	99.7	2.02e-234
BAAHTD010000001.1_23|31777|33348|-1|ID=1_23;partial=00;start_type=ATG;rbs_motif=GGA/GAG/AGG;rbs_spacer=5-10bp;gc_cont=0.358	WP_001137475.1 MULTISPECIES: accessory Sec system protein Asp2 [Staphylococcus]	100	99.6	0.0
BAAHTD010000001.1_24|33335|34888|-1|ID=1_24;partial=00;start_type=ATG;rbs_motif=AGGAG;rbs_spacer=5-10bp;gc_cont=0.341	WP_117200925.1 accessory Sec system protein Asp1 [Staphylococcus aureus]	100	99.8	0.0
BAAHTD010000001.1_25|34899|36110|-1|ID=1_25;partial=00;start_type=ATG;rbs_motif=GGAG/GAGG;rbs_spacer=5-10bp;gc_cont=0.288	WP_000916118.1 MULTISPECIES: accessory Sec system protein translocase subunit SecY2 [Staphylococcus]	100	99.8	1.56e-269
BAAHTD010000001.1_26|36240|43067|-1|ID=1_26;partial=00;start_type=ATG;rbs_motif=AGGAG;rbs_spacer=5-10bp;gc_cont=0.388	WP_371092058.1 serine-rich repeat glycoprotein adhesin SasA [Staphylococcus aureus]	100	34.6	0.0
BAAHTD010000001.1_27|43612|44304|-1|ID=1_27;partial=00;start_type=ATG;rbs_motif=GGA/GAG/AGG;rbs_spacer=11-12bp;gc_cont=0.369	WP_001109879.1 MULTISPECIES: flavin reductase family protein [Staphylococcus]	100	99.6	4.95e-170
BAAHTD010000001.1_28|44629|45561|1|ID=1_28;partial=00;start_type=ATG;rbs_motif=GGA/GAG/AGG;rbs_spacer=5-10bp;gc_cont=0.316	WP_001226791.1 MULTISPECIES: hypothetical protein [Staphylococcus]	99.7	99.7	1.18e-218
BAAHTD010000001.1_29|45545|45850|1|ID=1_29;partial=00;start_type=ATG;rbs_motif=GGAG/GAGG;rbs_spacer=5-10bp;gc_cont=0.337	WP_001260042.1 MULTISPECIES: hypothetical protein [Staphylococcus]	100	98.0	1.67e-60
BAAHTD010000001.1_30|46004|46363|1|ID=1_30;partial=00;start_type=ATG;rbs_motif=GGAG/GAGG;rbs_spacer=5-10bp;gc_cont=0.350	WP_000603479.1 MULTISPECIES: hypothetical protein [Staphylococcus]	100	99.2	5.95e-74
BAAHTD010000001.1_31|46448|47059|-1|ID=1_31;partial=00;start_type=ATG;rbs_motif=GGAG/GAGG;rbs_spacer=5-10bp;gc_cont=0.338	WP_117200929.1 flavin reductase family protein [Staphylococcus aureus]	100	99.5	1.18e-141
BAAHTD010000001.1_32|47138|47614|-1|ID=1_32;partial=00;start_type=ATG;rbs_motif=GGAG/GAGG;rbs_spacer=5-10bp;gc_cont=0.344	WP_000301926.1 MULTISPECIES: peptide-methionine (S)-S-oxide reductase [Staphylococcus]	100	99.4	2.96e-113
BAAHTD010000001.1_33|47617|48117|-1|ID=1_33;partial=00;start_type=ATG;rbs_motif=AGGA;rbs_spacer=5-10bp;gc_cont=0.329	WP_000244278.1 MULTISPECIES: GNAT family N-acetyltransferase [Staphylococcus]	100	99.4	9.75e-116
BAAHTD010000001.1_34|48352|49119|-1|ID=1_34;partial=00;start_type=ATG;rbs_motif=GGA/GAG/AGG;rbs_spacer=5-10bp;gc_cont=0.322	WP_117200933.1 tyrosine-protein phosphatase [Staphylococcus aureus]	100	99.6	3.75e-182
BAAHTD010000001.1_35|49116|49808|-1|ID=1_35;partial=00;start_type=ATG;rbs_motif=GGAG/GAGG;rbs_spacer=5-10bp;gc_cont=0.358	WP_000185863.1 MULTISPECIES: polysaccharide biosynthesis tyrosine autokinase [Staphylococcus]	100	99.6	1.58e-157
BAAHTD010000001.1_36|49825|50520|-1|ID=1_36;partial=00;start_type=ATG;rbs_motif=None;rbs_spacer=None;gc_cont=0.286	WP_134413407.1 Wzz/FepE/Etk N-terminal domain-containing protein [Staphylococcus aureus]	99.1	98.3	2.56e-140
BAAHTD010000001.1_37|51336|51896|-1|ID=1_37;partial=00;start_type=TTG;rbs_motif=AGxAGG/AGGxGG;rbs_spacer=5-10bp;gc_cont=0.275	WP_000653261.1 MULTISPECIES: ica operon transcriptional regulator IcaR [Staphylococcus]	100	99.5	4.00e-127
BAAHTD010000001.1_38|52060|53298|1|ID=1_38;partial=00;start_type=TTG;rbs_motif=GGA/GAG/AGG;rbs_spacer=5-10bp;gc_cont=0.345	WP_001159427.1 MULTISPECIES: poly-beta-1,6 N-acetyl-D-glucosamine synthase IcaA [Staphylococcus]	100	99.8	1.52e-276
BAAHTD010000001.1_39|53262|53567|1|ID=1_39;partial=00;start_type=ATG;rbs_motif=AGxAGG/AGGxGG;rbs_spacer=5-10bp;gc_cont=0.310	WP_000240580.1 MULTISPECIES: intracellular adhesion protein IcaD [Staphylococcus]	100	99.0	1.03e-61
BAAHTD010000001.1_40|53543|54436|1|ID=1_40;partial=00;start_type=ATG;rbs_motif=None;rbs_spacer=None;gc_cont=0.295	WP_000877317.1 MULTISPECIES: intercellular adhesin biosynthesis polysaccharide N-deacetylase [Staphylococcus]	100	97.0	3.84e-208
BAAHTD010000001.1_41|54423|55475|1|ID=1_41;partial=00;start_type=ATG;rbs_motif=GGA/GAG/AGG;rbs_spacer=5-10bp;gc_cont=0.273	WP_000723836.1 MULTISPECIES: polysaccharide intercellular adhesin biosynthesis/export protein IcaC [Staphylococcus]	100	99.7	1.54e-240
BAAHTD010000001.1_42|55921|57966|-1|ID=1_42;partial=00;start_type=ATG;rbs_motif=GGAG/GAGG;rbs_spacer=5-10bp;gc_cont=0.343	WP_387465252.1 YSIRK domain-containing triacylglycerol lipase Lip1 [Staphylococcus aureus]	100	99.7	0.0
BAAHTD010000001.1_43|58684|58863|-1|ID=1_43;partial=00;start_type=ATG;rbs_motif=None;rbs_spacer=None;gc_cont=0.283	WP_000834346.1 MULTISPECIES: hypothetical protein [Staphylococcus]	100	98.3	1.44e-31
BAAHTD010000001.1_44|59056|59688|-1|ID=1_44;partial=00;start_type=ATG;rbs_motif=AGGAG(G)/GGAGG;rbs_spacer=13-15bp;gc_cont=0.341	WP_000186284.1 bifunctional phosphoribosyl-AMP cyclohydrolase/phosphoribosyl-ATP diphosphatase HisIE [Staphylococcus aureus]	100	99.5	2.76e-148
BAAHTD010000001.1_45|59685|60443|-1|ID=1_45;partial=00;start_type=ATG;rbs_motif=GGAG/GAGG;rbs_spacer=5-10bp;gc_cont=0.369	WP_000592596.1 imidazole glycerol phosphate synthase subunit HisF [Staphylococcus aureus]	98.4	99.6	3.73e-176
BAAHTD010000001.1_46|60440|61144|-1|ID=1_46;partial=00;start_type=ATG;rbs_motif=GGA/GAG/AGG;rbs_spacer=5-10bp;gc_cont=0.390	WP_000571736.1 MULTISPECIES: 1-(5-phosphoribosyl)-5-((5-phosphoribosylamino)methylideneamino)imidazole-4-carboxamide isomerase [Staphylococcus]	100	99.6	1.07e-166
BAAHTD010000001.1_47|61137|61715|-1|ID=1_47;partial=00;start_type=ATG;rbs_motif=GGA/GAG/AGG;rbs_spacer=5-10bp;gc_cont=0.368	WP_000635623.1 MULTISPECIES: imidazole glycerol phosphate synthase subunit HisH [Staphylococcus]	100	99.5	5.45e-137
BAAHTD010000001.1_48|61712|62290|-1|ID=1_48;partial=00;start_type=ATG;rbs_motif=GGAG/GAGG;rbs_spacer=5-10bp;gc_cont=0.370	WP_000640266.1 MULTISPECIES: imidazoleglycerol-phosphate dehydratase HisB [Staphylococcus]	100	99.5	1.68e-131
BAAHTD010000001.1_49|62259|63272|-1|ID=1_49;partial=00;start_type=ATG;rbs_motif=GGAG/GAGG;rbs_spacer=5-10bp;gc_cont=0.342	WP_000639180.1 MULTISPECIES: pyridoxal phosphate-dependent aminotransferase [Staphylococcus]	100	99.7	2.04e-243
BAAHTD010000001.1_50|63288|64538|-1|ID=1_50;partial=00;start_type=ATG;rbs_motif=AGGA/GGAG/GAGG;rbs_spacer=11-12bp;gc_cont=0.361	WP_000930649.1 MULTISPECIES: histidinol dehydrogenase [Staphylococcus]	100	99.8	1.07e-294
BAAHTD010000001.1_51|64531|65145|-1|ID=1_51;partial=00;start_type=ATG;rbs_motif=GGAG/GAGG;rbs_spacer=5-10bp;gc_cont=0.337	WP_000944149.1 MULTISPECIES: ATP phosphoribosyltransferase [Staphylococcus]	100	99.5	4.76e-137
BAAHTD010000001.1_52|65163|66020|-1|ID=1_52;partial=00;start_type=GTG;rbs_motif=None;rbs_spacer=None;gc_cont=0.352	WP_001065591.1 MULTISPECIES: ATP phosphoribosyltransferase regulatory subunit [Staphylococcus]	99.6	95.1	1.91e-196
BAAHTD010000001.1_53|66285|67409|-1|ID=1_53;partial=00;start_type=ATG;rbs_motif=GGAG/GAGG;rbs_spacer=5-10bp;gc_cont=0.323	WP_000549222.1 MULTISPECIES: polysaccharide deacetylase family protein [Staphylococcus]	96.3	99.7	2.59e-267
BAAHTD010000001.1_54|67527|68024|-1|ID=1_54;partial=00;start_type=ATG;rbs_motif=AGGAGG;rbs_spacer=5-10bp;gc_cont=0.297	WP_000610979.1 MULTISPECIES: GNAT family N-acetyltransferase [Staphylococcus]	100	99.4	2.40e-120
BAAHTD010000001.1_55|68071|68904|-1|ID=1_55;partial=00;start_type=ATG;rbs_motif=GGA/GAG/AGG;rbs_spacer=5-10bp;gc_cont=0.293	WP_001077829.1 MULTISPECIES: energy-coupling factor transporter transmembrane component T family protein [Staphylococcus]	100	99.6	5.15e-175
BAAHTD010000001.1_56|68901|70613|-1|ID=1_56;partial=00;start_type=ATG;rbs_motif=GGA/GAG/AGG;rbs_spacer=11-12bp;gc_cont=0.335	WP_000138645.1 MULTISPECIES: ABC transporter ATP-binding protein [Staphylococcus]	100	99.8	0.0
BAAHTD010000001.1_57|70666|71220|-1|ID=1_57;partial=00;start_type=ATG;rbs_motif=AGGAG;rbs_spacer=5-10bp;gc_cont=0.328	WP_000743714.1 MULTISPECIES: ECF-type riboflavin transporter substrate-binding protein [Staphylococcus]	100	99.5	8.10e-126
BAAHTD010000001.1_58|71249|72097|-1|ID=1_58;partial=00;start_type=ATG;rbs_motif=AGGAG;rbs_spacer=5-10bp;gc_cont=0.350	WP_000528922.1 MULTISPECIES: SAM hydrolase/SAM-dependent halogenase family protein [Staphylococcus]	100	99.6	6.07e-206
BAAHTD010000001.1_59|72477|72992|1|ID=1_59;partial=00;start_type=ATG;rbs_motif=GGAG/GAGG;rbs_spacer=5-10bp;gc_cont=0.333	WP_000181131.1 MULTISPECIES: YceI family protein [Staphylococcus]	100	99.4	1.73e-116
BAAHTD010000001.1_60|73472|74488|-1|ID=1_60;partial=00;start_type=ATG;rbs_motif=None;rbs_spacer=None;gc_cont=0.355	WP_000082557.1 MULTISPECIES: SMP-30/gluconolactonase/LRE family protein [Staphylococcus]	100	95.3	3.46e-241
BAAHTD010000001.1_61|74687|75643|1|ID=1_61;partial=00;start_type=ATG;rbs_motif=AGGAG;rbs_spacer=5-10bp;gc_cont=0.345	WP_117200935.1 oxygen-dependent tRNA uridine(34) hydroxylase TrhO [Staphylococcus aureus]	99.7	99.7	9.34e-244
BAAHTD010000001.1_62|75795|76433|1|ID=1_62;partial=00;start_type=ATG;rbs_motif=None;rbs_spacer=None;gc_cont=0.374	WP_000547833.1 MULTISPECIES: pyroglutamyl-peptidase I [Staphylococcus]	100	99.5	1.17e-150
BAAHTD010000001.1_63|76507|77001|1|ID=1_63;partial=00;start_type=ATG;rbs_motif=None;rbs_spacer=None;gc_cont=0.311	WP_000208919.1 MULTISPECIES: bacillithiol transferase BstA [Staphylococcus]	100	93.3	1.06e-109
BAAHTD010000001.1_64|77162|78757|-1|ID=1_64;partial=00;start_type=ATG;rbs_motif=None;rbs_spacer=None;gc_cont=0.349	WP_368410559.1 collagen adhesin Cna [Staphylococcus aureus]	100	99.1	0.0
BAAHTD010000001.1_65|78717|80522|-1|ID=1_65;partial=00;start_type=ATG;rbs_motif=AGGAG;rbs_spacer=5-10bp;gc_cont=0.330	WP_368409549.1 collagen adhesin Cna [Staphylococcus aureus]	100	98.2	0.0
BAAHTD010000001.1_66|80900|82318|1|ID=1_66;partial=00;start_type=ATG;rbs_motif=AGGA;rbs_spacer=5-10bp;gc_cont=0.383	WP_117218856.1 anion permease [Staphylococcus aureus]	100	99.8	0.0
BAAHTD010000001.1_67|82731|83639|-1|ID=1_67;partial=00;start_type=GTG;rbs_motif=AGGAG;rbs_spacer=5-10bp;gc_cont=0.339	WP_001091180.1 MULTISPECIES: EamA family transporter RarD [Staphylococcus]	100	99.7	1.48e-207
BAAHTD010000001.1_68|83861|84436|1|ID=1_68;partial=00;start_type=ATG;rbs_motif=AGGA;rbs_spacer=5-10bp;gc_cont=0.352	WP_000174577.1 MULTISPECIES: DNA-binding protein [Staphylococcus]	100	99.5	2.81e-134
BAAHTD010000001.1_69|84584|85618|1|ID=1_69;partial=00;start_type=ATG;rbs_motif=None;rbs_spacer=None;gc_cont=0.348	WP_000215641.1 MULTISPECIES: HoxN/HupN/NixA family nickel/cobalt transporter [Staphylococcus]	99.7	98.0	1.37e-234
BAAHTD010000001.1_70|85855|86655|1|ID=1_70;partial=00;start_type=ATG;rbs_motif=AGGAG;rbs_spacer=5-10bp;gc_cont=0.305	WP_001017420.1 MULTISPECIES: arylamine N-acetyltransferase family protein [Staphylococcus]	100	98.9	1.22e-192
BAAHTD010000001.1_71|86789|87301|-1|ID=1_71;partial=00;start_type=ATG;rbs_motif=AGGA;rbs_spacer=5-10bp;gc_cont=0.310	WP_001051870.1 MULTISPECIES: HdeD family acid-resistance protein [Staphylococcus]	100	99.4	6.97e-102
BAAHTD010000001.1_72|87584|88342|1|ID=1_72;partial=00;start_type=ATG;rbs_motif=AGGAG;rbs_spacer=5-10bp;gc_cont=0.364	WP_000154162.1 MULTISPECIES: peptide resistance ABC transporter ATP-binding subunit VraD [Staphylococcus]	100	99.6	8.79e-175
BAAHTD010000001.1_73|88332|90212|1|ID=1_73;partial=00;start_type=ATG;rbs_motif=AGxAGG/AGGxGG;rbs_spacer=5-10bp;gc_cont=0.311	WP_000143655.1 MULTISPECIES: peptide resistance ABC transporter permease subunit VraE [Staphylococcus]	100	99.8	0.0
BAAHTD010000001.1_74|90305|90496|1|ID=1_74;partial=00;start_type=ATG;rbs_motif=AGGAG;rbs_spacer=5-10bp;gc_cont=0.323	WP_000672033.1 MULTISPECIES: peptide resistance ABC transporter activity modulator VraH [Staphylococcus]	100	98.4	1.68e-34
BAAHTD010000001.1_75|90889|91089|1|ID=1_75;partial=00;start_type=ATG;rbs_motif=GGAG/GAGG;rbs_spacer=5-10bp;gc_cont=0.383	WP_001059079.1 MULTISPECIES: cold-shock protein [Staphylococcus]	100	98.5	1.96e-41
BAAHTD010000001.1_76|91207|91776|-1|ID=1_76;partial=00;start_type=TTG;rbs_motif=GGAG/GAGG;rbs_spacer=5-10bp;gc_cont=0.318	WP_001054118.1 MULTISPECIES: helix-turn-helix domain-containing protein [Staphylococcus]	100	99.5	3.54e-127
BAAHTD010000001.1_77|92036|92431|-1|ID=1_77;partial=00;start_type=ATG;rbs_motif=GGAG/GAGG;rbs_spacer=5-10bp;gc_cont=0.348	WP_000779136.1 MULTISPECIES: DUF3147 family protein [Bacteria]	100	99.2	1.51e-84
BAAHTD010000001.1_78|92499|92852|-1|ID=1_78;partial=00;start_type=ATG;rbs_motif=GGA/GAG/AGG;rbs_spacer=5-10bp;gc_cont=0.367	WP_000491382.1 MULTISPECIES: DUF3147 family protein [Staphylococcus]	100	99.2	4.06e-71
BAAHTD010000001.1_79|93169|94008|-1|ID=1_79;partial=00;start_type=ATG;rbs_motif=AGGAG;rbs_spacer=5-10bp;gc_cont=0.351	WP_000742837.1 MULTISPECIES: nucleoid occlusion protein [Staphylococcus]	100	99.6	6.12e-184
BAAHTD010000001.1_80|94051|94770|-1|ID=1_80;partial=00;start_type=ATG;rbs_motif=GGA/GAG/AGG;rbs_spacer=5-10bp;gc_cont=0.335	WP_000215595.1 MULTISPECIES: 16S rRNA (guanine(527)-N(7))-methyltransferase RsmG [Staphylococcus]	100	99.6	1.35e-167
BAAHTD010000001.1_81|94770|96647|-1|ID=1_81;partial=00;start_type=GTG;rbs_motif=AGGAG;rbs_spacer=5-10bp;gc_cont=0.353	WP_000249657.1 MULTISPECIES: tRNA uridine-5-carboxymethylaminomethyl(34) synthesis enzyme MnmG [Staphylococcus]	100	99.8	0.0
BAAHTD010000001.1_82|96714|98093|-1|ID=1_82;partial=00;start_type=ATG;rbs_motif=GGA/GAG/AGG;rbs_spacer=5-10bp;gc_cont=0.341	WP_000362509.1 MULTISPECIES: tRNA uridine-5-carboxymethylaminomethyl(34) synthesis GTPase MnmE [Staphylococcus]	100	99.8	0.0
BAAHTD010000001.1_83|98232|98585|-1|ID=1_83;partial=00;start_type=ATG;rbs_motif=None;rbs_spacer=None;gc_cont=0.291	WP_001789343.1 MULTISPECIES: ribonuclease P protein component [Staphylococcus]	100	99.2	1.47e-73
BAAHTD010000001.1_84|98705|98842|-1|ID=1_84;partial=00;start_type=ATG;rbs_motif=GGAG/GAGG;rbs_spacer=5-10bp;gc_cont=0.384	WP_000240855.1 MULTISPECIES: 50S ribosomal protein L34 [Bacillati]	100	97.8	4.62e-20
BAAHTD010000001.1_85|99573|100934|1|ID=1_85;partial=00;start_type=ATG;rbs_motif=GGAG/GAGG;rbs_spacer=5-10bp;gc_cont=0.327	WP_001290433.1 MULTISPECIES: chromosomal replication initiator protein DnaA [Staphylococcus]	100	99.8	0.0
BAAHTD010000001.1_86|101212|102345|1|ID=1_86;partial=00;start_type=ATG;rbs_motif=AGGAG;rbs_spacer=5-10bp;gc_cont=0.327	WP_000969811.1 MULTISPECIES: DNA polymerase III subunit beta [Staphylococcus]	100	99.7	9.37e-267
BAAHTD010000001.1_87|102735|102971|1|ID=1_87;partial=00;start_type=TTG;rbs_motif=GGAG/GAGG;rbs_spacer=5-10bp;gc_cont=0.359	WP_000249647.1 S4 domain-containing protein YaaA [Staphylococcus aureus]	100	98.7	2.61e-49
BAAHTD010000001.1_88|102968|104080|1|ID=1_88;partial=00;start_type=ATG;rbs_motif=GGA/GAG/AGG;rbs_spacer=5-10bp;gc_cont=0.338	WP_000775113.1 MULTISPECIES: DNA replication/repair protein RecF [Staphylococcus]	100	99.7	9.64e-261
BAAHTD010000001.1_89|104090|106024|1|ID=1_89;partial=00;start_type=ATG;rbs_motif=None;rbs_spacer=None;gc_cont=0.370	WP_000255586.1 MULTISPECIES: DNA topoisomerase (ATP-hydrolyzing) subunit B [Staphylococcus]	100	99.8	0.0
BAAHTD010000001.1_90|106061|108724|1|ID=1_90;partial=00;start_type=ATG;rbs_motif=AGGAG;rbs_spacer=5-10bp;gc_cont=0.369	WP_024936933.1 MULTISPECIES: DNA gyrase subunit A [Staphylococcus]	100	99.9	0.0
BAAHTD010000001.1_91|108811|109641|-1|ID=1_91;partial=00;start_type=ATG;rbs_motif=GGA/GAG/AGG;rbs_spacer=5-10bp;gc_cont=0.371	WP_000449218.1 MULTISPECIES: NAD(P)H-hydrate dehydratase [Staphylococcus]	100	97.5	9.30e-192
BAAHTD010000001.1_92|109949|111463|1|ID=1_92;partial=00;start_type=ATG;rbs_motif=AGxAGG/AGGxGG;rbs_spacer=5-10bp;gc_cont=0.368	WP_000177468.1 MULTISPECIES: histidine ammonia-lyase [Staphylococcus]	100	99.8	0.0
BAAHTD010000001.1_93|111842|113128|1|ID=1_93;partial=00;start_type=ATG;rbs_motif=AGGA;rbs_spacer=5-10bp;gc_cont=0.345	WP_000884342.1 MULTISPECIES: serine--tRNA ligase [Staphylococcus]	100	99.8	7.79e-310
BAAHTD010000001.1_94|113780|114475|1|ID=1_94;partial=00;start_type=ATG;rbs_motif=AGGAG;rbs_spacer=5-10bp;gc_cont=0.374	WP_000207110.1 MULTISPECIES: AzlC family ABC transporter permease [Staphylococcus]	100	99.6	1.27e-143
BAAHTD010000001.1_95|114472|114801|1|ID=1_95;partial=00;start_type=ATG;rbs_motif=AGGAG(G)/GGAGG;rbs_spacer=13-15bp;gc_cont=0.345	WP_000628050.1 MULTISPECIES: AzlD domain-containing protein [Bacillales]	100	99.1	4.37e-60
BAAHTD010000001.1_96|115163|116131|1|ID=1_96;partial=00;start_type=ATG;rbs_motif=AGGAG;rbs_spacer=5-10bp;gc_cont=0.358	WP_000186492.1 MULTISPECIES: homoserine O-acetyltransferase MetX [Staphylococcus]	100	99.7	1.09e-244
BAAHTD010000001.1_97|116424|117362|1|ID=1_97;partial=00;start_type=ATG;rbs_motif=None;rbs_spacer=None;gc_cont=0.329	WP_021286023.1 MULTISPECIES: YybS family protein [Staphylococcus]	97.4	99.7	9.61e-193
BAAHTD010000001.1_98|117377|119344|1|ID=1_98;partial=00;start_type=ATG;rbs_motif=GGAG/GAGG;rbs_spacer=5-10bp;gc_cont=0.355	WP_001081643.1 MULTISPECIES: cyclic-di-AMP phosphodiesterase GdpP [Staphylococcus]	100	99.8	0.0
BAAHTD010000001.1_99|119341|119787|1|ID=1_99;partial=00;start_type=ATG;rbs_motif=AGGAG;rbs_spacer=5-10bp;gc_cont=0.315	WP_000864305.1 MULTISPECIES: 50S ribosomal protein L9 [Staphylococcus]	100	99.3	1.38e-95
BAAHTD010000001.1_100|119819|121219|1|ID=1_100;partial=00;start_type=ATG;rbs_motif=AGGA/GGAG/GAGG;rbs_spacer=11-12bp;gc_cont=0.383	WP_047213056.1 replicative DNA helicase [Staphylococcus aureus]	100	99.8	0.0
BAAHTD010000001.1_101|121499|122782|1|ID=1_101;partial=00;start_type=ATG;rbs_motif=GGAG/GAGG;rbs_spacer=5-10bp;gc_cont=0.364	WP_000095327.1 MULTISPECIES: adenylosuccinate synthase [Staphylococcus]	100	99.8	1.46e-315
BAAHTD010000001.1_102|123986|124687|1|ID=1_102;partial=00;start_type=ATG;rbs_motif=GGAG/GAGG;rbs_spacer=5-10bp;gc_cont=0.365	WP_000101976.1 MULTISPECIES: response regulator YycF [Staphylococcus]	100	99.6	6.25e-170
BAAHTD010000001.1_103|124700|126526|1|ID=1_103;partial=00;start_type=ATG;rbs_motif=GGAG/GAGG;rbs_spacer=5-10bp;gc_cont=0.348	WP_000871607.1 MULTISPECIES: cell wall metabolism sensor histidine kinase WalK [Staphylococcus]	100	99.8	0.0
BAAHTD010000001.1_104|126570|127853|1|ID=1_104;partial=00;start_type=ATG;rbs_motif=None;rbs_spacer=None;gc_cont=0.353	WP_061393811.1 two-component system activity regulator YycH [Staphylococcus aureus]	100	99.8	3.52e-312
BAAHTD010000001.1_105|127854|128642|1|ID=1_105;partial=00;start_type=ATG;rbs_motif=GGAG/GAGG;rbs_spacer=5-10bp;gc_cont=0.322	WP_001104167.1 MULTISPECIES: two-component system regulatory protein YycI [Bacilli]	100	99.6	6.91e-177
BAAHTD010000001.1_106|129049|129831|1|ID=1_106;partial=00;start_type=ATG;rbs_motif=None;rbs_spacer=None;gc_cont=0.355	WP_000114395.1 MBL fold metallo-hydrolase [Staphylococcus aureus]	100	99.6	2.18e-188
BAAHTD010000001.1_107|130017|132377|1|ID=1_107;partial=00;start_type=ATG;rbs_motif=None;rbs_spacer=None;gc_cont=0.383	WP_000645781.1 MULTISPECIES: LPXTG-anchored adenosine synthase AdsA [Staphylococcus]	100	98.1	0.0
BAAHTD010000001.1_108|132726|133205|1|ID=1_108;partial=00;start_type=ATG;rbs_motif=GGAG/GAGG;rbs_spacer=5-10bp;gc_cont=0.392	WP_000704777.1 MULTISPECIES: 23S rRNA (pseudouridine(1915)-N(3))-methyltransferase RlmH [Staphylococcus]	100	99.4	2.61e-103
BAAHTD010000001.1_109|133527|134621|1|ID=1_109;partial=00;start_type=ATG;rbs_motif=AGGAG;rbs_spacer=5-10bp;gc_cont=0.290	WP_049284374.1 MrcB family domain-containing protein [Staphylococcus aureus]	100	99.7	1.85e-243
BAAHTD010000001.1_111|135198|135437|1|ID=1_111;partial=00;start_type=ATG;rbs_motif=GGA/GAG/AGG;rbs_spacer=5-10bp;gc_cont=0.246	WP_001282728.1 MULTISPECIES: hypothetical protein [Staphylococcaceae]	100	98.8	6.40e-46
BAAHTD010000001.1_112|135469|136143|-1|ID=1_112;partial=00;start_type=ATG;rbs_motif=AGGAG;rbs_spacer=5-10bp;gc_cont=0.344	WP_001106057.1 MULTISPECIES: IS6-like element IS257 family transposase [Bacteria]	100	99.6	9.24e-163
BAAHTD010000001.1_113|136401|136568|1|ID=1_113;partial=00;start_type=ATG;rbs_motif=GGA/GAG/AGG;rbs_spacer=11-12bp;gc_cont=0.292	WP_000894158.1 MULTISPECIES: hypothetical protein [Staphylococcus]	100	98.2	6.38e-31
BAAHTD010000001.1_114|136666|136896|1|ID=1_114;partial=00;start_type=ATG;rbs_motif=None;rbs_spacer=None;gc_cont=0.355	WP_225261247.1 hypothetical protein, partial [Staphylococcus aureus]	98.7	98.7	8.40e-39
BAAHTD010000001.1_115|137285|138028|1|ID=1_115;partial=00;start_type=ATG;rbs_motif=AGGAG;rbs_spacer=5-10bp;gc_cont=0.335	WP_000958858.1 MULTISPECIES: glycerophosphoryl diester phosphodiesterase [Bacillota]	100	99.6	5.12e-176
BAAHTD010000001.1_116|138125|138553|1|ID=1_116;partial=00;start_type=ATG;rbs_motif=GGA/GAG/AGG;rbs_spacer=5-10bp;gc_cont=0.291	WP_000872606.1 MULTISPECIES: MaoC family dehydratase [Bacillota]	100	99.3	4.36e-96
BAAHTD010000001.1_117|138599|140605|-1|ID=1_117;partial=00;start_type=ATG;rbs_motif=AGGAG;rbs_spacer=5-10bp;gc_cont=0.306	WP_199613021.1 PBP2a family beta-lactam-resistant peptidoglycan transpeptidase MecA [Staphylococcus pseudintermedius]	100	99.9	0.0
BAAHTD010000001.1_118|140705|141691|1|ID=1_118;partial=00;start_type=GTG;rbs_motif=GGAG/GAGG;rbs_spacer=5-10bp;gc_cont=0.293	WP_001549960.1 MULTISPECIES: beta-lactam sensor/signal transducer MecR1 [Staphylococcus]	100	99.7	4.68e-224
BAAHTD010000001.1_119|141651|141923|1|ID=1_119;partial=00;start_type=TTG;rbs_motif=None;rbs_spacer=None;gc_cont=0.370	WP_320159820.1 type I restriction enzyme endonuclease domain-containing protein, partial [Staphylococcus aureus]	98.9	98.9	7.30e-53
BAAHTD010000001.1_120|141914|142270|-1|ID=1_120;partial=00;start_type=ATG;rbs_motif=None;rbs_spacer=None;gc_cont=0.283	WP_150530979.1 transposase, partial [Staphylococcus aureus]	100	99.2	1.91e-78
BAAHTD010000001.1_121|142257|143438|-1|ID=1_121;partial=00;start_type=ATG;rbs_motif=None;rbs_spacer=None;gc_cont=0.279	WP_274896878.1 IS1182 family transposase, partial [Staphylococcus epidermidis]	100	98.5	1.02e-283
BAAHTD010000001.1_122|143574|144080|-1|ID=1_122;partial=00;start_type=ATG;rbs_motif=AGGA;rbs_spacer=5-10bp;gc_cont=0.371	WP_001092189.1 MULTISPECIES: DUF1643 domain-containing protein [Staphylococcus]	100	99.4	1.38e-116
BAAHTD010000001.1_123|144095|144337|-1|ID=1_123;partial=00;start_type=TTG;rbs_motif=None;rbs_spacer=None;gc_cont=0.325	WP_409394202.1 DUF960 family protein, partial [Staphylococcus aureus]	100	92.6	3.05e-48
BAAHTD010000001.1_124|144492|144842|-1|ID=1_124;partial=00;start_type=ATG;rbs_motif=AGGAG;rbs_spacer=5-10bp;gc_cont=0.365	WP_000849672.1 MULTISPECIES: SAUGI family uracil-DNA glycosylase inhibitor [Bacteria]	100	99.1	6.26e-79
BAAHTD010000001.1_125|145364|146992|-1|ID=1_125;partial=00;start_type=ATG;rbs_motif=AGGA;rbs_spacer=5-10bp;gc_cont=0.350	WP_001186608.1 MULTISPECIES: cassette chromosome recombinase CcrB [Bacillota]	100	99.8	0.0
BAAHTD010000001.1_126|147014|148363|-1|ID=1_126;partial=00;start_type=ATG;rbs_motif=AGGAG;rbs_spacer=5-10bp;gc_cont=0.345	WP_000815640.1 MULTISPECIES: cassette chromosome recombinase CcrA [Bacillota]	100	99.8	0.0
BAAHTD010000001.1_127|148597|150384|-1|ID=1_127;partial=00;start_type=ATG;rbs_motif=AGGAG;rbs_spacer=5-10bp;gc_cont=0.345	WP_000122620.1 MULTISPECIES: cassette chromosome replicative helicase [Bacillota]	100	99.8	0.0
BAAHTD010000001.1_128|150384|150674|-1|ID=1_128;partial=00;start_type=ATG;rbs_motif=GGAG/GAGG;rbs_spacer=5-10bp;gc_cont=0.330	WP_001036438.1 MULTISPECIES: cassette chromosome ssDNA-binding protein [Bacillota]	100	99.0	3.83e-66
BAAHTD010000001.1_129|150771|151862|1|ID=1_129;partial=00;start_type=ATG;rbs_motif=None;rbs_spacer=None;gc_cont=0.256	WP_340790673.1 ACP synthase [Staphylococcus aureus]	99.4	95.9	7.84e-244
BAAHTD010000001.1_130|152229|153719|1|ID=1_130;partial=00;start_type=TTG;rbs_motif=GGAG/GAGG;rbs_spacer=5-10bp;gc_cont=0.285	WP_000554504.1 MULTISPECIES: RNA-binding domain-containing protein [Staphylococcus]	100	99.8	0.0
BAAHTD010000001.1_131|154343|155347|-1|ID=1_131;partial=00;start_type=ATG;rbs_motif=GGAG/GAGG;rbs_spacer=5-10bp;gc_cont=0.338	WP_331240474.1 persulfide dioxygenase-sulfurtransferase CstB [Staphylococcus aureus]	98.7	91.0	6.68e-222
BAAHTD010000001.1_132|155466|155603|1|ID=1_132;partial=00;start_type=ATG;rbs_motif=None;rbs_spacer=None;gc_cont=0.261	WP_325967054.1 MULTISPECIES: HNH endonuclease [Staphylococcus]	100	95.7	7.99e-22
BAAHTD010000001.1_133|155600|155971|1|ID=1_133;partial=00;start_type=TTG;rbs_motif=None;rbs_spacer=None;gc_cont=0.255	WP_001549968.1 MULTISPECIES: HNH endonuclease [Staphylococcus]	100	99.2	1.01e-85
BAAHTD010000001.1_134|156100|156720|1|ID=1_134;partial=00;start_type=ATG;rbs_motif=GGA/GAG/AGG;rbs_spacer=5-10bp;gc_cont=0.301	WP_000673114.1 MULTISPECIES: hypothetical protein [Staphylococcus]	100	99.5	2.03e-148
BAAHTD010000001.1_135|157259|158515|1|ID=1_135;partial=00;start_type=ATG;rbs_motif=AGGAG;rbs_spacer=5-10bp;gc_cont=0.277	WP_000566666.1 MULTISPECIES: MrcB family domain-containing protein [Staphylococcus]	100	99.8	3.50e-301
BAAHTD010000001.1_136|158987|159616|-1|ID=1_136;partial=00;start_type=ATG;rbs_motif=None;rbs_spacer=None;gc_cont=0.297	WP_216805812.1 DDE-type integrase/transposase/recombinase, partial [Staphylococcus aureus]	100	99.5	9.35e-144
BAAHTD010000001.1_137|159784|159894|-1|ID=1_137;partial=00;start_type=ATG;rbs_motif=None;rbs_spacer=None;gc_cont=0.342	WP_000251972.1 helix-turn-helix domain-containing protein [Staphylococcus aureus]	100	97.3	1.07e-19
BAAHTD010000001.1_138|160270|160995|1|ID=1_138;partial=00;start_type=ATG;rbs_motif=AGGAG;rbs_spacer=5-10bp;gc_cont=0.260	WP_000608674.1 MULTISPECIES: staphylococcal enterotoxin type H [Staphylococcus]	100	99.6	3.19e-167
BAAHTD010000001.1_139|161562|161750|1|ID=1_139;partial=00;start_type=ATG;rbs_motif=None;rbs_spacer=None;gc_cont=0.238	WP_411393032.1 exotoxin beta-grasp domain-containing protein [Staphylococcus aureus]	100	98.4	2.49e-37
BAAHTD010000001.1_140|161891|162364|1|ID=1_140;partial=00;start_type=TTG;rbs_motif=AGxAG;rbs_spacer=5-10bp;gc_cont=0.281	WP_000455974.1 MULTISPECIES: GNAT family N-acetyltransferase [Staphylococcus]	100	99.4	1.65e-105
BAAHTD010000001.1_141|162469|162564|-1|ID=1_141;partial=00;start_type=ATG;rbs_motif=None;rbs_spacer=None;gc_cont=0.375	WP_078071968.1 tRNA-dihydrouridine synthase, partial [Staphylococcus aureus]	100	90.6	9.45e-09
BAAHTD010000001.1_142|162915|163670|-1|ID=1_142;partial=00;start_type=ATG;rbs_motif=None;rbs_spacer=None;gc_cont=0.315	WP_000355844.1 MULTISPECIES: sulfite exporter TauE/SafE family protein [Staphylococcus]	100	99.6	2.75e-157
BAAHTD010000001.1_143|163670|163930|-1|ID=1_143;partial=00;start_type=ATG;rbs_motif=GGAG/GAGG;rbs_spacer=5-10bp;gc_cont=0.310	WP_001105087.1 MULTISPECIES: persulfide-sensing transcriptional repressor CstR [Staphylococcus]	100	98.9	1.96e-50
BAAHTD010000001.1_144|164067|165134|1|ID=1_144;partial=00;start_type=ATG;rbs_motif=GGAG/GAGG;rbs_spacer=5-10bp;gc_cont=0.318	WP_000816129.1 MULTISPECIES: persulfide response sulfurtransferase CstA [Staphylococcus]	100	99.7	4.88e-251
BAAHTD010000001.1_145|165165|166499|1|ID=1_145;partial=00;start_type=ATG;rbs_motif=AGGAG;rbs_spacer=5-10bp;gc_cont=0.336	WP_000465472.1 MULTISPECIES: persulfide dioxygenase-sulfurtransferase CstB [Staphylococcus]	100	99.8	0.0
BAAHTD010000001.1_146|166518|167711|1|ID=1_146;partial=00;start_type=ATG;rbs_motif=AGGA;rbs_spacer=5-10bp;gc_cont=0.326	WP_001033018.1 MULTISPECIES: type II sulfide:quinone oxidoreductase Sqr [Staphylococcus]	100	99.7	1.78e-297
BAAHTD010000001.1_147|168378|169364|-1|ID=1_147;partial=00;start_type=ATG;rbs_motif=None;rbs_spacer=None;gc_cont=0.389	WP_000662031.1 MULTISPECIES: tRNA dihydrouridine synthase [Staphylococcus]	100	99.7	1.88e-239
BAAHTD010000001.1_148|169673|169876|1|ID=1_148;partial=00;start_type=ATG;rbs_motif=GGA/GAG/AGG;rbs_spacer=5-10bp;gc_cont=0.265	WP_000398679.1 MULTISPECIES: DUF6007 family protein [Staphylococcus]	100	98.5	4.80e-38
BAAHTD010000001.1_149|169925|170221|1|ID=1_149;partial=00;start_type=ATG;rbs_motif=AGGAG;rbs_spacer=5-10bp;gc_cont=0.316	WP_000201640.1 MULTISPECIES: TfoX/Sxy family protein [Staphylococcus]	100	99.0	3.52e-63
BAAHTD010000001.1_150|170293|171513|-1|ID=1_150;partial=00;start_type=ATG;rbs_motif=GGA/GAG/AGG;rbs_spacer=5-10bp;gc_cont=0.290	WP_000130763.1 MULTISPECIES: MFS transporter [Staphylococcus]	100	99.8	6.16e-273
BAAHTD010000001.1_151|171506|172057|-1|ID=1_151;partial=00;start_type=ATG;rbs_motif=AGGAG;rbs_spacer=5-10bp;gc_cont=0.312	WP_000627024.1 MULTISPECIES: flavodoxin family protein [Staphylococcus]	100	99.5	9.51e-129
BAAHTD010000001.1_152|172170|173030|1|ID=1_152;partial=00;start_type=TTG;rbs_motif=AGGAG;rbs_spacer=5-10bp;gc_cont=0.276	WP_001052510.1 MULTISPECIES: LysR family transcriptional regulator [Staphylococcus]	100	99.7	2.35e-196
BAAHTD010000001.1_153|173385|173918|-1|ID=1_153;partial=00;start_type=ATG;rbs_motif=AGxAGG/AGGxGG;rbs_spacer=5-10bp;gc_cont=0.262	WP_000543163.1 MULTISPECIES: DUF4865 family protein [Staphylococcus]	100	99.4	2.35e-126
BAAHTD010000001.1_154|174009|174752|1|ID=1_154;partial=00;start_type=GTG;rbs_motif=None;rbs_spacer=None;gc_cont=0.262	WP_001793250.1 MULTISPECIES: LysR family transcriptional regulator [Staphylococcus]	100	99.6	3.56e-167
BAAHTD010000001.1_155|175186|175788|1|ID=1_155;partial=00;start_type=ATG;rbs_motif=GGA/GAG/AGG;rbs_spacer=5-10bp;gc_cont=0.299	WP_000908953.1 MULTISPECIES: hypothetical protein [Staphylococcus]	100	99.5	4.40e-131
BAAHTD010000001.1_156|176055|179207|1|ID=1_156;partial=00;start_type=ATG;rbs_motif=GGA/GAG/AGG;rbs_spacer=5-10bp;gc_cont=0.313	WP_000080559.1 MULTISPECIES: DEAD/DEAH box helicase [Staphylococcus]	100	99.9	0.0
BAAHTD010000001.1_157|179264|179746|1|ID=1_157;partial=00;start_type=ATG;rbs_motif=None;rbs_spacer=None;gc_cont=0.321	WP_000410568.1 MULTISPECIES: hypothetical protein [Staphylococcus]	100	99.4	4.67e-102
BAAHTD010000001.1_158|179951|180937|1|ID=1_158;partial=00;start_type=ATG;rbs_motif=AGxAG;rbs_spacer=5-10bp;gc_cont=0.332	WP_000710575.1 MULTISPECIES: phosphatidylinositol-specific phospholipase C [Staphylococcus]	100	99.7	2.67e-239
BAAHTD010000001.1_159|181158|181928|1|ID=1_159;partial=00;start_type=ATG;rbs_motif=GGA/GAG/AGG;rbs_spacer=5-10bp;gc_cont=0.294	WP_000977768.1 tandem-type lipoprotein [Staphylococcus aureus]	100	99.6	1.65e-181
BAAHTD010000001.1_160|181947|182750|1|ID=1_160;partial=00;start_type=ATG;rbs_motif=None;rbs_spacer=None;gc_cont=0.284	WP_000597213.1 MULTISPECIES: tandem-type lipoprotein [Staphylococcus]	100	95.5	1.01e-178
BAAHTD010000001.1_161|183029|183793|1|ID=1_161;partial=00;start_type=GTG;rbs_motif=GGA/GAG/AGG;rbs_spacer=5-10bp;gc_cont=0.275	WP_001793247.1 MULTISPECIES: tandem-type lipoprotein [Staphylococcus]	100	99.6	1.72e-182
BAAHTD010000001.1_162|183796|185172|1|ID=1_162;partial=00;start_type=ATG;rbs_motif=GGAG/GAGG;rbs_spacer=5-10bp;gc_cont=0.339	WP_001029555.1 MULTISPECIES: hypothetical protein [Staphylococcus]	100	99.8	0.0
BAAHTD010000001.1_163|185169|185498|1|ID=1_163;partial=00;start_type=ATG;rbs_motif=GGA/GAG/AGG;rbs_spacer=5-10bp;gc_cont=0.276	WP_001804823.1 MULTISPECIES: hypothetical protein [Staphylococcus]	100	98.2	4.58e-64
BAAHTD010000001.1_164|185502|185813|1|ID=1_164;partial=00;start_type=ATG;rbs_motif=AGGA/GGAG/GAGG;rbs_spacer=11-12bp;gc_cont=0.321	WP_000512631.1 MULTISPECIES: hypothetical protein [Staphylococcus]	100	99.0	1.91e-67
BAAHTD010000001.1_166|186065|188302|1|ID=1_166;partial=00;start_type=ATG;rbs_motif=GGAG/GAGG;rbs_spacer=5-10bp;gc_cont=0.336	WP_001188468.1 MULTISPECIES: transcriptional regulator AryK [Staphylococcus]	100	99.9	0.0
BAAHTD010000001.1_167|188453|189631|1|ID=1_167;partial=00;start_type=ATG;rbs_motif=AGGAG;rbs_spacer=5-10bp;gc_cont=0.370	WP_001075820.1 MULTISPECIES: M20 family metallopeptidase [Staphylococcus]	100	99.7	3.96e-287
BAAHTD010000001.1_168|189633|191021|1|ID=1_168;partial=00;start_type=ATG;rbs_motif=AGGAG;rbs_spacer=5-10bp;gc_cont=0.371	WP_001006425.1 MULTISPECIES: multidrug efflux MFS transporter NorC [Staphylococcus]	100	99.8	4.05e-311
BAAHTD010000001.1_169|191508|193175|-1|ID=1_169;partial=00;start_type=ATG;rbs_motif=GGAG/GAGG;rbs_spacer=5-10bp;gc_cont=0.357	WP_001800966.1 MULTISPECIES: Na/Pi cotransporter family protein [Staphylococcus]	99.8	99.5	0.0
BAAHTD010000001.1_170|193493|195268|-1|ID=1_170;partial=00;start_type=ATG;rbs_motif=AGGA;rbs_spacer=5-10bp;gc_cont=0.358	WP_000291838.1 MULTISPECIES: oleate hydratase [Staphylococcus]	100	99.8	0.0
BAAHTD010000001.1_171|195619|196092|1|ID=1_171;partial=00;start_type=ATG;rbs_motif=GGAG/GAGG;rbs_spacer=5-10bp;gc_cont=0.297	WP_000036329.1 MULTISPECIES: DUF1648 domain-containing protein [Staphylococcus]	100	99.4	8.49e-108
BAAHTD010000001.1_172|196354|197946|1|ID=1_172;partial=00;start_type=ATG;rbs_motif=GGAG/GAGG;rbs_spacer=5-10bp;gc_cont=0.346	WP_000173904.1 MULTISPECIES: L-lactate permease [Staphylococcus]	100	99.8	0.0
BAAHTD010000001.1_173|198275|199693|-1|ID=1_173;partial=00;start_type=ATG;rbs_motif=None;rbs_spacer=None;gc_cont=0.372	WP_049882064.1 staphylococcal protein A [Staphylococcus aureus]	99.8	99.8	6.92e-285
BAAHTD010000001.1_174|200078|200830|-1|ID=1_174;partial=00;start_type=ATG;rbs_motif=AGGAG;rbs_spacer=5-10bp;gc_cont=0.276	WP_000876756.1 MULTISPECIES: HTH-type transcriptional regulator SarS [Staphylococcus]	100	99.6	3.84e-168
BAAHTD010000001.1_175|201199|202197|-1|ID=1_175;partial=00;start_type=ATG;rbs_motif=AGGA/GGAG/GAGG;rbs_spacer=11-12bp;gc_cont=0.371	WP_000136643.1 MULTISPECIES: staphyloferrin B ABC transporter permease subunit SirC [Staphylococcus]	100	99.7	2.43e-212
BAAHTD010000001.1_176|202194|203189|-1|ID=1_176;partial=00;start_type=ATG;rbs_motif=AGGAG;rbs_spacer=5-10bp;gc_cont=0.387	WP_000924993.1 MULTISPECIES: staphyloferrin B ABC transporter permease subunit SirB [Staphylococcus]	100	99.7	7.19e-209
BAAHTD010000001.1_177|203205|204197|-1|ID=1_177;partial=00;start_type=ATG;rbs_motif=AGGA/GGAG/GAGG;rbs_spacer=11-12bp;gc_cont=0.323	WP_001045111.1 MULTISPECIES: staphyloferrin B ABC transporter substrate-binding protein SirA [Staphylococcus]	100	99.7	1.25e-229
BAAHTD010000001.1_178|204428|205408|1|ID=1_178;partial=00;start_type=TTG;rbs_motif=AGGAG;rbs_spacer=5-10bp;gc_cont=0.368	WP_000570808.1 MULTISPECIES: 2,3-diaminopropionate biosynthesis protein SbnA [Staphylococcus]	100	99.7	1.27e-236
BAAHTD010000001.1_179|205405|206415|1|ID=1_179;partial=00;start_type=ATG;rbs_motif=AGGAG;rbs_spacer=5-10bp;gc_cont=0.374	WP_001078456.1 MULTISPECIES: N-[(2S)-2-amino-2-carboxyethyl]-L-glutamate dehydrogenase SbnB [Staphylococcus]	100	99.7	9.37e-244
BAAHTD010000001.1_180|206436|208190|1|ID=1_180;partial=00;start_type=TTG;rbs_motif=GGAG/GAGG;rbs_spacer=5-10bp;gc_cont=0.356	WP_001179388.1 MULTISPECIES: staphyloferrin B biosynthesis protein SbnC [Staphylococcus]	100	99.8	0.0
BAAHTD010000001.1_181|208183|209439|1|ID=1_181;partial=00;start_type=ATG;rbs_motif=None;rbs_spacer=None;gc_cont=0.391	WP_000610051.1 MULTISPECIES: staphyloferrin B export MFS transporter [Staphylococcus]	100	99.8	4.29e-286
BAAHTD010000001.1_182|209429|211165|1|ID=1_182;partial=00;start_type=GTG;rbs_motif=None;rbs_spacer=None;gc_cont=0.367	WP_001179888.1 MULTISPECIES: L-2,3-diaminopropanoate--citrate ligase SbnE [Staphylococcus]	100	99.8	0.0
BAAHTD010000001.1_183|211146|212924|1|ID=1_183;partial=00;start_type=GTG;rbs_motif=AGGAG;rbs_spacer=5-10bp;gc_cont=0.360	WP_078368440.1 3-(L-alanin-3-ylcarbamoyl)-2-[(2-aminoethylcarbamoyl)methyl]-2-hydroxypropanoate synthase SbnF [Staphylococcus aureus]	100	99.7	0.0
BAAHTD010000001.1_184|212896|213675|1|ID=1_184;partial=00;start_type=ATG;rbs_motif=AGGAG;rbs_spacer=5-10bp;gc_cont=0.401	WP_001186804.1 MULTISPECIES: staphyloferrin B biosynthesis citrate synthase SbnG [Staphylococcus]	100	99.2	3.32e-180
BAAHTD010000001.1_185|213675|214877|1|ID=1_185;partial=00;start_type=ATG;rbs_motif=GGA/GAG/AGG;rbs_spacer=5-10bp;gc_cont=0.364	WP_001223697.1 MULTISPECIES: staphyloferrin B biosynthesis decarboxylase SbnH [Staphylococcus]	100	99.8	1.47e-302
BAAHTD010000001.1_186|214881|215645|1|ID=1_186;partial=00;start_type=TTG;rbs_motif=AGGA;rbs_spacer=5-10bp;gc_cont=0.373	WP_001015549.1 MULTISPECIES: bifunctional transcriptional regulator/O-phospho-L-serine synthase SbnI [Staphylococcus]	100	99.6	8.58e-192
BAAHTD010000001.1_187|215841|216248|1|ID=1_187;partial=00;start_type=ATG;rbs_motif=GGA/GAG/AGG;rbs_spacer=5-10bp;gc_cont=0.294	WP_000094898.1 MULTISPECIES: hypothetical protein [Staphylococcus]	100	99.3	5.60e-82
BAAHTD010000001.1_188|216298|217008|1|ID=1_188;partial=00;start_type=ATG;rbs_motif=GGA/GAG/AGG;rbs_spacer=5-10bp;gc_cont=0.308	WP_123213148.1 MFS transporter [Staphylococcus aureus]	99.5	79.7	5.47e-111
BAAHTD010000001.1_189|217135|217911|1|ID=1_189;partial=00;start_type=ATG;rbs_motif=AGGAG;rbs_spacer=5-10bp;gc_cont=0.409	WP_117179539.1 (S)-acetoin forming diacetyl reductase [Staphylococcus aureus]	99.6	99.6	1.31e-163
BAAHTD010000001.1_190|218256|219227|1|ID=1_190;partial=00;start_type=TTG;rbs_motif=GGAG/GAGG;rbs_spacer=5-10bp;gc_cont=0.319	WP_000442712.1 NAD-dependent epimerase/dehydratase family protein [Staphylococcus aureus]	100	99.7	1.86e-232
BAAHTD010000001.1_191|219190|219882|1|ID=1_191;partial=00;start_type=TTG;rbs_motif=GGAG/GAGG;rbs_spacer=5-10bp;gc_cont=0.346	WP_117200942.1 sugar transferase [Staphylococcus aureus]	100	99.6	2.84e-160
BAAHTD010000001.1_192|220092|221258|1|ID=1_192;partial=00;start_type=TTG;rbs_motif=GGA/GAG/AGG;rbs_spacer=11-12bp;gc_cont=0.332	WP_000692489.1 MULTISPECIES: glycosyltransferase family 4 protein [Staphylococcus]	100	99.7	1.72e-279
BAAHTD010000001.1_193|221239|222477|1|ID=1_193;partial=00;start_type=ATG;rbs_motif=GGA/GAG/AGG;rbs_spacer=11-12bp;gc_cont=0.302	WP_117200944.1 O-antigen ligase family protein [Staphylococcus aureus]	100	99.8	3.43e-273
BAAHTD010000001.1_194|222467|223897|1|ID=1_194;partial=00;start_type=ATG;rbs_motif=GGA/GAG/AGG;rbs_spacer=5-10bp;gc_cont=0.317	WP_000834090.1 MULTISPECIES: oligosaccharide flippase family protein [Staphylococcus]	100	99.8	3.10e-313
BAAHTD010000001.1_195|224165|224764|1|ID=1_195;partial=00;start_type=ATG;rbs_motif=AGGAG;rbs_spacer=5-10bp;gc_cont=0.353	WP_000874681.1 MULTISPECIES: superoxide dismutase [Staphylococcus]	100	99.5	2.49e-150
BAAHTD010000001.1_196|225132|225857|1|ID=1_196;partial=00;start_type=ATG;rbs_motif=GGA/GAG/AGG;rbs_spacer=5-10bp;gc_cont=0.351	WP_061823604.1 LPXTG cell wall anchor domain-containing protein [Staphylococcus aureus]	86.7	99.6	4.53e-123
BAAHTD010000001.1_197|226048|226803|-1|ID=1_197;partial=00;start_type=ATG;rbs_motif=None;rbs_spacer=None;gc_cont=0.357	WP_001789411.1 MULTISPECIES: GntR family transcriptional regulator [Staphylococcus]	100	99.6	3.35e-183
BAAHTD010000001.1_198|227039|227746|1|ID=1_198;partial=00;start_type=ATG;rbs_motif=GGAG/GAGG;rbs_spacer=5-10bp;gc_cont=0.374	WP_000843294.1 MULTISPECIES: purine-nucleoside phosphorylase [Staphylococcus]	100	99.6	4.05e-167
BAAHTD010000001.1_199|227753|229105|1|ID=1_199;partial=00;start_type=ATG;rbs_motif=None;rbs_spacer=None;gc_cont=0.322	WP_001100294.1 MULTISPECIES: tetracycline efflux MFS transporter Tet(38) [Staphylococcus]	100	99.8	1.30e-294
BAAHTD010000001.1_200|229186|229848|1|ID=1_200;partial=00;start_type=ATG;rbs_motif=AGGAG;rbs_spacer=5-10bp;gc_cont=0.398	WP_000667279.1 MULTISPECIES: deoxyribose-phosphate aldolase [Staphylococcus]	100	99.5	8.46e-148
BAAHTD010000001.1_201|229876|231054|1|ID=1_201;partial=00;start_type=ATG;rbs_motif=GGAG/GAGG;rbs_spacer=5-10bp;gc_cont=0.368	WP_000197806.1 MULTISPECIES: phosphopentomutase [Staphylococcus]	100	99.7	4.49e-293
BAAHTD010000001.1_202|231185|232000|-1|ID=1_202;partial=00;start_type=ATG;rbs_motif=AGGA/GGAG/GAGG;rbs_spacer=11-12bp;gc_cont=0.369	WP_000191089.1 MULTISPECIES: phosphonate ABC transporter, permease protein PhnE [Staphylococcus]	100	99.6	8.33e-178
BAAHTD010000001.1_203|231997|232797|-1|ID=1_203;partial=00;start_type=ATG;rbs_motif=AGGAG;rbs_spacer=5-10bp;gc_cont=0.345	WP_001127863.1 MULTISPECIES: phosphonate ABC transporter, permease protein PhnE [Staphylococcus]	100	99.6	3.99e-178
BAAHTD010000001.1_204|232799|233572|-1|ID=1_204;partial=00;start_type=ATG;rbs_motif=GGA/GAG/AGG;rbs_spacer=5-10bp;gc_cont=0.351	WP_000078092.1 MULTISPECIES: phosphonate ABC transporter ATP-binding protein [Staphylococcus]	100	99.6	6.96e-179
BAAHTD010000001.1_205|233786|234742|-1|ID=1_205;partial=00;start_type=ATG;rbs_motif=GGA/GAG/AGG;rbs_spacer=5-10bp;gc_cont=0.311	WP_000713597.1 MULTISPECIES: phosphate/phosphite/phosphonate ABC transporter substrate-binding protein [Staphylococcus]	100	99.7	3.01e-215
BAAHTD010000001.1_207|234971|236515|1|ID=1_207;partial=00;start_type=ATG;rbs_motif=AGGAG;rbs_spacer=5-10bp;gc_cont=0.368	WP_072527587.1 DNA-binding protein [Staphylococcus aureus]	99.8	99.8	0.0
BAAHTD010000001.1_208|236566|238101|1|ID=1_208;partial=00;start_type=ATG;rbs_motif=AGGAG;rbs_spacer=5-10bp;gc_cont=0.365	WP_000065036.1 MULTISPECIES: bifunctional metallophosphatase/5'-nucleotidase [Staphylococcus]	100	99.8	0.0
BAAHTD010000001.1_209|238188|238382|1|ID=1_209;partial=00;start_type=ATG;rbs_motif=None;rbs_spacer=None;gc_cont=0.221	WP_301557689.1 ImmA/IrrE family metallo-endopeptidase, partial [Staphylococcus aureus]	100	98.5	9.65e-36
BAAHTD010000001.1_210|238695|239240|1|ID=1_210;partial=00;start_type=ATG;rbs_motif=None;rbs_spacer=None;gc_cont=0.308	WP_001550007.1 replication initiation protein [Staphylococcus aureus]	98.8	88.5	4.85e-112
BAAHTD010000001.1_211|239225|239515|1|ID=1_211;partial=00;start_type=GTG;rbs_motif=None;rbs_spacer=None;gc_cont=0.271	WP_267246680.1 replication initiation factor domain-containing protein [Staphylococcus aureus]	95.8	99.0	2.39e-57
BAAHTD010000001.1_212|239704|239991|1|ID=1_212;partial=00;start_type=ATG;rbs_motif=AGxAG;rbs_spacer=5-10bp;gc_cont=0.198	WP_000469917.1 MULTISPECIES: hypothetical protein [Staphylococcus]	100	99.0	2.43e-55
BAAHTD010000001.1_213|240587|240808|1|ID=1_213;partial=00;start_type=ATG;rbs_motif=AGGA/GGAG/GAGG;rbs_spacer=11-12bp;gc_cont=0.270	WP_001550009.1 transposase [Staphylococcus aureus]	100	98.6	5.07e-47
BAAHTD010000001.1_214|241258|243867|1|ID=1_214;partial=00;start_type=ATG;rbs_motif=AGGAG;rbs_spacer=5-10bp;gc_cont=0.361	WP_001637578.1 bifunctional acetaldehyde-CoA/alcohol dehydrogenase [Staphylococcus aureus]	99.9	99.9	0.0
BAAHTD010000001.1_215|244212|244904|1|ID=1_215;partial=00;start_type=ATG;rbs_motif=GGAG/GAGG;rbs_spacer=5-10bp;gc_cont=0.294	WP_117218869.1 capsular polysaccharide type 5/8 biosynthesis protein CapA [Staphylococcus aureus]	100	99.6	2.42e-136
BAAHTD010000001.1_216|244920|245606|1|ID=1_216;partial=00;start_type=ATG;rbs_motif=AGGA/GGAG/GAGG;rbs_spacer=11-12bp;gc_cont=0.333	WP_000037328.1 MULTISPECIES: type 8 capsular polysaccharide synthesis protein Cap8B [Staphylococcus]	100	99.6	1.45e-152
BAAHTD010000001.1_217|245609|246373|1|ID=1_217;partial=00;start_type=ATG;rbs_motif=GGAG/GAGG;rbs_spacer=5-10bp;gc_cont=0.322	WP_000565297.1 MULTISPECIES: type 8 capsular polysaccharide synthesis protein Cap8C [Staphylococcus]	100	99.6	7.29e-184
BAAHTD010000001.1_218|246393|248216|1|ID=1_218;partial=00;start_type=ATG;rbs_motif=GGAG/GAGG;rbs_spacer=5-10bp;gc_cont=0.351	WP_117200947.1 type 8 capsular polysaccharide synthesis protein Cap8D [Staphylococcus aureus]	100	99.8	0.0
BAAHTD010000001.1_219|248206|249234|1|ID=1_219;partial=00;start_type=ATG;rbs_motif=GGAG/GAGG;rbs_spacer=5-10bp;gc_cont=0.339	WP_000459062.1 MULTISPECIES: type 8 capsular polysaccharide synthesis protein Cap8E [Staphylococcus]	100	99.7	4.11e-241
BAAHTD010000001.1_220|249247|250356|1|ID=1_220;partial=00;start_type=TTG;rbs_motif=AGGAG;rbs_spacer=5-10bp;gc_cont=0.350	WP_001028293.1 MULTISPECIES: type 8 capsular polysaccharide synthesis protein Cap8F [Staphylococcus]	100	99.7	9.83e-274
BAAHTD010000001.1_221|250360|251484|1|ID=1_221;partial=00;start_type=ATG;rbs_motif=GGAG/GAGG;rbs_spacer=5-10bp;gc_cont=0.336	WP_000413169.1 MULTISPECIES: type 8 capsular polysaccharide synthesis protein Cap8G [Staphylococcus]	100	99.7	2.31e-270
BAAHTD010000001.1_222|251487|252566|1|ID=1_222;partial=00;start_type=ATG;rbs_motif=GGAG/GAGG;rbs_spacer=5-10bp;gc_cont=0.272	WP_001216935.1 MULTISPECIES: type 8 capsular polysaccharide synthesis protein Cap8H [Staphylococcus]	100	99.7	3.12e-265
BAAHTD010000001.1_223|252559|253953|1|ID=1_223;partial=00;start_type=ATG;rbs_motif=AGGA;rbs_spacer=5-10bp;gc_cont=0.285	WP_001034053.1 MULTISPECIES: type 8 capsular polysaccharide synthesis protein Cap8I [Staphylococcus]	100	99.8	2.01e-312
BAAHTD010000001.1_224|253950|254507|1|ID=1_224;partial=00;start_type=ATG;rbs_motif=GGA/GAG/AGG;rbs_spacer=5-10bp;gc_cont=0.319	WP_000636149.1 MULTISPECIES: type 8 capsular polysaccharide synthesis protein Cap8J [Staphylococcus]	100	99.5	3.44e-132
BAAHTD010000001.1_225|254516|255754|1|ID=1_225;partial=00;start_type=ATG;rbs_motif=GGAG/GAGG;rbs_spacer=5-10bp;gc_cont=0.269	WP_117200949.1 type 8 capsular polysaccharide synthesis protein Cap8K [Staphylococcus aureus]	100	99.8	9.58e-264
BAAHTD010000001.1_226|255788|256993|1|ID=1_226;partial=00;start_type=ATG;rbs_motif=AGGA;rbs_spacer=5-10bp;gc_cont=0.350	WP_001291010.1 MULTISPECIES: type 8 capsular polysaccharide synthesis protein Cap8L [Staphylococcus]	100	99.8	4.71e-295
BAAHTD010000001.1_227|257004|257561|1|ID=1_227;partial=00;start_type=ATG;rbs_motif=AGGAG;rbs_spacer=5-10bp;gc_cont=0.324	WP_000825101.1 MULTISPECIES: type 8 capsular polysaccharide synthesis protein Cap8M [Staphylococcus]	100	99.5	8.74e-126
BAAHTD010000001.1_228|257561|258448|1|ID=1_228;partial=00;start_type=ATG;rbs_motif=AGxAGG/AGGxGG;rbs_spacer=11-12bp;gc_cont=0.339	WP_001230681.1 MULTISPECIES: capsular polysaccharide type 5/8 biosynthesis epimerase CapN [Staphylococcus]	100	99.7	1.09e-210
BAAHTD010000001.1_229|258502|259764|1|ID=1_229;partial=00;start_type=ATG;rbs_motif=GGAG/GAGG;rbs_spacer=5-10bp;gc_cont=0.343	WP_000779494.1 MULTISPECIES: type 8 capsular polysaccharide synthesis protein Cap8O [Staphylococcus]	100	99.8	1.28e-304
BAAHTD010000001.1_230|259841|260986|1|ID=1_230;partial=00;start_type=ATG;rbs_motif=GGAG/GAGG;rbs_spacer=5-10bp;gc_cont=0.363	WP_000723452.1 MULTISPECIES: type 8 capsular polysaccharide synthesis protein Cap8P [Staphylococcus]	100	99.7	2.25e-276
BAAHTD010000001.1_231|261051|261377|-1|ID=1_231;partial=00;start_type=ATG;rbs_motif=AGGAG;rbs_spacer=5-10bp;gc_cont=0.309	WP_000480603.1 MULTISPECIES: staphylobilin-forming heme oxygenase IsdI [Staphylococcus]	100	99.1	4.22e-71
BAAHTD010000001.1_232|261384|261767|-1|ID=1_232;partial=00;start_type=ATG;rbs_motif=GGAG/GAGG;rbs_spacer=5-10bp;gc_cont=0.315	WP_001237002.1 MULTISPECIES: YbaN family protein [Staphylococcus]	100	99.2	2.26e-75
BAAHTD010000001.1_233|262194|263681|1|ID=1_233;partial=00;start_type=ATG;rbs_motif=AGGAG;rbs_spacer=5-10bp;gc_cont=0.362	WP_000290397.1 MULTISPECIES: aldehyde dehydrogenase family protein [Staphylococcus]	100	99.8	0.0
BAAHTD010000001.1_234|263808|263918|1|ID=1_234;partial=00;start_type=ATG;rbs_motif=GGA/GAG/AGG;rbs_spacer=5-10bp;gc_cont=0.297	WP_000161255.1 hypothetical protein [Staphylococcus aureus]	76.5	91.9	1.21e-08
BAAHTD010000001.1_235|264222|265286|1|ID=1_235;partial=00;start_type=ATG;rbs_motif=None;rbs_spacer=None;gc_cont=0.315	WP_001013481.1 MULTISPECIES: cation diffusion facilitator family transporter [Staphylococcus]	100	89.9	1.38e-216
BAAHTD010000001.1_236|265448|265651|-1|ID=1_236;partial=00;start_type=ATG;rbs_motif=AGxAGG/AGGxGG;rbs_spacer=5-10bp;gc_cont=0.304	WP_000356963.1 MULTISPECIES: hypothetical protein [Staphylococcus]	100	98.5	8.29e-39
BAAHTD010000001.1_237|265829|266341|1|ID=1_237;partial=00;start_type=ATG;rbs_motif=AGGAG;rbs_spacer=5-10bp;gc_cont=0.341	WP_000171919.1 MULTISPECIES: DUF4242 domain-containing protein [Staphylococcus]	100	99.4	9.30e-116
BAAHTD010000001.1_238|266683|267423|1|ID=1_238;partial=00;start_type=ATG;rbs_motif=GGA/GAG/AGG;rbs_spacer=5-10bp;gc_cont=0.355	WP_000590847.1 MULTISPECIES: ABC transporter ATP-binding protein [Staphylococcus]	100	99.6	4.22e-179
BAAHTD010000001.1_239|267437|268411|1|ID=1_239;partial=00;start_type=ATG;rbs_motif=AGGAG;rbs_spacer=5-10bp;gc_cont=0.368	WP_000826671.1 MULTISPECIES: ABC transporter substrate-binding protein [Staphylococcus]	100	99.7	2.89e-241
BAAHTD010000001.1_240|268408|269169|1|ID=1_240;partial=00;start_type=ATG;rbs_motif=AGGAGG;rbs_spacer=5-10bp;gc_cont=0.353	WP_000197961.1 MULTISPECIES: ABC transporter permease [Staphylococcus]	100	99.6	7.26e-179
BAAHTD010000001.1_241|269182|270213|1|ID=1_241;partial=00;start_type=ATG;rbs_motif=AGGAG;rbs_spacer=5-10bp;gc_cont=0.352	WP_000171644.1 MULTISPECIES: acyl-CoA/acyl-ACP dehydrogenase [Staphylococcus]	100	99.7	2.05e-246
BAAHTD010000001.1_242|270430|270789|1|ID=1_242;partial=00;start_type=GTG;rbs_motif=None;rbs_spacer=None;gc_cont=0.325	WP_001092004.1 MULTISPECIES: DUF2294 domain-containing protein [Staphylococcus]	100	99.2	5.50e-79
BAAHTD010000001.1_243|270962|271987|1|ID=1_243;partial=00;start_type=ATG;rbs_motif=AGGAG;rbs_spacer=5-10bp;gc_cont=0.349	WP_117218871.1 NAD-dependent formate dehydrogenase [Staphylococcus aureus]	100	99.7	4.31e-247
BAAHTD010000001.1_244|272373|273623|1|ID=1_244;partial=00;start_type=ATG;rbs_motif=None;rbs_spacer=None;gc_cont=0.325	WP_000826862.1 MULTISPECIES: MDR family MFS transporter [Staphylococcus]	100	99.8	1.15e-273
BAAHTD010000001.1_245|274052|281245|1|ID=1_245;partial=00;start_type=ATG;rbs_motif=GGA/GAG/AGG;rbs_spacer=5-10bp;gc_cont=0.352	WP_000605278.1 aureusimine non-ribosomal peptide synthetase AusA [Staphylococcus aureus]	100	99.7	0.0
BAAHTD010000001.1_246|281258|281902|1|ID=1_246;partial=00;start_type=ATG;rbs_motif=GGA/GAG/AGG;rbs_spacer=5-10bp;gc_cont=0.338	WP_000215724.1 MULTISPECIES: aureusimine biosynthesis 4'-phosphopantetheinyl transferase AusB [Staphylococcus]	100	99.5	1.88e-157
BAAHTD010000001.1_247|282230|282709|-1|ID=1_247;partial=00;start_type=ATG;rbs_motif=None;rbs_spacer=None;gc_cont=0.365	WP_001802886.1 MULTISPECIES: YagU family protein [Staphylococcus]	100	99.4	3.07e-111
BAAHTD010000001.1_248|282979|283743|-1|ID=1_248;partial=00;start_type=ATG;rbs_motif=AGxAGG/AGGxGG;rbs_spacer=5-10bp;gc_cont=0.346	WP_000668894.1 MULTISPECIES: acetylglutamate kinase [Staphylococcus]	100	99.6	2.85e-181
BAAHTD010000001.1_249|283759|285000|-1|ID=1_249;partial=00;start_type=ATG;rbs_motif=GGA/GAG/AGG;rbs_spacer=5-10bp;gc_cont=0.381	WP_000682611.1 MULTISPECIES: bifunctional glutamate N-acetyltransferase/amino-acid acetyltransferase ArgJ [Staphylococcus]	100	99.8	2.08e-295
BAAHTD010000001.1_250|285012|286046|-1|ID=1_250;partial=00;start_type=ATG;rbs_motif=AGGAG;rbs_spacer=5-10bp;gc_cont=0.355	WP_000598483.1 MULTISPECIES: N-acetyl-gamma-glutamyl-phosphate reductase [Staphylococcus]	100	99.4	1.91e-249
BAAHTD010000001.1_251|286082|287293|-1|ID=1_251;partial=00;start_type=ATG;rbs_motif=None;rbs_spacer=None;gc_cont=0.378	WP_001084436.1 MULTISPECIES: ornithine--oxo-acid transaminase [Staphylococcus]	100	97.5	8.12e-288
BAAHTD010000001.1_252|287519|288874|-1|ID=1_252;partial=00;start_type=ATG;rbs_motif=AGGAG(G)/GGAGG;rbs_spacer=13-15bp;gc_cont=0.329	WP_000728180.1 MULTISPECIES: branched-chain amino acid transport system II carrier protein BrnQ1 [Staphylococcus]	100	99.8	6.40e-307
BAAHTD010000001.1_253|289150|289707|-1|ID=1_253;partial=00;start_type=ATG;rbs_motif=AGGA/GGAG/GAGG;rbs_spacer=11-12bp;gc_cont=0.351	WP_000606890.1 MULTISPECIES: isochorismatase family protein [Staphylococcus]	100	99.5	2.83e-131
BAAHTD010000001.1_254|289774|291414|-1|ID=1_254;partial=00;start_type=ATG;rbs_motif=GGA/GAG/AGG;rbs_spacer=5-10bp;gc_cont=0.364	WP_117200951.1 alpha-keto acid decarboxylase family protein [Staphylococcus aureus]	100	99.8	0.0
BAAHTD010000001.1_255|291687|293732|-1|ID=1_255;partial=00;start_type=GTG;rbs_motif=GGAG/GAGG;rbs_spacer=5-10bp;gc_cont=0.377	WP_001227724.1 MULTISPECIES: glucose-specific PTS transporter subunit IIBC [Staphylococcus]	100	99.9	0.0
BAAHTD010000001.1_256|294332|295372|1|ID=1_256;partial=00;start_type=GTG;rbs_motif=GGA/GAG/AGG;rbs_spacer=5-10bp;gc_cont=0.354	WP_001802887.1 6-phospho-N-acetylmuramidase [Staphylococcus aureus]	99.7	99.7	3.73e-255
BAAHTD010000001.1_257|295372|296268|1|ID=1_257;partial=00;start_type=ATG;rbs_motif=AGGA/GGAG/GAGG;rbs_spacer=11-12bp;gc_cont=0.381	WP_117200953.1 N-acetylmuramic acid 6-phosphate etherase [Staphylococcus aureus]	100	99.7	3.48e-204
BAAHTD010000001.1_258|296280|297734|1|ID=1_258;partial=00;start_type=ATG;rbs_motif=AGGAG;rbs_spacer=5-10bp;gc_cont=0.381	WP_000159750.1 MULTISPECIES: PTS transporter subunit EIIC [Staphylococcus]	100	99.8	0.0
BAAHTD010000001.1_259|297734|298612|1|ID=1_259;partial=00;start_type=ATG;rbs_motif=None;rbs_spacer=None;gc_cont=0.344	WP_000181827.1 MurR/RpiR family transcriptional regulator [Staphylococcus aureus]	92.4	99.3	6.81e-185
BAAHTD010000001.1_260|299300|302089|1|ID=1_260;partial=00;start_type=ATG;rbs_motif=GGA/GAG/AGG;rbs_spacer=5-10bp;gc_cont=0.332	WP_000331353.1 MULTISPECIES: type I restriction endonuclease subunit R [Staphylococcus]	100	99.9	0.0
BAAHTD010000001.1_261|302236|302835|-1|ID=1_261;partial=00;start_type=ATG;rbs_motif=AGGAG;rbs_spacer=5-10bp;gc_cont=0.292	WP_000059054.1 MULTISPECIES: hypothetical protein [Staphylococcus]	100	99.5	3.03e-117
BAAHTD010000001.1_262|302961|303716|1|ID=1_262;partial=00;start_type=TTG;rbs_motif=AGGAG;rbs_spacer=5-10bp;gc_cont=0.317	WP_108947512.1 RND transporter [Staphylococcus aureus]	99.6	99.6	5.05e-169
BAAHTD010000001.1_263|303713|304393|1|ID=1_263;partial=00;start_type=ATG;rbs_motif=GGA/GAG/AGG;rbs_spacer=5-10bp;gc_cont=0.314	WP_000571407.1 MULTISPECIES: ABC transporter ATP-binding protein [Staphylococcus]	100	99.6	2.34e-157
BAAHTD010000001.1_264|304390|305568|1|ID=1_264;partial=00;start_type=ATG;rbs_motif=GGAG/GAGG;rbs_spacer=5-10bp;gc_cont=0.307	WP_001233397.1 MULTISPECIES: ABC transporter permease [Staphylococcus]	100	99.7	4.99e-265
BAAHTD010000001.1_265|305775|305996|1|ID=1_265;partial=00;start_type=ATG;rbs_motif=AGGAGG;rbs_spacer=5-10bp;gc_cont=0.414	WP_000915920.1 MULTISPECIES: putative cyclic bacteriocin [Staphylococcus]	100	98.6	3.32e-43
BAAHTD010000001.1_266|306067|307752|1|ID=1_266;partial=00;start_type=ATG;rbs_motif=AGGAG;rbs_spacer=5-10bp;gc_cont=0.234	WP_031899927.1 membrane protein [Staphylococcus aureus]	99.8	99.8	0.0
BAAHTD010000001.1_267|307790|308254|1|ID=1_267;partial=00;start_type=GTG;rbs_motif=None;rbs_spacer=None;gc_cont=0.256	WP_001793228.1 MULTISPECIES: stage II sporulation protein M [Staphylococcus]	100	99.4	6.39e-88
BAAHTD010000001.1_268|308266|308988|1|ID=1_268;partial=00;start_type=ATG;rbs_motif=AGGA;rbs_spacer=5-10bp;gc_cont=0.266	WP_000960712.1 MULTISPECIES: ATP-binding cassette domain-containing protein [Staphylococcus]	100	99.6	6.95e-166
BAAHTD010000001.1_269|308975|309163|1|ID=1_269;partial=00;start_type=ATG;rbs_motif=GGAG/GAGG;rbs_spacer=5-10bp;gc_cont=0.222	WP_368409519.1 hypothetical protein [Staphylococcus aureus]	98.4	98.4	1.29e-33
BAAHTD010000001.1_270|309153|309350|1|ID=1_270;partial=00;start_type=GTG;rbs_motif=GGA/GAG/AGG;rbs_spacer=5-10bp;gc_cont=0.308	WP_000794565.1 MULTISPECIES: helix-turn-helix transcriptional regulator [Staphylococcus]	100	98.5	1.20e-37
BAAHTD010000001.1_271|309860|310762|-1|ID=1_271;partial=00;start_type=ATG;rbs_motif=None;rbs_spacer=None;gc_cont=0.372	WP_423143752.1 ATP-binding cassette domain-containing protein, partial [Staphylococcus aureus]	99.7	95.3	6.41e-199
BAAHTD010000001.1_272|310719|311453|-1|ID=1_272;partial=00;start_type=ATG;rbs_motif=GGAG/GAGG;rbs_spacer=5-10bp;gc_cont=0.337	WP_142300295.1 ABC transporter ATP-binding protein, partial [Staphylococcus aureus]	99.6	99.6	5.29e-166
BAAHTD010000001.1_273|311455|312888|1|ID=1_273;partial=00;start_type=ATG;rbs_motif=None;rbs_spacer=None;gc_cont=0.326	WP_001557565.1 ABC transporter permease [Staphylococcus aureus]	100	99.8	3.40e-306
BAAHTD010000001.1_274|312894|314057|1|ID=1_274;partial=00;start_type=ATG;rbs_motif=AGGA;rbs_spacer=5-10bp;gc_cont=0.345	WP_000240104.1 MULTISPECIES: ABC transporter permease [Staphylococcus]	100	99.7	3.70e-253
BAAHTD010000001.1_275|314074|315849|1|ID=1_275;partial=00;start_type=GTG;rbs_motif=GGA/GAG/AGG;rbs_spacer=5-10bp;gc_cont=0.334	WP_000720804.1 MULTISPECIES: ABC transporter substrate-binding protein [Staphylococcus]	100	99.8	0.0
BAAHTD010000001.1_276|315887|317893|1|ID=1_276;partial=00;start_type=ATG;rbs_motif=AGGAG;rbs_spacer=5-10bp;gc_cont=0.379	WP_000236409.1 MULTISPECIES: gamma-glutamyltransferase [Staphylococcus]	100	99.9	0.0
BAAHTD010000001.1_277|318206|318979|-1|ID=1_277;partial=00;start_type=ATG;rbs_motif=GGA/GAG/AGG;rbs_spacer=5-10bp;gc_cont=0.298	WP_000643623.1 MULTISPECIES: tandem-type lipoprotein [Staphylococcus]	100	99.6	5.96e-180
BAAHTD010000001.1_278|319169|319795|-1|ID=1_278;partial=00;start_type=ATG;rbs_motif=AGGAG;rbs_spacer=5-10bp;gc_cont=0.321	WP_001151450.1 MULTISPECIES: FMN-dependent NADH-azoreductase [Staphylococcus]	100	99.5	1.17e-148
BAAHTD010000001.1_279|320004|320582|1|ID=1_279;partial=00;start_type=ATG;rbs_motif=GGA/GAG/AGG;rbs_spacer=5-10bp;gc_cont=0.361	WP_000166919.1 MULTISPECIES: M23 family metallopeptidase [Staphylococcus]	100	99.5	3.70e-144
BAAHTD010000001.1_280|320965|322062|1|ID=1_280;partial=00;start_type=ATG;rbs_motif=GGAG/GAGG;rbs_spacer=5-10bp;gc_cont=0.351	WP_000818914.1 MULTISPECIES: ABC transporter ATP-binding protein [Staphylococcus]	100	99.7	7.94e-262
BAAHTD010000001.1_281|322075|323346|1|ID=1_281;partial=00;start_type=ATG;rbs_motif=GGAG/GAGG;rbs_spacer=5-10bp;gc_cont=0.340	WP_000034961.1 MULTISPECIES: maltodextrin ABC transporter substrate-binding protein [Staphylococcus]	100	99.8	1.29e-310
BAAHTD010000001.1_282|323349|324617|1|ID=1_282;partial=00;start_type=ATG;rbs_motif=AGGAG;rbs_spacer=5-10bp;gc_cont=0.355	WP_086098788.1 sugar ABC transporter permease [Staphylococcus aureus]	98.8	99.8	5.35e-298
BAAHTD010000001.1_283|324619|325458|1|ID=1_283;partial=00;start_type=ATG;rbs_motif=GGAG/GAGG;rbs_spacer=5-10bp;gc_cont=0.339	WP_000162661.1 MULTISPECIES: sugar ABC transporter permease [Staphylococcus]	100	99.6	1.91e-187
BAAHTD010000001.1_284|325529|326608|1|ID=1_284;partial=00;start_type=ATG;rbs_motif=AGGAG;rbs_spacer=5-10bp;gc_cont=0.389	WP_000153466.1 MULTISPECIES: Gfo/Idh/MocA family protein [Staphylococcus]	100	99.4	4.99e-264
BAAHTD010000001.1_285|326633|327673|1|ID=1_285;partial=00;start_type=ATG;rbs_motif=AGGAG;rbs_spacer=5-10bp;gc_cont=0.394	WP_000163809.1 MULTISPECIES: Gfo/Idh/MocA family protein [Staphylococcus]	100	99.7	1.52e-254
BAAHTD010000001.1_286|327728|328696|1|ID=1_286;partial=00;start_type=ATG;rbs_motif=AGGAG;rbs_spacer=5-10bp;gc_cont=0.359	WP_000690419.1 MULTISPECIES: sugar phosphate isomerase/epimerase family protein [Staphylococcus]	100	99.7	6.59e-246
BAAHTD010000001.1_287|329057|329551|-1|ID=1_287;partial=00;start_type=ATG;rbs_motif=GGAG/GAGG;rbs_spacer=5-10bp;gc_cont=0.267	WP_000603755.1 MULTISPECIES: isoprenylcysteine carboxyl methyltransferase family protein [Staphylococcus]	100	99.4	8.00e-105
BAAHTD010000001.1_288|329766|331163|1|ID=1_288;partial=00;start_type=ATG;rbs_motif=None;rbs_spacer=None;gc_cont=0.363	WP_001008722.1 MULTISPECIES: hexose-6-phosphate:phosphate antiporter [Staphylococcus]	100	98.5	0.0
BAAHTD010000001.1_289|331522|332280|-1|ID=1_289;partial=00;start_type=ATG;rbs_motif=GGA/GAG/AGG;rbs_spacer=5-10bp;gc_cont=0.323	WP_000477521.1 MULTISPECIES: response regulator transcription factor [Staphylococcus]	100	99.6	7.30e-183
BAAHTD010000001.1_290|332273|333829|-1|ID=1_290;partial=00;start_type=ATG;rbs_motif=GGAG/GAGG;rbs_spacer=5-10bp;gc_cont=0.329	WP_000127997.1 MULTISPECIES: sensor histidine kinase [Staphylococcus]	100	99.8	0.0
BAAHTD010000001.1_291|333826|334794|-1|ID=1_291;partial=00;start_type=ATG;rbs_motif=None;rbs_spacer=None;gc_cont=0.344	WP_000837105.1 MULTISPECIES: ABC transporter substrate-binding protein [Staphylococcus]	100	99.7	1.93e-229
BAAHTD010000001.1_292|335382|337631|1|ID=1_292;partial=00;start_type=ATG;rbs_motif=GGAG/GAGG;rbs_spacer=5-10bp;gc_cont=0.367	WP_000894660.1 MULTISPECIES: formate C-acetyltransferase [Staphylococcus]	100	99.9	0.0
BAAHTD010000001.1_293|337654|338409|1|ID=1_293;partial=00;start_type=ATG;rbs_motif=GGA/GAG/AGG;rbs_spacer=5-10bp;gc_cont=0.364	WP_000911657.1 MULTISPECIES: pyruvate formate-lyase-activating protein [Staphylococcus]	100	99.6	5.37e-189
BAAHTD010000001.1_294|338372|338707|1|ID=1_294;partial=00;start_type=ATG;rbs_motif=AGxAG;rbs_spacer=5-10bp;gc_cont=0.324	WP_224108010.1 hypothetical protein [Staphylococcus aureus]	100	99.1	6.91e-76
BAAHTD010000001.1_295|338745|340508|1|ID=1_295;partial=00;start_type=ATG;rbs_motif=GGAG/GAGG;rbs_spacer=5-10bp;gc_cont=0.311	WP_001806672.1 MULTISPECIES: glycerophosphoryl diester phosphodiesterase membrane domain-containing protein [Staphylococcus]	100	99.8	0.0
BAAHTD010000001.1_296|340672|341016|-1|ID=1_296;partial=00;start_type=ATG;rbs_motif=AGGAG;rbs_spacer=5-10bp;gc_cont=0.330	WP_000211596.1 MULTISPECIES: complement inhibitor SCIN family protein [Bacillales]	100	99.1	3.96e-72
BAAHTD010000001.1_297|341206|343026|1|ID=1_297;partial=00;start_type=ATG;rbs_motif=AGGA/GGAG/GAGG;rbs_spacer=11-12bp;gc_cont=0.341	WP_367949401.1 staphylocoagulase [Staphylococcus aureus]	100	84.5	0.0
BAAHTD010000001.1_298|343629|344813|-1|ID=1_298;partial=00;start_type=ATG;rbs_motif=GGAG/GAGG;rbs_spacer=5-10bp;gc_cont=0.430	WP_001154616.1 MULTISPECIES: thiolase family protein [Staphylococcus]	100	99.7	3.75e-277
BAAHTD010000001.1_299|344843|347104|-1|ID=1_299;partial=00;start_type=ATG;rbs_motif=GGAG/GAGG;rbs_spacer=5-10bp;gc_cont=0.376	WP_000154532.1 MULTISPECIES: 3-hydroxyacyl-CoA dehydrogenase/crotonase FadB [Staphylococcus]	100	99.9	0.0
BAAHTD010000001.1_300|347291|348502|-1|ID=1_300;partial=00;start_type=ATG;rbs_motif=AGGAG;rbs_spacer=5-10bp;gc_cont=0.393	WP_000142189.1 MULTISPECIES: acyl-CoA dehydrogenase FadE [Staphylococcus]	100	99.8	5.28e-293
BAAHTD010000001.1_301|348614|350119|-1|ID=1_301;partial=00;start_type=ATG;rbs_motif=GGA/GAG/AGG;rbs_spacer=5-10bp;gc_cont=0.374	WP_001008395.1 MULTISPECIES: long-chain-fatty-acid--CoA ligase FadD [Staphylococcus]	100	99.8	0.0
BAAHTD010000001.1_302|350145|351722|-1|ID=1_302;partial=00;start_type=ATG;rbs_motif=None;rbs_spacer=None;gc_cont=0.372	WP_001793221.1 MULTISPECIES: fatty acid degradation protein FadX [Staphylococcus]	100	99.8	0.0
BAAHTD010000001.1_303|352076|353305|1|ID=1_303;partial=00;start_type=ATG;rbs_motif=GGA/GAG/AGG;rbs_spacer=5-10bp;gc_cont=0.344	WP_010956622.1 MULTISPECIES: PrsW family intramembrane metalloprotease [Staphylococcus]	100	92.7	4.05e-261
BAAHTD010000001.1_304|353619|355094|-1|ID=1_304;partial=00;start_type=ATG;rbs_motif=GGA/GAG/AGG;rbs_spacer=5-10bp;gc_cont=0.312	WP_000669654.1 MULTISPECIES: nickel ABC transporter substrate-binding protein [Staphylococcus]	100	99.8	0.0
BAAHTD010000001.1_305|355292|355648|-1|ID=1_305;partial=00;start_type=ATG;rbs_motif=AGGAG;rbs_spacer=5-10bp;gc_cont=0.350	WP_000215216.1 MULTISPECIES: DUF488 domain-containing protein [Staphylococcus]	100	99.2	8.82e-80
BAAHTD010000001.1_306|355805|355978|-1|ID=1_306;partial=00;start_type=ATG;rbs_motif=AGGA/GGAG/GAGG;rbs_spacer=11-12bp;gc_cont=0.247	WP_000773989.1 MULTISPECIES: hypothetical protein [Staphylococcus]	100	98.3	2.46e-29
BAAHTD010000001.1_307|356004|357149|-1|ID=1_307;partial=00;start_type=ATG;rbs_motif=AGGAG;rbs_spacer=5-10bp;gc_cont=0.350	WP_000954808.1 MULTISPECIES: globin domain-containing protein [Staphylococcus]	99.7	99.7	2.94e-272
BAAHTD010000001.1_308|357722|358675|1|ID=1_308;partial=00;start_type=ATG;rbs_motif=GGAG/GAGG;rbs_spacer=5-10bp;gc_cont=0.372	WP_001031880.1 MULTISPECIES: L-lactate dehydrogenase [Staphylococcus]	100	99.7	5.47e-222
BAAHTD010000001.1_309|358995|360524|-1|ID=1_309;partial=00;start_type=ATG;rbs_motif=AGGAG;rbs_spacer=5-10bp;gc_cont=0.393	WP_000838204.1 MULTISPECIES: PTS transporter subunit EIIC [Staphylococcus]	100	99.8	0.0
BAAHTD010000001.1_310|360886|361821|1|ID=1_310;partial=00;start_type=ATG;rbs_motif=GGA/GAG/AGG;rbs_spacer=5-10bp;gc_cont=0.396	WP_000823215.1 MULTISPECIES: nucleoside hydrolase [Staphylococcus]	100	99.7	2.07e-223
BAAHTD010000001.1_311|362158|364254|1|ID=1_311;partial=00;start_type=ATG;rbs_motif=AGGAG;rbs_spacer=5-10bp;gc_cont=0.329	WP_001012755.1 MULTISPECIES: BglG family transcription antiterminator [Staphylococcus]	100	99.9	0.0
BAAHTD010000001.1_312|364239|364706|1|ID=1_312;partial=00;start_type=ATG;rbs_motif=GGAG/GAGG;rbs_spacer=5-10bp;gc_cont=0.353	WP_000531476.1 MULTISPECIES: PTS sugar transporter subunit IIA [Staphylococcus]	100	99.4	2.64e-101
BAAHTD010000001.1_313|364729|365007|1|ID=1_313;partial=00;start_type=ATG;rbs_motif=GGAG/GAGG;rbs_spacer=5-10bp;gc_cont=0.312	WP_000815795.1 MULTISPECIES: PTS sugar transporter subunit IIB [Bacilli]	100	98.9	5.84e-57
BAAHTD010000001.1_314|365234|366493|1|ID=1_314;partial=00;start_type=ATG;rbs_motif=GGAG/GAGG;rbs_spacer=5-10bp;gc_cont=0.368	WP_000120109.1 MULTISPECIES: PTS galactitol transporter subunit IIC [Staphylococcus]	100	99.8	6.59e-286
BAAHTD010000001.1_315|366508|367566|1|ID=1_315;partial=00;start_type=GTG;rbs_motif=GGAG/GAGG;rbs_spacer=5-10bp;gc_cont=0.367	WP_000646203.1 MULTISPECIES: zinc-binding dehydrogenase [Staphylococcus]	99.7	99.4	1.26e-258
BAAHTD010000001.1_316|367568|367714|1|ID=1_316;partial=00;start_type=ATG;rbs_motif=AGGAG;rbs_spacer=5-10bp;gc_cont=0.299	WP_000230358.1 MULTISPECIES: hypothetical protein [Bacteria]	100	98.0	3.61e-25
BAAHTD010000001.1_317|367738|368781|1|ID=1_317;partial=00;start_type=GTG;rbs_motif=GGAG/GAGG;rbs_spacer=5-10bp;gc_cont=0.378	WP_000645608.1 MULTISPECIES: galactitol-1-phosphate 5-dehydrogenase [Staphylococcus]	100	99.7	2.00e-255
BAAHTD010000001.1_318|369309|370025|1|ID=1_318;partial=00;start_type=ATG;rbs_motif=GGAG/GAGG;rbs_spacer=5-10bp;gc_cont=0.328	WP_000638479.1 MULTISPECIES: 2-C-methyl-D-erythritol 4-phosphate cytidylyltransferase [Staphylococcus]	100	99.6	3.45e-165
BAAHTD010000001.1_319|370018|371043|1|ID=1_319;partial=00;start_type=ATG;rbs_motif=GGA/GAG/AGG;rbs_spacer=11-12bp;gc_cont=0.354	WP_000610171.1 MULTISPECIES: alcohol dehydrogenase catalytic domain-containing protein [Staphylococcus]	100	99.7	1.83e-248
BAAHTD010000001.1_320|371065|372759|1|ID=1_320;partial=00;start_type=ATG;rbs_motif=GGA/GAG/AGG;rbs_spacer=5-10bp;gc_cont=0.326	WP_000167974.1 MULTISPECIES: teichoic acid ribitol-phosphate polymerase TarK [Staphylococcus]	100	99.8	0.0
BAAHTD010000001.1_321|373340|374509|1|ID=1_321;partial=00;start_type=ATG;rbs_motif=GGAG/GAGG;rbs_spacer=5-10bp;gc_cont=0.338	WP_000594813.1 MULTISPECIES: teichoic acid glycerol-phosphate transferase TarF [Staphylococcus]	100	99.7	1.24e-293
BAAHTD010000001.1_322|374785|375501|1|ID=1_322;partial=00;start_type=ATG;rbs_motif=GGAG/GAGG;rbs_spacer=5-10bp;gc_cont=0.322	WP_000872486.1 MULTISPECIES: D-ribitol-5-phosphate cytidylyltransferase [Staphylococcus]	100	99.6	1.71e-165
BAAHTD010000001.1_323|375467|376519|1|ID=1_323;partial=00;start_type=ATG;rbs_motif=None;rbs_spacer=None;gc_cont=0.338	WP_000610203.1 MULTISPECIES: ribitol-5-phosphate dehydrogenase [Staphylococcus]	100	97.2	5.95e-245
BAAHTD010000001.1_324|376541|378229|1|ID=1_324;partial=00;start_type=TTG;rbs_motif=AGGA;rbs_spacer=5-10bp;gc_cont=0.319	WP_000240920.1 MULTISPECIES: teichoic acid ribitol-phosphate polymerase TarL [Staphylococcus]	100	99.8	0.0
BAAHTD010000001.1_325|378262|379983|1|ID=1_325;partial=00;start_type=ATG;rbs_motif=GGAG/GAGG;rbs_spacer=5-10bp;gc_cont=0.321	WP_000975365.1 MULTISPECIES: poly(ribitol-phosphate) beta-N-acetylglucosaminyltransferase [Staphylococcus]	100	99.8	0.0
BAAHTD010000001.1_326|380127|380801|1|ID=1_326;partial=00;start_type=ATG;rbs_motif=AGGAG;rbs_spacer=5-10bp;gc_cont=0.326	WP_000608831.1 MULTISPECIES: iron-sulfur cluster repair di-iron protein ScdA [Staphylococcus]	100	99.6	1.04e-159
BAAHTD010000001.1_327|381060|382799|1|ID=1_327;partial=00;start_type=ATG;rbs_motif=None;rbs_spacer=None;gc_cont=0.355	WP_000925394.1 sensor histidine kinase [Staphylococcus aureus]	100	99.8	0.0
BAAHTD010000001.1_328|382802|383542|1|ID=1_328;partial=00;start_type=ATG;rbs_motif=AGGAG;rbs_spacer=5-10bp;gc_cont=0.327	WP_000645456.1 MULTISPECIES: response regulator transcription factor LytR [Staphylococcus]	100	99.6	5.09e-171
BAAHTD010000001.1_329|383655|384098|1|ID=1_329;partial=00;start_type=ATG;rbs_motif=GGA/GAG/AGG;rbs_spacer=5-10bp;gc_cont=0.345	WP_001793213.1 MULTISPECIES: antiholin-like murein hydrolase modulator LrgA [Staphylococcus]	100	99.3	6.56e-89
BAAHTD010000001.1_330|384091|384792|1|ID=1_330;partial=00;start_type=ATG;rbs_motif=AGGAG;rbs_spacer=5-10bp;gc_cont=0.366	WP_000607067.1 MULTISPECIES: antiholin-like protein LrgB [Staphylococcus]	100	99.6	4.81e-149
BAAHTD010000001.1_331|384900|385604|-1|ID=1_331;partial=00;start_type=TTG;rbs_motif=GGAG/GAGG;rbs_spacer=5-10bp;gc_cont=0.330	WP_000922317.1 MULTISPECIES: GntR family transcriptional regulator [Staphylococcus]	100	99.6	1.53e-166
BAAHTD010000001.1_332|385753|386544|1|ID=1_332;partial=00;start_type=ATG;rbs_motif=AGGA/GGAG/GAGG;rbs_spacer=11-12bp;gc_cont=0.355	WP_000066930.1 MULTISPECIES: glucose PTS transporter subunit IIA [Staphylococcus]	100	99.6	5.48e-179
BAAHTD010000001.1_333|386560|387996|1|ID=1_333;partial=00;start_type=ATG;rbs_motif=AGGA/GGAG/GAGG;rbs_spacer=11-12bp;gc_cont=0.369	WP_000164010.1 MULTISPECIES: 6-phospho-beta-glucosidase [Staphylococcus]	100	99.8	0.0
BAAHTD010000001.1_334|388433|389194|-1|ID=1_334;partial=00;start_type=ATG;rbs_motif=AGGAG;rbs_spacer=5-10bp;gc_cont=0.340	WP_000031274.1 MULTISPECIES: class I SAM-dependent methyltransferase [Staphylococcus]	100	99.6	1.31e-181
BAAHTD010000001.1_335|389445|390359|-1|ID=1_335;partial=00;start_type=ATG;rbs_motif=AGGAG;rbs_spacer=5-10bp;gc_cont=0.376	WP_000182738.1 MULTISPECIES: ribokinase [Staphylococcus]	100	99.7	2.99e-208
BAAHTD010000001.1_336|390387|390791|-1|ID=1_336;partial=00;start_type=ATG;rbs_motif=AGGAG;rbs_spacer=5-10bp;gc_cont=0.323	WP_000747873.1 MULTISPECIES: D-ribose pyranase [Staphylococcus]	100	99.3	5.86e-88
BAAHTD010000001.1_337|390806|391687|-1|ID=1_337;partial=00;start_type=ATG;rbs_motif=GGAG/GAGG;rbs_spacer=5-10bp;gc_cont=0.385	WP_000029204.1 MULTISPECIES: ribose/proton symporter RbsU [Staphylococcus]	100	99.7	1.37e-203
BAAHTD010000001.1_338|391919|392917|-1|ID=1_338;partial=00;start_type=ATG;rbs_motif=AGGA;rbs_spacer=5-10bp;gc_cont=0.370	WP_000757884.1 MULTISPECIES: ribose utilization transcriptional repressor RbsR [Staphylococcus]	100	99.7	2.02e-236
BAAHTD010000001.1_339|393135|393248|1|ID=1_339;partial=00;start_type=ATG;rbs_motif=None;rbs_spacer=None;gc_cont=0.175	WP_078065205.1 NADH dehydrogenase [Staphylococcus aureus]	97.3	97.4	5.97e-16
BAAHTD010000001.1_340|393298|393690|1|ID=1_340;partial=00;start_type=ATG;rbs_motif=GGAG/GAGG;rbs_spacer=5-10bp;gc_cont=0.267	WP_001159765.1 MULTISPECIES: hypothetical protein [Staphylococcus]	100	99.2	8.78e-88
BAAHTD010000001.1_341|393818|395194|-1|ID=1_341;partial=00;start_type=GTG;rbs_motif=AGGAG;rbs_spacer=5-10bp;gc_cont=0.375	WP_001066553.1 MULTISPECIES: MFS transporter [Staphylococcus]	100	99.8	3.31e-308
BAAHTD010000001.1_342|395428|396420|1|ID=1_342;partial=00;start_type=ATG;rbs_motif=AGGAG;rbs_spacer=5-10bp;gc_cont=0.359	WP_000337383.1 MULTISPECIES: choloylglycine hydrolase family protein [Staphylococcus]	100	99.7	7.44e-247
BAAHTD010000001.1_343|396728|397696|1|ID=1_343;partial=00;start_type=ATG;rbs_motif=None;rbs_spacer=None;gc_cont=0.398	WP_000736792.1 MULTISPECIES: glycine-glycine endopeptidase LytM [Staphylococcus]	100	97.8	1.48e-227
BAAHTD010000001.1_344|397748|398407|-1|ID=1_344;partial=00;start_type=ATG;rbs_motif=AGGAG;rbs_spacer=5-10bp;gc_cont=0.323	WP_000570075.1 MULTISPECIES: ABC transporter ATP-binding protein [Staphylococcus]	100	99.5	3.22e-156
BAAHTD010000001.1_345|398421|399341|-1|ID=1_345;partial=00;start_type=ATG;rbs_motif=GGAG/GAGG;rbs_spacer=5-10bp;gc_cont=0.313	WP_000806116.1 MULTISPECIES: ABC transporter permease [Staphylococcus]	100	99.7	1.05e-193
BAAHTD010000001.1_346|399338|400504|-1|ID=1_346;partial=00;start_type=ATG;rbs_motif=AGGAG;rbs_spacer=5-10bp;gc_cont=0.321	WP_000848781.1 MULTISPECIES: ABC transporter permease [Staphylococcus]	100	99.7	1.00e-262
BAAHTD010000001.1_347|400572|402095|-1|ID=1_347;partial=00;start_type=ATG;rbs_motif=GGAG/GAGG;rbs_spacer=5-10bp;gc_cont=0.287	WP_000038541.1 MULTISPECIES: DUF6583 family protein [Staphylococcus]	100	99.8	0.0
BAAHTD010000001.1_348|402426|403328|-1|ID=1_348;partial=00;start_type=ATG;rbs_motif=GGA/GAG/AGG;rbs_spacer=5-10bp;gc_cont=0.372	WP_117201010.1 CHAP domain-containing protein [Staphylococcus aureus]	100	98.7	2.29e-207
BAAHTD010000001.1_349|403567|403860|1|ID=1_349;partial=00;start_type=ATG;rbs_motif=AGGAG;rbs_spacer=5-10bp;gc_cont=0.378	WP_001240826.1 MULTISPECIES: WXG100 family type VII secretion effector EsxA [Staphylococcus]	100	99.0	5.04e-58
BAAHTD010000001.1_350|403943|406972|1|ID=1_350;partial=00;start_type=ATG;rbs_motif=AGGA;rbs_spacer=5-10bp;gc_cont=0.308	WP_000728972.1 MULTISPECIES: type VII secretion protein EsaA [Staphylococcus]	100	99.9	0.0
BAAHTD010000001.1_351|406972|407430|1|ID=1_351;partial=00;start_type=ATG;rbs_motif=GGA/GAG/AGG;rbs_spacer=5-10bp;gc_cont=0.329	WP_000928935.1 MULTISPECIES: type VII secretion protein EssA [Staphylococcus]	100	99.3	7.91e-97
BAAHTD010000001.1_352|407402|407644|1|ID=1_352;partial=00;start_type=ATG;rbs_motif=AGGA/GGAG/GAGG;rbs_spacer=11-12bp;gc_cont=0.296	WP_001071606.1 MULTISPECIES: type VII secretion protein EsaB [Staphylococcus]	100	98.8	3.02e-49
BAAHTD010000001.1_353|407657|408991|1|ID=1_353;partial=00;start_type=ATG;rbs_motif=AGGAG;rbs_spacer=5-10bp;gc_cont=0.298	WP_031796234.1 type VII secretion protein EssB, partial [Staphylococcus aureus]	100	87.9	2.16e-276
BAAHTD010000001.1_354|409013|413452|1|ID=1_354;partial=00;start_type=ATG;rbs_motif=GGAG/GAGG;rbs_spacer=5-10bp;gc_cont=0.337	WP_000549274.1 MULTISPECIES: type VII secretion protein EssC [Staphylococcus]	100	99.9	0.0
BAAHTD010000001.1_355|413482|413874|1|ID=1_355;partial=00;start_type=ATG;rbs_motif=AGGAGG;rbs_spacer=5-10bp;gc_cont=0.305	WP_001010291.1 MULTISPECIES: type VII secretion substrate EsaC [Staphylococcus]	100	99.2	5.28e-80
BAAHTD010000001.1_356|413890|414204|1|ID=1_356;partial=00;start_type=ATG;rbs_motif=GGAG/GAGG;rbs_spacer=5-10bp;gc_cont=0.384	WP_000509667.1 MULTISPECIES: WXG100 family type VII secretion effector EsxB [Staphylococcus]	100	99.0	1.39e-65
BAAHTD010000001.1_357|414201|414878|1|ID=1_357;partial=00;start_type=ATG;rbs_motif=GGA/GAG/AGG;rbs_spacer=5-10bp;gc_cont=0.291	WP_000655877.1 MULTISPECIES: DUF5081 family protein [Staphylococcus]	100	99.1	1.79e-158
BAAHTD010000001.1_358|414878|415195|1|ID=1_358;partial=00;start_type=ATG;rbs_motif=GGA/GAG/AGG;rbs_spacer=5-10bp;gc_cont=0.368	WP_000175723.1 MULTISPECIES: type VII secretion system extracellular protein EsxD [Staphylococcus]	100	99.1	4.46e-67
BAAHTD010000001.1_359|415205|417049|1|ID=1_359;partial=00;start_type=ATG;rbs_motif=GGA/GAG/AGG;rbs_spacer=5-10bp;gc_cont=0.356	WP_000159026.1 MULTISPECIES: DNA/RNA non-specific endonuclease [Staphylococcus]	100	99.8	0.0
BAAHTD010000001.1_360|417060|417554|1|ID=1_360;partial=00;start_type=ATG;rbs_motif=AGGAG;rbs_spacer=5-10bp;gc_cont=0.297	WP_000142122.1 MULTISPECIES: TIGR01741 family protein [Staphylococcus]	100	99.4	2.11e-100
BAAHTD010000001.1_361|417765|418448|1|ID=1_361;partial=00;start_type=ATG;rbs_motif=AGGAG;rbs_spacer=5-10bp;gc_cont=0.275	WP_000208418.1 MULTISPECIES: DUF5079 family protein [Staphylococcus]	100	99.6	8.71e-149
BAAHTD010000001.1_362|418595|419206|1|ID=1_362;partial=00;start_type=ATG;rbs_motif=GGAG/GAGG;rbs_spacer=5-10bp;gc_cont=0.283	WP_000394917.1 MULTISPECIES: DUF5080 family protein [Staphylococcus]	100	99.5	1.20e-125
BAAHTD010000001.1_363|419405|419905|1|ID=1_363;partial=00;start_type=ATG;rbs_motif=GGAG/GAGG;rbs_spacer=5-10bp;gc_cont=0.301	WP_000141964.1 MULTISPECIES: TIGR01741 family protein [Staphylococcus]	100	99.4	1.19e-116
BAAHTD010000001.1_364|419916|420416|1|ID=1_364;partial=00;start_type=ATG;rbs_motif=GGAG/GAGG;rbs_spacer=5-10bp;gc_cont=0.279	WP_000142152.1 MULTISPECIES: TIGR01741 family protein [Staphylococcus]	100	99.4	1.44e-117
BAAHTD010000001.1_365|420427|420927|1|ID=1_365;partial=00;start_type=ATG;rbs_motif=GGAG/GAGG;rbs_spacer=5-10bp;gc_cont=0.293	WP_000141966.1 MULTISPECIES: TIGR01741 family protein [Staphylococcus]	100	99.4	1.50e-119
BAAHTD010000001.1_366|420938|421438|1|ID=1_366;partial=00;start_type=ATG;rbs_motif=GGAG/GAGG;rbs_spacer=5-10bp;gc_cont=0.297	WP_000863384.1 MULTISPECIES: TIGR01741 family protein [Staphylococcus]	100	99.4	9.03e-121
BAAHTD010000001.1_367|421449|421574|1|ID=1_367;partial=01;start_type=ATG;rbs_motif=GGAG/GAGG;rbs_spacer=5-10bp;gc_cont=0.365	WP_001837469.1 immunity protein YezG family protein, partial [Staphylococcus aureus]	100	100	5.36e-22
