BAAHTF010000001.1_1|2|316|-1|ID=1_1;partial=10;start_type=ATG;rbs_motif=GGAG/GAGG;rbs_spacer=5-10bp;gc_cont=0.349	WP_000659050.1 MULTISPECIES: JAB domain-containing protein [Staphylococcus]	100	100	2.12e-67
BAAHTF010000001.1_2|337|843|-1|ID=1_2;partial=00;start_type=ATG;rbs_motif=None;rbs_spacer=None;gc_cont=0.361	WP_001092169.1 MULTISPECIES: DUF1643 domain-containing protein [Staphylococcus]	100	99.4	9.72e-117
BAAHTF010000001.1_3|861|1172|-1|ID=1_3;partial=00;start_type=ATG;rbs_motif=GGAG/GAGG;rbs_spacer=5-10bp;gc_cont=0.321	WP_000700853.1 MULTISPECIES: DUF960 family protein [Staphylococcus]	100	99.0	5.68e-69
BAAHTF010000001.1_4|1259|1609|-1|ID=1_4;partial=00;start_type=ATG;rbs_motif=AGGAG;rbs_spacer=5-10bp;gc_cont=0.348	WP_000859155.1 MULTISPECIES: SAUGI family uracil-DNA glycosylase inhibitor [Staphylococcus]	100	99.1	8.89e-79
BAAHTF010000001.1_5|2127|3755|-1|ID=1_5;partial=00;start_type=ATG;rbs_motif=AGGA;rbs_spacer=5-10bp;gc_cont=0.351	WP_001186602.1 MULTISPECIES: cassette chromosome recombinase CcrB [Staphylococcus]	100	99.8	0.0
BAAHTF010000001.1_6|3777|5126|-1|ID=1_6;partial=00;start_type=ATG;rbs_motif=AGGAG;rbs_spacer=5-10bp;gc_cont=0.347	WP_000815646.1 MULTISPECIES: cassette chromosome recombinase CcrA [Staphylococcus]	100	99.8	0.0
BAAHTF010000001.1_7|5360|7153|-1|ID=1_7;partial=00;start_type=ATG;rbs_motif=AGGAG;rbs_spacer=5-10bp;gc_cont=0.344	WP_000195100.1 MULTISPECIES: cassette chromosome replicative helicase [Staphylococcus]	100	99.8	0.0
BAAHTF010000001.1_8|7153|7449|-1|ID=1_8;partial=00;start_type=ATG;rbs_motif=AGGAG;rbs_spacer=5-10bp;gc_cont=0.340	WP_000273824.1 MULTISPECIES: cassette chromosome ssDNA-binding protein [Staphylococcus]	100	99.0	7.95e-69
BAAHTF010000001.1_9|7642|8688|-1|ID=1_9;partial=00;start_type=ATG;rbs_motif=GGA/GAG/AGG;rbs_spacer=5-10bp;gc_cont=0.252	WP_001060127.1 MULTISPECIES: hypothetical protein [Staphylococcus]	100	99.7	1.38e-242
BAAHTF010000001.1_10|8939|9361|-1|ID=1_10;partial=00;start_type=ATG;rbs_motif=None;rbs_spacer=None;gc_cont=0.317	WP_031899761.1 DDE-type integrase/transposase/recombinase, partial [Staphylococcus aureus]	100	99.3	1.35e-94
BAAHTF010000001.1_11|9428|9781|-1|ID=1_11;partial=00;start_type=GTG;rbs_motif=GGA/GAG/AGG;rbs_spacer=5-10bp;gc_cont=0.299	WP_341612823.1 IS3 family transposase, partial [Staphylococcus epidermidis]	99.1	99.2	2.41e-79
BAAHTF010000001.1_12|9766|10080|-1|ID=1_12;partial=00;start_type=ATG;rbs_motif=GGAG/GAGG;rbs_spacer=5-10bp;gc_cont=0.308	YP_009226739.1 IS3 family transposase [Staphylococcus phage SPbeta-like]	96.2	99.0	9.42e-64
BAAHTF010000001.1_13|10591|11493|-1|ID=1_13;partial=00;start_type=GTG;rbs_motif=None;rbs_spacer=None;gc_cont=0.369	WP_435431814.1 YfcC family protein, partial [Staphylococcus epidermidis]	99.3	99.7	3.09e-207
BAAHTF010000001.1_14|12239|12934|-1|ID=1_14;partial=00;start_type=ATG;rbs_motif=GGAG/GAGG;rbs_spacer=5-10bp;gc_cont=0.376	WP_000858967.1 MULTISPECIES: response regulator transcription factor [Staphylococcus]	100	99.6	8.80e-160
BAAHTF010000001.1_15|12909|15578|-1|ID=1_15;partial=00;start_type=ATG;rbs_motif=GGAG/GAGG;rbs_spacer=5-10bp;gc_cont=0.366	WP_000446429.1 MULTISPECIES: sensor histidine kinase [Staphylococcus]	100	99.9	0.0
BAAHTF010000001.1_16|15630|15773|-1|ID=1_16;partial=00;start_type=ATG;rbs_motif=None;rbs_spacer=None;gc_cont=0.299	WP_227489965.1 hypothetical protein, partial [Staphylococcus aureus]	97.9	97.9	2.08e-23
BAAHTF010000001.1_17|15846|17522|1|ID=1_17;partial=00;start_type=ATG;rbs_motif=GGAG/GAGG;rbs_spacer=5-10bp;gc_cont=0.368	WP_000029430.1 MULTISPECIES: potassium-transporting ATPase subunit KdpA [Staphylococcus]	100	99.8	0.0
BAAHTF010000001.1_18|17541|19562|1|ID=1_18;partial=00;start_type=ATG;rbs_motif=AGGAG;rbs_spacer=5-10bp;gc_cont=0.398	WP_000852430.1 MULTISPECIES: K(+)-transporting ATPase subunit B [Staphylococcus]	100	99.9	0.0
BAAHTF010000001.1_19|19578|20135|1|ID=1_19;partial=00;start_type=ATG;rbs_motif=AGGAG;rbs_spacer=5-10bp;gc_cont=0.367	WP_001193482.1 MULTISPECIES: K(+)-transporting ATPase subunit C [Staphylococcus]	100	99.5	1.69e-123
BAAHTF010000001.1_20|20680|21549|-1|ID=1_20;partial=00;start_type=GTG;rbs_motif=AGGA;rbs_spacer=5-10bp;gc_cont=0.337	WP_000626133.1 MULTISPECIES: hypothetical protein [Staphylococcus]	100	99.7	2.08e-196
BAAHTF010000001.1_21|21559|22455|-1|ID=1_21;partial=00;start_type=ATG;rbs_motif=AGxAGG/AGGxGG;rbs_spacer=5-10bp;gc_cont=0.366	WP_000411461.1 MULTISPECIES: DUF927 domain-containing protein [Staphylococcus]	100	99.7	1.01e-212
BAAHTF010000001.1_22|22655|23029|-1|ID=1_22;partial=00;start_type=ATG;rbs_motif=None;rbs_spacer=None;gc_cont=0.277	WP_078097653.1 hypothetical protein, partial [Staphylococcus aureus]	100	80.8	3.49e-66
BAAHTF010000001.1_23|23197|23484|-1|ID=1_23;partial=00;start_type=TTG;rbs_motif=None;rbs_spacer=None;gc_cont=0.309	WP_256075313.1 hypothetical protein, partial [Staphylococcus aureus]	100	81.3	1.25e-47
BAAHTF010000001.1_24|23574|24200|-1|ID=1_24;partial=00;start_type=ATG;rbs_motif=None;rbs_spacer=None;gc_cont=0.295	WP_001176969.1 MULTISPECIES: hypothetical protein [Staphylococcus]	100	99.5	5.59e-147
BAAHTF010000001.1_25|24315|25823|1|ID=1_25;partial=00;start_type=TTG;rbs_motif=GGAG/GAGG;rbs_spacer=5-10bp;gc_cont=0.312	WP_001001347.1 MULTISPECIES: protein kinase domain-containing protein [Staphylococcus]	100	99.8	0.0
BAAHTF010000001.1_26|26410|28155|1|ID=1_26;partial=00;start_type=ATG;rbs_motif=GGA/GAG/AGG;rbs_spacer=5-10bp;gc_cont=0.256	WP_000700190.1 MULTISPECIES: DUF6119 family protein [Staphylococcus]	100	99.8	0.0
BAAHTF010000001.1_27|28339|28674|-1|ID=1_27;partial=00;start_type=ATG;rbs_motif=None;rbs_spacer=None;gc_cont=0.378	WP_031908224.1 tRNA-dihydrouridine synthase, partial [Staphylococcus aureus]	97.0	90.2	6.15e-66
BAAHTF010000001.1_28|29099|29854|-1|ID=1_28;partial=00;start_type=ATG;rbs_motif=None;rbs_spacer=None;gc_cont=0.315	WP_000355845.1 MULTISPECIES: sulfite exporter TauE/SafE family protein [Staphylococcus]	100	99.6	2.75e-157
BAAHTF010000001.1_29|29854|30114|-1|ID=1_29;partial=00;start_type=ATG;rbs_motif=GGAG/GAGG;rbs_spacer=5-10bp;gc_cont=0.307	WP_001105088.1 MULTISPECIES: persulfide-sensing transcriptional repressor CstR [Staphylococcus]	100	98.9	1.38e-50
BAAHTF010000001.1_30|30251|31315|1|ID=1_30;partial=00;start_type=ATG;rbs_motif=GGAG/GAGG;rbs_spacer=5-10bp;gc_cont=0.316	WP_000816133.1 MULTISPECIES: persulfide response sulfurtransferase CstA [Staphylococcus]	100	99.7	4.51e-251
BAAHTF010000001.1_31|31346|32680|1|ID=1_31;partial=00;start_type=ATG;rbs_motif=AGGAG;rbs_spacer=5-10bp;gc_cont=0.335	WP_000465472.1 MULTISPECIES: persulfide dioxygenase-sulfurtransferase CstB [Staphylococcus]	100	99.8	0.0
BAAHTF010000001.1_32|32699|33892|1|ID=1_32;partial=00;start_type=ATG;rbs_motif=AGGA;rbs_spacer=5-10bp;gc_cont=0.327	WP_001033018.1 MULTISPECIES: type II sulfide:quinone oxidoreductase Sqr [Staphylococcus]	100	99.7	1.78e-297
BAAHTF010000001.1_33|34558|35544|-1|ID=1_33;partial=00;start_type=ATG;rbs_motif=None;rbs_spacer=None;gc_cont=0.389	WP_000662022.1 MULTISPECIES: tRNA dihydrouridine synthase [Staphylococcus]	100	99.7	9.31e-240
BAAHTF010000001.1_34|35853|36056|1|ID=1_34;partial=00;start_type=ATG;rbs_motif=GGA/GAG/AGG;rbs_spacer=5-10bp;gc_cont=0.270	WP_000389759.1 MULTISPECIES: DUF6007 family protein [Staphylococcus]	100	98.5	9.70e-38
BAAHTF010000001.1_35|36105|36401|1|ID=1_35;partial=00;start_type=ATG;rbs_motif=AGGAG;rbs_spacer=5-10bp;gc_cont=0.303	WP_000201644.1 MULTISPECIES: TfoX/Sxy family protein [Staphylococcus]	100	99.0	2.48e-63
BAAHTF010000001.1_36|36609|37211|1|ID=1_36;partial=00;start_type=ATG;rbs_motif=GGA/GAG/AGG;rbs_spacer=5-10bp;gc_cont=0.308	WP_000908956.1 MULTISPECIES: hypothetical protein [Staphylococcus]	100	99.5	5.14e-130
BAAHTF010000001.1_37|37478|40630|1|ID=1_37;partial=00;start_type=ATG;rbs_motif=GGA/GAG/AGG;rbs_spacer=5-10bp;gc_cont=0.312	WP_000080564.1 MULTISPECIES: DEAD/DEAH box helicase [Staphylococcus]	100	99.9	0.0
BAAHTF010000001.1_38|40687|41169|1|ID=1_38;partial=00;start_type=ATG;rbs_motif=AGGA/GGAG/GAGG;rbs_spacer=11-12bp;gc_cont=0.319	WP_000410567.1 MULTISPECIES: hypothetical protein [Staphylococcus]	100	99.4	4.67e-102
BAAHTF010000001.1_39|41375|42361|1|ID=1_39;partial=00;start_type=ATG;rbs_motif=AGxAG;rbs_spacer=5-10bp;gc_cont=0.337	WP_000710555.1 MULTISPECIES: phosphatidylinositol-specific phospholipase C [Staphylococcus]	100	99.7	3.25e-240
BAAHTF010000001.1_40|42582|43352|1|ID=1_40;partial=00;start_type=ATG;rbs_motif=GGA/GAG/AGG;rbs_spacer=5-10bp;gc_cont=0.293	WP_071009126.1 tandem-type lipoprotein [Staphylococcus aureus]	99.6	99.6	1.36e-180
BAAHTF010000001.1_41|43420|44187|1|ID=1_41;partial=00;start_type=ATG;rbs_motif=AGGA;rbs_spacer=5-10bp;gc_cont=0.299	WP_000826371.1 tandem-type lipoprotein [Staphylococcus aureus]	100	99.6	2.53e-180
BAAHTF010000001.1_42|44255|45022|1|ID=1_42;partial=00;start_type=ATG;rbs_motif=GGA/GAG/AGG;rbs_spacer=5-10bp;gc_cont=0.289	WP_000826304.1 tandem-type lipoprotein [Staphylococcus aureus]	100	99.6	3.08e-181
BAAHTF010000001.1_43|45089|45856|1|ID=1_43;partial=00;start_type=ATG;rbs_motif=AGGA;rbs_spacer=5-10bp;gc_cont=0.309	WP_000826312.1 tandem-type lipoprotein [Staphylococcus aureus]	100	99.6	4.38e-181
BAAHTF010000001.1_44|45953|48190|1|ID=1_44;partial=00;start_type=ATG;rbs_motif=GGAG/GAGG;rbs_spacer=5-10bp;gc_cont=0.337	WP_001188472.1 MULTISPECIES: transcriptional regulator AryK [Staphylococcus]	100	99.9	0.0
BAAHTF010000001.1_45|48341|49519|1|ID=1_45;partial=00;start_type=ATG;rbs_motif=AGGAG;rbs_spacer=5-10bp;gc_cont=0.372	WP_001075809.1 MULTISPECIES: M20 family metallopeptidase [Staphylococcus]	100	99.7	5.63e-287
BAAHTF010000001.1_46|49521|50909|1|ID=1_46;partial=00;start_type=ATG;rbs_motif=AGGAG;rbs_spacer=5-10bp;gc_cont=0.367	WP_001006439.1 multidrug efflux MFS transporter NorC [Staphylococcus aureus]	100	99.8	9.95e-312
BAAHTF010000001.1_47|51393|53060|-1|ID=1_47;partial=00;start_type=ATG;rbs_motif=GGAG/GAGG;rbs_spacer=5-10bp;gc_cont=0.360	WP_001800966.1 MULTISPECIES: Na/Pi cotransporter family protein [Staphylococcus]	100	99.5	0.0
BAAHTF010000001.1_48|53379|55154|-1|ID=1_48;partial=00;start_type=ATG;rbs_motif=AGGA;rbs_spacer=5-10bp;gc_cont=0.358	WP_000291840.1 MULTISPECIES: oleate hydratase [Staphylococcus]	99.8	99.8	0.0
BAAHTF010000001.1_49|55328|56200|-1|ID=1_49;partial=00;start_type=ATG;rbs_motif=AGGA/GGAG/GAGG;rbs_spacer=11-12bp;gc_cont=0.307	WP_001038103.1 MULTISPECIES: DMT family transporter [Staphylococcus]	100	99.7	1.19e-191
BAAHTF010000001.1_50|56382|57710|1|ID=1_50;partial=00;start_type=ATG;rbs_motif=None;rbs_spacer=None;gc_cont=0.293	WP_078072290.1 MULTISPECIES: aminotransferase-like domain-containing protein [Staphylococcus]	100	99.8	0.0
BAAHTF010000001.1_51|57900|58373|1|ID=1_51;partial=00;start_type=ATG;rbs_motif=GGAG/GAGG;rbs_spacer=5-10bp;gc_cont=0.295	WP_000036330.1 MULTISPECIES: DUF1648 domain-containing protein [Staphylococcus]	100	99.4	1.21e-107
BAAHTF010000001.1_52|58635|60227|1|ID=1_52;partial=00;start_type=ATG;rbs_motif=GGAG/GAGG;rbs_spacer=5-10bp;gc_cont=0.346	WP_182059663.1 L-lactate permease [Staphylococcus aureus]	100	99.8	0.0
BAAHTF010000001.1_53|60556|61944|-1|ID=1_53;partial=00;start_type=ATG;rbs_motif=None;rbs_spacer=None;gc_cont=0.386	WP_374703789.1 staphylococcal protein A [Staphylococcus aureus]	85.1	99.8	1.04e-230
BAAHTF010000001.1_54|62329|63081|-1|ID=1_54;partial=00;start_type=ATG;rbs_motif=AGGAG;rbs_spacer=5-10bp;gc_cont=0.276	WP_000876756.1 MULTISPECIES: HTH-type transcriptional regulator SarS [Staphylococcus]	100	99.6	3.84e-168
BAAHTF010000001.1_55|63450|64448|-1|ID=1_55;partial=00;start_type=ATG;rbs_motif=AGGA/GGAG/GAGG;rbs_spacer=11-12bp;gc_cont=0.367	WP_000136633.1 MULTISPECIES: staphyloferrin B ABC transporter permease subunit SirC [Staphylococcus]	100	99.7	6.97e-212
BAAHTF010000001.1_56|64445|65440|-1|ID=1_56;partial=00;start_type=ATG;rbs_motif=AGGAG;rbs_spacer=5-10bp;gc_cont=0.387	WP_000924990.1 MULTISPECIES: staphyloferrin B ABC transporter permease subunit SirB [Staphylococcus]	100	99.7	5.06e-209
BAAHTF010000001.1_57|65456|66448|-1|ID=1_57;partial=00;start_type=ATG;rbs_motif=AGGA/GGAG/GAGG;rbs_spacer=11-12bp;gc_cont=0.323	WP_001045111.1 MULTISPECIES: staphyloferrin B ABC transporter substrate-binding protein SirA [Staphylococcus]	100	99.7	1.25e-229
BAAHTF010000001.1_58|66679|67659|1|ID=1_58;partial=00;start_type=TTG;rbs_motif=AGGAG;rbs_spacer=5-10bp;gc_cont=0.369	WP_000570808.1 MULTISPECIES: 2,3-diaminopropionate biosynthesis protein SbnA [Staphylococcus]	100	99.7	1.27e-236
BAAHTF010000001.1_59|67656|68666|1|ID=1_59;partial=00;start_type=ATG;rbs_motif=AGGAG;rbs_spacer=5-10bp;gc_cont=0.372	WP_001078461.1 MULTISPECIES: N-[(2S)-2-amino-2-carboxyethyl]-L-glutamate dehydrogenase SbnB [Staphylococcus]	100	99.7	6.59e-244
BAAHTF010000001.1_60|68687|70441|1|ID=1_60;partial=00;start_type=TTG;rbs_motif=GGAG/GAGG;rbs_spacer=5-10bp;gc_cont=0.360	WP_001179385.1 MULTISPECIES: staphyloferrin B biosynthesis protein SbnC [Staphylococcus]	100	99.8	0.0
BAAHTF010000001.1_61|70434|71690|1|ID=1_61;partial=00;start_type=ATG;rbs_motif=None;rbs_spacer=None;gc_cont=0.391	WP_000610051.1 MULTISPECIES: staphyloferrin B export MFS transporter [Staphylococcus]	100	99.8	4.29e-286
BAAHTF010000001.1_62|71680|73416|1|ID=1_62;partial=00;start_type=GTG;rbs_motif=None;rbs_spacer=None;gc_cont=0.363	WP_001179886.1 MULTISPECIES: L-2,3-diaminopropanoate--citrate ligase SbnE [Staphylococcus]	100	99.8	0.0
BAAHTF010000001.1_63|73397|75175|1|ID=1_63;partial=00;start_type=GTG;rbs_motif=AGGAG;rbs_spacer=5-10bp;gc_cont=0.359	WP_371090471.1 3-(L-alanin-3-ylcarbamoyl)-2-[(2-aminoethylcarbamoyl)methyl]-2-hydroxypropanoate synthase SbnF [Staphylococcus aureus]	100	99.7	0.0
BAAHTF010000001.1_64|75147|75926|1|ID=1_64;partial=00;start_type=ATG;rbs_motif=AGGAG;rbs_spacer=5-10bp;gc_cont=0.401	WP_001186804.1 MULTISPECIES: staphyloferrin B biosynthesis citrate synthase SbnG [Staphylococcus]	100	99.2	3.32e-180
BAAHTF010000001.1_65|75926|77128|1|ID=1_65;partial=00;start_type=ATG;rbs_motif=GGA/GAG/AGG;rbs_spacer=5-10bp;gc_cont=0.363	WP_001223713.1 MULTISPECIES: staphyloferrin B biosynthesis decarboxylase SbnH [Staphylococcus]	100	99.8	2.09e-302
BAAHTF010000001.1_66|77132|77896|1|ID=1_66;partial=00;start_type=TTG;rbs_motif=AGGA;rbs_spacer=5-10bp;gc_cont=0.370	WP_155560413.1 bifunctional transcriptional regulator/O-phospho-L-serine synthase SbnI [Staphylococcus aureus]	100	99.6	2.46e-191
BAAHTF010000001.1_67|78092|78718|1|ID=1_67;partial=00;start_type=ATG;rbs_motif=GGA/GAG/AGG;rbs_spacer=5-10bp;gc_cont=0.317	WP_000414629.1 MULTISPECIES: MFS transporter [Staphylococcus]	100	99.5	9.04e-128
BAAHTF010000001.1_68|78930|79706|1|ID=1_68;partial=00;start_type=ATG;rbs_motif=AGGAG;rbs_spacer=5-10bp;gc_cont=0.411	WP_117179539.1 (S)-acetoin forming diacetyl reductase [Staphylococcus aureus]	99.6	99.6	1.31e-163
BAAHTF010000001.1_69|80051|81022|1|ID=1_69;partial=00;start_type=TTG;rbs_motif=GGAG/GAGG;rbs_spacer=5-10bp;gc_cont=0.319	WP_000442712.1 NAD-dependent epimerase/dehydratase family protein [Staphylococcus aureus]	100	99.7	1.86e-232
BAAHTF010000001.1_70|80985|81677|1|ID=1_70;partial=00;start_type=TTG;rbs_motif=GGAG/GAGG;rbs_spacer=5-10bp;gc_cont=0.351	WP_000736082.1 MULTISPECIES: sugar transferase [Staphylococcus]	100	99.6	1.41e-160
BAAHTF010000001.1_71|81887|83053|1|ID=1_71;partial=00;start_type=TTG;rbs_motif=GGA/GAG/AGG;rbs_spacer=11-12bp;gc_cont=0.338	WP_000692504.1 MULTISPECIES: glycosyltransferase family 4 protein [Staphylococcus]	100	99.7	1.48e-280
BAAHTF010000001.1_72|83034|84272|1|ID=1_72;partial=00;start_type=ATG;rbs_motif=GGA/GAG/AGG;rbs_spacer=11-12bp;gc_cont=0.304	WP_000431230.1 MULTISPECIES: O-antigen ligase family protein [Staphylococcus]	100	99.8	2.41e-273
BAAHTF010000001.1_73|84262|85692|1|ID=1_73;partial=00;start_type=ATG;rbs_motif=GGA/GAG/AGG;rbs_spacer=5-10bp;gc_cont=0.314	WP_000834089.1 MULTISPECIES: oligosaccharide flippase family protein [Staphylococcus]	100	99.8	7.58e-314
BAAHTF010000001.1_74|85960|86559|1|ID=1_74;partial=00;start_type=ATG;rbs_motif=AGGAG;rbs_spacer=5-10bp;gc_cont=0.353	WP_000874681.1 MULTISPECIES: superoxide dismutase [Staphylococcus]	100	99.5	2.49e-150
BAAHTF010000001.1_75|86926|87651|1|ID=1_75;partial=00;start_type=ATG;rbs_motif=GGA/GAG/AGG;rbs_spacer=5-10bp;gc_cont=0.353	WP_031765273.1 LPXTG cell wall anchor domain-containing protein [Staphylococcus aureus]	86.7	99.6	6.73e-125
BAAHTF010000001.1_76|87842|88597|-1|ID=1_76;partial=00;start_type=ATG;rbs_motif=None;rbs_spacer=None;gc_cont=0.358	WP_001795345.1 MULTISPECIES: GntR family transcriptional regulator [Staphylococcus]	100	99.6	4.75e-183
BAAHTF010000001.1_77|88833|89540|1|ID=1_77;partial=00;start_type=ATG;rbs_motif=GGAG/GAGG;rbs_spacer=5-10bp;gc_cont=0.376	WP_000843292.1 MULTISPECIES: purine-nucleoside phosphorylase [Staphylococcus]	100	99.6	5.75e-167
BAAHTF010000001.1_78|89541|90899|1|ID=1_78;partial=00;start_type=ATG;rbs_motif=None;rbs_spacer=None;gc_cont=0.318	WP_001100299.1 MULTISPECIES: tetracycline efflux MFS transporter Tet(38) [Staphylococcus]	100	99.3	3.46e-295
BAAHTF010000001.1_79|90980|91642|1|ID=1_79;partial=00;start_type=ATG;rbs_motif=AGGAG;rbs_spacer=5-10bp;gc_cont=0.403	WP_000667269.1 MULTISPECIES: deoxyribose-phosphate aldolase [Staphylococcus]	100	99.5	1.46e-148
BAAHTF010000001.1_80|91670|92848|1|ID=1_80;partial=00;start_type=ATG;rbs_motif=GGAG/GAGG;rbs_spacer=5-10bp;gc_cont=0.368	WP_000197806.1 MULTISPECIES: phosphopentomutase [Staphylococcus]	100	99.7	4.49e-293
BAAHTF010000001.1_81|92977|93792|-1|ID=1_81;partial=00;start_type=ATG;rbs_motif=AGGA/GGAG/GAGG;rbs_spacer=11-12bp;gc_cont=0.371	WP_000191092.1 MULTISPECIES: phosphonate ABC transporter, permease protein PhnE [Staphylococcus]	100	99.6	8.33e-178
BAAHTF010000001.1_82|93789|94589|-1|ID=1_82;partial=00;start_type=ATG;rbs_motif=AGGAG;rbs_spacer=5-10bp;gc_cont=0.343	WP_001127689.1 MULTISPECIES: phosphonate ABC transporter, permease protein PhnE [Staphylococcus]	100	99.6	5.67e-178
BAAHTF010000001.1_83|94591|95364|-1|ID=1_83;partial=00;start_type=ATG;rbs_motif=GGA/GAG/AGG;rbs_spacer=5-10bp;gc_cont=0.351	WP_000078092.1 MULTISPECIES: phosphonate ABC transporter ATP-binding protein [Staphylococcus]	100	99.6	6.96e-179
BAAHTF010000001.1_84|95559|96515|-1|ID=1_84;partial=00;start_type=ATG;rbs_motif=GGA/GAG/AGG;rbs_spacer=5-10bp;gc_cont=0.308	WP_000787777.1 MULTISPECIES: phosphate/phosphite/phosphonate ABC transporter substrate-binding protein [Staphylococcus]	100	99.7	2.12e-215
BAAHTF010000001.1_85|96744|98288|1|ID=1_85;partial=00;start_type=ATG;rbs_motif=AGGAG;rbs_spacer=5-10bp;gc_cont=0.371	WP_031807514.1 DNA-binding protein [Staphylococcus aureus]	99.6	99.8	0.0
BAAHTF010000001.1_86|98339|99874|1|ID=1_86;partial=00;start_type=ATG;rbs_motif=AGGAG;rbs_spacer=5-10bp;gc_cont=0.367	WP_000065029.1 bifunctional metallophosphatase/5'-nucleotidase [Staphylococcus aureus]	100	99.8	0.0
BAAHTF010000001.1_87|100022|100798|1|ID=1_87;partial=00;start_type=GTG;rbs_motif=None;rbs_spacer=None;gc_cont=0.291	WP_000447776.1 MULTISPECIES: spr1630 family ClpXP-sensitive toxin [Staphylococcus]	99.6	98.5	1.25e-174
BAAHTF010000001.1_88|100804|101979|1|ID=1_88;partial=00;start_type=ATG;rbs_motif=GGA/GAG/AGG;rbs_spacer=5-10bp;gc_cont=0.287	WP_000469833.1 MULTISPECIES: spr1629 family repressor/antitoxin [Staphylococcus]	100	99.7	4.04e-275
BAAHTF010000001.1_89|102364|104973|1|ID=1_89;partial=00;start_type=ATG;rbs_motif=AGGAG;rbs_spacer=5-10bp;gc_cont=0.360	WP_000955781.1 MULTISPECIES: bifunctional acetaldehyde-CoA/alcohol dehydrogenase [Staphylococcus]	99.9	99.9	0.0
BAAHTF010000001.1_90|105316|105984|1|ID=1_90;partial=00;start_type=ATG;rbs_motif=GGAG/GAGG;rbs_spacer=5-10bp;gc_cont=0.299	WP_000446299.1 MULTISPECIES: capsular polysaccharide type 5/8 biosynthesis protein CapA [Staphylococcus]	100	99.6	2.38e-139
BAAHTF010000001.1_91|106000|106686|1|ID=1_91;partial=00;start_type=ATG;rbs_motif=AGGA/GGAG/GAGG;rbs_spacer=11-12bp;gc_cont=0.336	WP_000037332.1 MULTISPECIES: type 8 capsular polysaccharide synthesis protein Cap8B [Staphylococcus]	100	99.6	3.57e-153
BAAHTF010000001.1_92|106689|107453|1|ID=1_92;partial=00;start_type=ATG;rbs_motif=GGAG/GAGG;rbs_spacer=5-10bp;gc_cont=0.319	WP_000565304.1 MULTISPECIES: type 8 capsular polysaccharide synthesis protein Cap8C [Staphylococcus]	100	99.6	5.13e-184
BAAHTF010000001.1_93|107473|109296|1|ID=1_93;partial=00;start_type=ATG;rbs_motif=GGAG/GAGG;rbs_spacer=5-10bp;gc_cont=0.350	WP_000940790.1 MULTISPECIES: type 8 capsular polysaccharide synthesis protein Cap8D [Staphylococcus]	100	99.8	0.0
BAAHTF010000001.1_94|109286|110314|1|ID=1_94;partial=00;start_type=ATG;rbs_motif=GGAG/GAGG;rbs_spacer=5-10bp;gc_cont=0.341	WP_000459062.1 MULTISPECIES: type 8 capsular polysaccharide synthesis protein Cap8E [Staphylococcus]	100	99.7	4.11e-241
BAAHTF010000001.1_95|110327|111436|1|ID=1_95;partial=00;start_type=TTG;rbs_motif=AGGAG;rbs_spacer=5-10bp;gc_cont=0.348	WP_001028283.1 MULTISPECIES: type 8 capsular polysaccharide synthesis protein Cap8F [Staphylococcus]	100	99.7	1.40e-273
BAAHTF010000001.1_96|111440|112564|1|ID=1_96;partial=00;start_type=ATG;rbs_motif=GGAG/GAGG;rbs_spacer=5-10bp;gc_cont=0.337	WP_000413171.1 MULTISPECIES: type 8 capsular polysaccharide synthesis protein Cap8G [Staphylococcus]	100	99.7	2.31e-270
BAAHTF010000001.1_97|112567|113193|1|ID=1_97;partial=00;start_type=ATG;rbs_motif=GGAG/GAGG;rbs_spacer=5-10bp;gc_cont=0.327	WP_001216898.1 MULTISPECIES: CatB-related O-acetyltransferase [Staphylococcus]	100	99.5	1.37e-147
BAAHTF010000001.1_98|113198|114307|1|ID=1_98;partial=00;start_type=ATG;rbs_motif=AGGA/GGAG/GAGG;rbs_spacer=11-12bp;gc_cont=0.289	WP_001221646.1 MULTISPECIES: glycosyltransferase [Staphylococcus]	100	99.7	1.54e-261
BAAHTF010000001.1_99|114321|115487|1|ID=1_99;partial=00;start_type=ATG;rbs_motif=GGAG/GAGG;rbs_spacer=5-10bp;gc_cont=0.292	WP_000668175.1 MULTISPECIES: O-antigen ligase family protein [Staphylococcus]	100	99.7	2.31e-268
BAAHTF010000001.1_100|115480|116685|1|ID=1_100;partial=00;start_type=ATG;rbs_motif=AGGA;rbs_spacer=5-10bp;gc_cont=0.267	WP_000239647.1 MULTISPECIES: capsular polysaccharide biosynthesis protein [Staphylococcus]	100	99.8	2.75e-262
BAAHTF010000001.1_101|116686|117891|1|ID=1_101;partial=00;start_type=ATG;rbs_motif=AGGA;rbs_spacer=5-10bp;gc_cont=0.352	WP_001291020.1 MULTISPECIES: type 8 capsular polysaccharide synthesis protein Cap8L [Staphylococcus]	100	99.8	1.92e-294
BAAHTF010000001.1_102|117902|118459|1|ID=1_102;partial=00;start_type=ATG;rbs_motif=AGGAG;rbs_spacer=5-10bp;gc_cont=0.324	WP_000825098.1 MULTISPECIES: type 8 capsular polysaccharide synthesis protein Cap8M [Staphylococcus]	100	99.5	8.74e-126
BAAHTF010000001.1_103|118459|119346|1|ID=1_103;partial=00;start_type=ATG;rbs_motif=AGxAGG/AGGxGG;rbs_spacer=11-12bp;gc_cont=0.339	WP_001230679.1 MULTISPECIES: capsular polysaccharide type 5/8 biosynthesis epimerase CapN [Staphylococcus]	100	99.7	1.55e-210
BAAHTF010000001.1_104|119400|120662|1|ID=1_104;partial=00;start_type=ATG;rbs_motif=GGAG/GAGG;rbs_spacer=5-10bp;gc_cont=0.343	WP_000779504.1 MULTISPECIES: type 8 capsular polysaccharide synthesis protein Cap8O [Staphylococcus]	100	99.8	4.46e-305
BAAHTF010000001.1_105|120739|121884|1|ID=1_105;partial=00;start_type=ATG;rbs_motif=GGAG/GAGG;rbs_spacer=5-10bp;gc_cont=0.364	WP_000723436.1 MULTISPECIES: type 8 capsular polysaccharide synthesis protein Cap8P [Staphylococcus]	100	99.7	3.73e-275
BAAHTF010000001.1_106|121949|122275|-1|ID=1_106;partial=00;start_type=ATG;rbs_motif=AGGAG;rbs_spacer=5-10bp;gc_cont=0.312	WP_000480603.1 MULTISPECIES: staphylobilin-forming heme oxygenase IsdI [Staphylococcus]	100	99.1	4.22e-71
BAAHTF010000001.1_107|122282|122665|-1|ID=1_107;partial=00;start_type=ATG;rbs_motif=GGAG/GAGG;rbs_spacer=5-10bp;gc_cont=0.318	WP_001237004.1 MULTISPECIES: YbaN family protein [Staphylococcus]	100	99.2	1.59e-75
BAAHTF010000001.1_108|123092|124579|1|ID=1_108;partial=00;start_type=ATG;rbs_motif=AGGAG;rbs_spacer=5-10bp;gc_cont=0.362	WP_000290397.1 MULTISPECIES: aldehyde dehydrogenase family protein [Staphylococcus]	100	99.8	0.0
BAAHTF010000001.1_109|124706|124825|1|ID=1_109;partial=00;start_type=ATG;rbs_motif=GGA/GAG/AGG;rbs_spacer=5-10bp;gc_cont=0.308	WP_000161255.1 hypothetical protein [Staphylococcus aureus]	76.5	85.0	2.38e-09
BAAHTF010000001.1_110|125121|126185|1|ID=1_110;partial=00;start_type=ATG;rbs_motif=None;rbs_spacer=None;gc_cont=0.313	WP_001013485.1 MULTISPECIES: cation diffusion facilitator family transporter [Staphylococcus]	100	89.9	9.69e-217
BAAHTF010000001.1_111|126295|126498|-1|ID=1_111;partial=00;start_type=ATG;rbs_motif=AGxAGG/AGGxGG;rbs_spacer=5-10bp;gc_cont=0.304	WP_000356963.1 MULTISPECIES: hypothetical protein [Staphylococcus]	100	98.5	8.29e-39
BAAHTF010000001.1_112|126677|127189|1|ID=1_112;partial=00;start_type=ATG;rbs_motif=AGGAG;rbs_spacer=5-10bp;gc_cont=0.339	WP_000171919.1 MULTISPECIES: DUF4242 domain-containing protein [Staphylococcus]	100	99.4	9.30e-116
BAAHTF010000001.1_113|127531|128271|1|ID=1_113;partial=00;start_type=ATG;rbs_motif=GGA/GAG/AGG;rbs_spacer=5-10bp;gc_cont=0.354	WP_000590854.1 MULTISPECIES: ABC transporter ATP-binding protein [Staphylococcus]	100	99.6	8.53e-179
BAAHTF010000001.1_114|128285|129256|1|ID=1_114;partial=00;start_type=ATG;rbs_motif=AGGAG;rbs_spacer=5-10bp;gc_cont=0.369	WP_000826669.1 MULTISPECIES: ABC transporter substrate-binding protein [Staphylococcus]	100	99.7	3.12e-240
BAAHTF010000001.1_115|129253|130014|1|ID=1_115;partial=00;start_type=ATG;rbs_motif=AGGAGG;rbs_spacer=5-10bp;gc_cont=0.352	WP_000197961.1 MULTISPECIES: ABC transporter permease [Staphylococcus]	100	99.6	7.26e-179
BAAHTF010000001.1_116|130027|131058|1|ID=1_116;partial=00;start_type=ATG;rbs_motif=AGGAG;rbs_spacer=5-10bp;gc_cont=0.360	WP_000171645.1 MULTISPECIES: acyl-CoA/acyl-ACP dehydrogenase [Staphylococcus]	100	99.7	4.14e-246
BAAHTF010000001.1_117|131275|131634|1|ID=1_117;partial=00;start_type=GTG;rbs_motif=None;rbs_spacer=None;gc_cont=0.322	WP_001092004.1 MULTISPECIES: DUF2294 domain-containing protein [Staphylococcus]	100	99.2	5.50e-79
BAAHTF010000001.1_118|131658|132833|1|ID=1_118;partial=00;start_type=GTG;rbs_motif=GGA/GAG/AGG;rbs_spacer=5-10bp;gc_cont=0.350	WP_000706135.1 MULTISPECIES: NAD-dependent formate dehydrogenase [Staphylococcus]	100	87.0	9.20e-246
BAAHTF010000001.1_119|133219|134469|1|ID=1_119;partial=00;start_type=ATG;rbs_motif=None;rbs_spacer=None;gc_cont=0.326	WP_000826862.1 MULTISPECIES: MDR family MFS transporter [Staphylococcus]	100	99.8	1.15e-273
BAAHTF010000001.1_120|134898|142091|1|ID=1_120;partial=00;start_type=ATG;rbs_motif=GGA/GAG/AGG;rbs_spacer=5-10bp;gc_cont=0.353	WP_000605281.1 MULTISPECIES: aureusimine non-ribosomal peptide synthetase AusA [Staphylococcus]	100	99.7	0.0
BAAHTF010000001.1_121|142104|142748|1|ID=1_121;partial=00;start_type=ATG;rbs_motif=GGA/GAG/AGG;rbs_spacer=5-10bp;gc_cont=0.336	WP_000215722.1 MULTISPECIES: aureusimine biosynthesis 4'-phosphopantetheinyl transferase AusB [Staphylococcus]	100	99.5	1.88e-157
BAAHTF010000001.1_122|143076|143555|-1|ID=1_122;partial=00;start_type=ATG;rbs_motif=None;rbs_spacer=None;gc_cont=0.362	WP_001822554.1 MULTISPECIES: YagU family protein [Staphylococcus]	100	99.4	2.16e-111
BAAHTF010000001.1_123|143825|144589|-1|ID=1_123;partial=00;start_type=ATG;rbs_motif=AGxAGG/AGGxGG;rbs_spacer=5-10bp;gc_cont=0.346	WP_000668894.1 MULTISPECIES: acetylglutamate kinase [Staphylococcus]	100	99.6	2.85e-181
BAAHTF010000001.1_124|144605|145846|-1|ID=1_124;partial=00;start_type=ATG;rbs_motif=GGA/GAG/AGG;rbs_spacer=5-10bp;gc_cont=0.378	WP_000682619.1 MULTISPECIES: bifunctional glutamate N-acetyltransferase/amino-acid acetyltransferase ArgJ [Staphylococcus]	100	99.8	7.27e-296
BAAHTF010000001.1_125|145858|146892|-1|ID=1_125;partial=00;start_type=ATG;rbs_motif=AGGAG;rbs_spacer=5-10bp;gc_cont=0.350	WP_000598482.1 MULTISPECIES: N-acetyl-gamma-glutamyl-phosphate reductase [Staphylococcus]	100	99.4	1.34e-249
BAAHTF010000001.1_126|146928|148112|-1|ID=1_126;partial=00;start_type=ATG;rbs_motif=AGGAG;rbs_spacer=5-10bp;gc_cont=0.377	WP_001084442.1 MULTISPECIES: ornithine--oxo-acid transaminase [Staphylococcus]	100	99.7	2.30e-287
BAAHTF010000001.1_127|148371|149720|-1|ID=1_127;partial=00;start_type=ATG;rbs_motif=AGGAG(G)/GGAGG;rbs_spacer=13-15bp;gc_cont=0.330	WP_000728170.1 MULTISPECIES: branched-chain amino acid transport system II carrier protein BrnQ1 [Staphylococcus]	100	99.8	1.29e-305
BAAHTF010000001.1_128|149999|150556|-1|ID=1_128;partial=00;start_type=ATG;rbs_motif=AGGA/GGAG/GAGG;rbs_spacer=11-12bp;gc_cont=0.353	WP_001557561.1 MULTISPECIES: isochorismatase family protein [Staphylococcus]	100	99.5	2.83e-131
BAAHTF010000001.1_129|150623|152263|-1|ID=1_129;partial=00;start_type=ATG;rbs_motif=GGA/GAG/AGG;rbs_spacer=5-10bp;gc_cont=0.366	WP_000813525.1 MULTISPECIES: alpha-keto acid decarboxylase family protein [Staphylococcus]	100	99.8	0.0
BAAHTF010000001.1_130|152536|154581|-1|ID=1_130;partial=00;start_type=GTG;rbs_motif=GGAG/GAGG;rbs_spacer=5-10bp;gc_cont=0.376	WP_001227709.1 MULTISPECIES: glucose-specific PTS transporter subunit IIBC [Staphylococcus]	100	99.9	0.0
BAAHTF010000001.1_131|155181|156221|1|ID=1_131;partial=00;start_type=GTG;rbs_motif=GGA/GAG/AGG;rbs_spacer=5-10bp;gc_cont=0.353	WP_000145577.1 MULTISPECIES: 6-phospho-N-acetylmuramidase [Staphylococcus]	99.7	99.7	1.84e-254
BAAHTF010000001.1_132|156221|157117|1|ID=1_132;partial=00;start_type=ATG;rbs_motif=AGGA/GGAG/GAGG;rbs_spacer=11-12bp;gc_cont=0.381	WP_000432017.1 MULTISPECIES: N-acetylmuramic acid 6-phosphate etherase [Staphylococcus]	100	99.7	7.03e-204
BAAHTF010000001.1_133|157129|158583|1|ID=1_133;partial=00;start_type=ATG;rbs_motif=AGGAG;rbs_spacer=5-10bp;gc_cont=0.379	WP_000159750.1 MULTISPECIES: PTS transporter subunit EIIC [Staphylococcus]	100	99.8	0.0
BAAHTF010000001.1_134|158583|159461|1|ID=1_134;partial=00;start_type=ATG;rbs_motif=None;rbs_spacer=None;gc_cont=0.344	WP_000181827.1 MurR/RpiR family transcriptional regulator [Staphylococcus aureus]	92.4	99.3	6.81e-185
BAAHTF010000001.1_135|160149|162938|1|ID=1_135;partial=00;start_type=ATG;rbs_motif=GGA/GAG/AGG;rbs_spacer=5-10bp;gc_cont=0.332	WP_000331330.1 MULTISPECIES: type I restriction endonuclease subunit R [Staphylococcus]	100	99.9	0.0
BAAHTF010000001.1_136|163085|163684|-1|ID=1_136;partial=00;start_type=ATG;rbs_motif=AGGAG;rbs_spacer=5-10bp;gc_cont=0.290	WP_000059051.1 MULTISPECIES: hypothetical protein [Staphylococcus]	100	99.5	1.50e-117
BAAHTF010000001.1_137|163810|164922|1|ID=1_137;partial=00;start_type=TTG;rbs_motif=AGGAG;rbs_spacer=5-10bp;gc_cont=0.305	WP_001253190.1 MULTISPECIES: efflux RND transporter periplasmic adaptor subunit [Staphylococcus]	100	99.7	5.97e-255
BAAHTF010000001.1_138|164919|165599|1|ID=1_138;partial=00;start_type=ATG;rbs_motif=GGA/GAG/AGG;rbs_spacer=5-10bp;gc_cont=0.314	WP_000571407.1 MULTISPECIES: ABC transporter ATP-binding protein [Staphylococcus]	100	99.6	2.34e-157
BAAHTF010000001.1_139|165596|166774|1|ID=1_139;partial=00;start_type=ATG;rbs_motif=GGAG/GAGG;rbs_spacer=5-10bp;gc_cont=0.307	WP_001233397.1 MULTISPECIES: ABC transporter permease [Staphylococcus]	100	99.7	4.99e-265
BAAHTF010000001.1_140|166981|167202|1|ID=1_140;partial=00;start_type=ATG;rbs_motif=AGGAGG;rbs_spacer=5-10bp;gc_cont=0.414	WP_000915920.1 MULTISPECIES: putative cyclic bacteriocin [Staphylococcus]	100	98.6	3.32e-43
BAAHTF010000001.1_141|167273|168958|1|ID=1_141;partial=00;start_type=ATG;rbs_motif=AGGAG;rbs_spacer=5-10bp;gc_cont=0.234	WP_031899927.1 membrane protein [Staphylococcus aureus]	99.8	99.8	0.0
BAAHTF010000001.1_142|168996|169460|1|ID=1_142;partial=00;start_type=GTG;rbs_motif=None;rbs_spacer=None;gc_cont=0.256	WP_001793228.1 MULTISPECIES: stage II sporulation protein M [Staphylococcus]	100	99.4	6.39e-88
BAAHTF010000001.1_143|169472|170194|1|ID=1_143;partial=00;start_type=ATG;rbs_motif=AGGA;rbs_spacer=5-10bp;gc_cont=0.266	WP_000960712.1 MULTISPECIES: ATP-binding cassette domain-containing protein [Staphylococcus]	100	99.6	6.95e-166
BAAHTF010000001.1_144|170181|170369|1|ID=1_144;partial=00;start_type=ATG;rbs_motif=GGAG/GAGG;rbs_spacer=5-10bp;gc_cont=0.222	WP_368409519.1 hypothetical protein [Staphylococcus aureus]	98.4	98.4	1.29e-33
BAAHTF010000001.1_145|170359|170556|1|ID=1_145;partial=00;start_type=GTG;rbs_motif=GGA/GAG/AGG;rbs_spacer=5-10bp;gc_cont=0.308	WP_000794565.1 MULTISPECIES: helix-turn-helix transcriptional regulator [Staphylococcus]	100	98.5	1.20e-37
BAAHTF010000001.1_146|171066|172658|-1|ID=1_146;partial=00;start_type=ATG;rbs_motif=GGAG/GAGG;rbs_spacer=5-10bp;gc_cont=0.355	WP_000067352.1 MULTISPECIES: ABC transporter ATP-binding protein [Staphylococcus]	100	99.8	0.0
BAAHTF010000001.1_147|172660|174093|1|ID=1_147;partial=00;start_type=ATG;rbs_motif=None;rbs_spacer=None;gc_cont=0.326	WP_001557565.1 ABC transporter permease [Staphylococcus aureus]	100	99.8	3.40e-306
BAAHTF010000001.1_148|174099|175262|1|ID=1_148;partial=00;start_type=ATG;rbs_motif=AGGA;rbs_spacer=5-10bp;gc_cont=0.346	WP_000240113.1 MULTISPECIES: ABC transporter permease [Staphylococcus]	100	99.7	7.46e-253
BAAHTF010000001.1_149|175279|177054|1|ID=1_149;partial=00;start_type=GTG;rbs_motif=GGA/GAG/AGG;rbs_spacer=5-10bp;gc_cont=0.332	WP_000720816.1 MULTISPECIES: ABC transporter substrate-binding protein [Staphylococcus]	100	99.8	0.0
BAAHTF010000001.1_150|177092|179098|1|ID=1_150;partial=00;start_type=ATG;rbs_motif=AGGAG;rbs_spacer=5-10bp;gc_cont=0.378	WP_000236427.1 MULTISPECIES: gamma-glutamyltransferase [Staphylococcus]	100	99.9	0.0
BAAHTF010000001.1_151|179411|180214|-1|ID=1_151;partial=00;start_type=ATG;rbs_motif=None;rbs_spacer=None;gc_cont=0.300	WP_000643619.1 MULTISPECIES: tandem-type lipoprotein [Staphylococcus]	100	95.9	1.27e-179
BAAHTF010000001.1_152|180373|180999|-1|ID=1_152;partial=00;start_type=ATG;rbs_motif=AGGAG;rbs_spacer=5-10bp;gc_cont=0.324	WP_001151451.1 MULTISPECIES: FMN-dependent NADH-azoreductase [Staphylococcus]	100	99.5	1.17e-148
BAAHTF010000001.1_153|181208|181786|1|ID=1_153;partial=00;start_type=ATG;rbs_motif=GGA/GAG/AGG;rbs_spacer=5-10bp;gc_cont=0.359	WP_000166920.1 MULTISPECIES: M23 family metallopeptidase [Staphylococcus]	100	99.5	5.26e-144
BAAHTF010000001.1_154|182170|183267|1|ID=1_154;partial=00;start_type=ATG;rbs_motif=GGAG/GAGG;rbs_spacer=5-10bp;gc_cont=0.350	WP_000818915.1 MULTISPECIES: ABC transporter ATP-binding protein [Staphylococcus]	100	99.7	3.94e-262
BAAHTF010000001.1_155|183280|184551|1|ID=1_155;partial=00;start_type=ATG;rbs_motif=GGAG/GAGG;rbs_spacer=5-10bp;gc_cont=0.342	WP_000034961.1 MULTISPECIES: maltodextrin ABC transporter substrate-binding protein [Staphylococcus]	100	99.8	1.29e-310
BAAHTF010000001.1_156|184554|185822|1|ID=1_156;partial=00;start_type=ATG;rbs_motif=AGGAG;rbs_spacer=5-10bp;gc_cont=0.357	WP_224083619.1 sugar ABC transporter permease [Staphylococcus aureus]	98.8	99.8	5.35e-298
BAAHTF010000001.1_157|185824|186663|1|ID=1_157;partial=00;start_type=ATG;rbs_motif=GGAG/GAGG;rbs_spacer=5-10bp;gc_cont=0.338	WP_000162661.1 MULTISPECIES: sugar ABC transporter permease [Staphylococcus]	100	99.6	1.91e-187
BAAHTF010000001.1_158|186734|187813|1|ID=1_158;partial=00;start_type=ATG;rbs_motif=AGGAG;rbs_spacer=5-10bp;gc_cont=0.396	WP_000153479.1 MULTISPECIES: Gfo/Idh/MocA family protein [Staphylococcus]	100	99.4	1.74e-264
BAAHTF010000001.1_159|187838|188878|1|ID=1_159;partial=00;start_type=ATG;rbs_motif=AGGAG;rbs_spacer=5-10bp;gc_cont=0.398	WP_000163820.1 MULTISPECIES: Gfo/Idh/MocA family protein [Staphylococcus]	100	99.7	4.36e-254
BAAHTF010000001.1_160|188933|189901|1|ID=1_160;partial=00;start_type=ATG;rbs_motif=AGGAG;rbs_spacer=5-10bp;gc_cont=0.356	WP_000690405.1 MULTISPECIES: sugar phosphate isomerase/epimerase family protein [Staphylococcus]	100	99.7	9.37e-246
BAAHTF010000001.1_161|190262|190756|-1|ID=1_161;partial=00;start_type=ATG;rbs_motif=GGAG/GAGG;rbs_spacer=5-10bp;gc_cont=0.267	WP_000603755.1 MULTISPECIES: isoprenylcysteine carboxyl methyltransferase family protein [Staphylococcus]	100	99.4	8.00e-105
BAAHTF010000001.1_162|190971|192368|1|ID=1_162;partial=00;start_type=ATG;rbs_motif=None;rbs_spacer=None;gc_cont=0.363	WP_269671339.1 hexose-6-phosphate:phosphate antiporter [Staphylococcus aureus]	100	98.5	0.0
BAAHTF010000001.1_163|192727|193485|-1|ID=1_163;partial=00;start_type=ATG;rbs_motif=GGA/GAG/AGG;rbs_spacer=5-10bp;gc_cont=0.325	WP_000477526.1 MULTISPECIES: response regulator transcription factor [Staphylococcus]	100	99.6	2.09e-182
BAAHTF010000001.1_164|193478|195034|-1|ID=1_164;partial=00;start_type=ATG;rbs_motif=GGAG/GAGG;rbs_spacer=5-10bp;gc_cont=0.329	WP_000127990.1 MULTISPECIES: sensor histidine kinase [Staphylococcus]	100	99.8	0.0
BAAHTF010000001.1_165|195031|195999|-1|ID=1_165;partial=00;start_type=ATG;rbs_motif=None;rbs_spacer=None;gc_cont=0.343	WP_000837116.1 MULTISPECIES: ABC transporter substrate-binding protein [Staphylococcus]	100	99.7	2.74e-229
BAAHTF010000001.1_166|196587|198836|1|ID=1_166;partial=00;start_type=ATG;rbs_motif=GGAG/GAGG;rbs_spacer=5-10bp;gc_cont=0.368	WP_000894660.1 MULTISPECIES: formate C-acetyltransferase [Staphylococcus]	100	99.9	0.0
BAAHTF010000001.1_167|198859|199614|1|ID=1_167;partial=00;start_type=ATG;rbs_motif=GGA/GAG/AGG;rbs_spacer=5-10bp;gc_cont=0.364	WP_000911657.1 MULTISPECIES: pyruvate formate-lyase-activating protein [Staphylococcus]	100	99.6	5.37e-189
BAAHTF010000001.1_168|199936|201699|1|ID=1_168;partial=00;start_type=ATG;rbs_motif=GGAG/GAGG;rbs_spacer=5-10bp;gc_cont=0.310	WP_000822589.1 glycerophosphoryl diester phosphodiesterase membrane domain-containing protein [Staphylococcus aureus]	100	99.8	0.0
BAAHTF010000001.1_169|201863|202207|-1|ID=1_169;partial=00;start_type=ATG;rbs_motif=AGGAG;rbs_spacer=5-10bp;gc_cont=0.325	WP_000211597.1 MULTISPECIES: complement inhibitor SCIN family protein [Staphylococcus]	100	99.1	1.61e-71
BAAHTF010000001.1_170|202397|204373|1|ID=1_170;partial=00;start_type=ATG;rbs_motif=AGGA/GGAG/GAGG;rbs_spacer=11-12bp;gc_cont=0.347	WP_075339631.1 staphylocoagulase, partial [Staphylococcus aureus]	100	77.5	1.93e-313
BAAHTF010000001.1_171|204960|206144|-1|ID=1_171;partial=00;start_type=ATG;rbs_motif=GGAG/GAGG;rbs_spacer=5-10bp;gc_cont=0.436	WP_001154619.1 MULTISPECIES: thiolase family protein [Staphylococcus]	100	99.7	5.32e-277
BAAHTF010000001.1_172|206174|208435|-1|ID=1_172;partial=00;start_type=ATG;rbs_motif=GGAG/GAGG;rbs_spacer=5-10bp;gc_cont=0.376	WP_000154537.1 MULTISPECIES: 3-hydroxyacyl-CoA dehydrogenase/crotonase FadB [Staphylococcus]	100	99.9	0.0
BAAHTF010000001.1_173|208621|209832|-1|ID=1_173;partial=00;start_type=ATG;rbs_motif=AGGAG;rbs_spacer=5-10bp;gc_cont=0.391	WP_000142199.1 acyl-CoA dehydrogenase FadE [Staphylococcus aureus]	100	99.8	3.72e-293
BAAHTF010000001.1_174|209944|211449|-1|ID=1_174;partial=00;start_type=ATG;rbs_motif=GGA/GAG/AGG;rbs_spacer=5-10bp;gc_cont=0.374	WP_001008400.1 MULTISPECIES: long-chain-fatty-acid--CoA ligase FadD [Staphylococcus]	100	99.8	0.0
BAAHTF010000001.1_175|211475|213052|-1|ID=1_175;partial=00;start_type=ATG;rbs_motif=None;rbs_spacer=None;gc_cont=0.371	WP_001795358.1 MULTISPECIES: fatty acid degradation protein FadX [Staphylococcus]	100	99.8	0.0
BAAHTF010000001.1_176|213406|214635|1|ID=1_176;partial=00;start_type=ATG;rbs_motif=GGA/GAG/AGG;rbs_spacer=5-10bp;gc_cont=0.346	WP_010922818.1 MULTISPECIES: PrsW family intramembrane metalloprotease [Staphylococcus]	100	92.7	5.75e-261
BAAHTF010000001.1_177|214949|216424|-1|ID=1_177;partial=00;start_type=ATG;rbs_motif=GGA/GAG/AGG;rbs_spacer=5-10bp;gc_cont=0.311	WP_000669656.1 MULTISPECIES: nickel ABC transporter substrate-binding protein [Staphylococcus]	100	99.8	0.0
BAAHTF010000001.1_178|216622|216978|-1|ID=1_178;partial=00;start_type=ATG;rbs_motif=AGGAG;rbs_spacer=5-10bp;gc_cont=0.353	WP_000215216.1 MULTISPECIES: DUF488 domain-containing protein [Staphylococcus]	100	99.2	8.82e-80
BAAHTF010000001.1_179|217135|217308|-1|ID=1_179;partial=00;start_type=ATG;rbs_motif=AGGA/GGAG/GAGG;rbs_spacer=11-12bp;gc_cont=0.259	WP_000773989.1 MULTISPECIES: hypothetical protein [Staphylococcus]	100	98.3	2.46e-29
BAAHTF010000001.1_180|217334|218479|-1|ID=1_180;partial=00;start_type=ATG;rbs_motif=AGGAG;rbs_spacer=5-10bp;gc_cont=0.350	WP_000954799.1 MULTISPECIES: globin domain-containing protein [Staphylococcus]	100	99.7	3.06e-274
BAAHTF010000001.1_181|219052|220005|1|ID=1_181;partial=00;start_type=ATG;rbs_motif=GGAG/GAGG;rbs_spacer=5-10bp;gc_cont=0.372	WP_001031880.1 MULTISPECIES: L-lactate dehydrogenase [Staphylococcus]	100	99.7	5.47e-222
BAAHTF010000001.1_182|220325|221854|-1|ID=1_182;partial=00;start_type=ATG;rbs_motif=AGGAG;rbs_spacer=5-10bp;gc_cont=0.393	WP_000838205.1 MULTISPECIES: glucose-specific PTS transporter subunit IIBC [Staphylococcus]	100	99.8	0.0
BAAHTF010000001.1_183|222216|223151|1|ID=1_183;partial=00;start_type=ATG;rbs_motif=GGA/GAG/AGG;rbs_spacer=5-10bp;gc_cont=0.395	WP_000823221.1 MULTISPECIES: nucleoside hydrolase [Staphylococcus]	100	99.7	2.07e-223
BAAHTF010000001.1_184|223489|225585|1|ID=1_184;partial=00;start_type=ATG;rbs_motif=AGGAG;rbs_spacer=5-10bp;gc_cont=0.331	WP_001012737.1 MULTISPECIES: BglG family transcription antiterminator [Staphylococcus]	100	99.9	0.0
BAAHTF010000001.1_185|225570|226037|1|ID=1_185;partial=00;start_type=ATG;rbs_motif=GGAG/GAGG;rbs_spacer=5-10bp;gc_cont=0.353	WP_000531476.1 MULTISPECIES: PTS sugar transporter subunit IIA [Staphylococcus]	100	99.4	2.64e-101
BAAHTF010000001.1_186|226060|226338|1|ID=1_186;partial=00;start_type=ATG;rbs_motif=GGAG/GAGG;rbs_spacer=5-10bp;gc_cont=0.312	WP_000815795.1 MULTISPECIES: PTS sugar transporter subunit IIB [Bacilli]	100	98.9	5.84e-57
BAAHTF010000001.1_187|226565|227824|1|ID=1_187;partial=00;start_type=ATG;rbs_motif=GGAG/GAGG;rbs_spacer=5-10bp;gc_cont=0.370	WP_000120109.1 MULTISPECIES: PTS galactitol transporter subunit IIC [Staphylococcus]	100	99.8	6.59e-286
BAAHTF010000001.1_188|227839|228897|1|ID=1_188;partial=00;start_type=GTG;rbs_motif=GGAG/GAGG;rbs_spacer=5-10bp;gc_cont=0.368	WP_000646211.1 zinc-binding dehydrogenase [Staphylococcus aureus]	99.7	99.4	1.79e-258
BAAHTF010000001.1_189|228899|229045|1|ID=1_189;partial=00;start_type=ATG;rbs_motif=AGGAG;rbs_spacer=5-10bp;gc_cont=0.306	WP_000230358.1 MULTISPECIES: hypothetical protein [Bacteria]	100	98.0	3.61e-25
BAAHTF010000001.1_190|229069|230112|1|ID=1_190;partial=00;start_type=GTG;rbs_motif=GGAG/GAGG;rbs_spacer=5-10bp;gc_cont=0.381	WP_000645608.1 MULTISPECIES: galactitol-1-phosphate 5-dehydrogenase [Staphylococcus]	100	99.7	2.00e-255
BAAHTF010000001.1_191|230640|231356|1|ID=1_191;partial=00;start_type=ATG;rbs_motif=GGAG/GAGG;rbs_spacer=5-10bp;gc_cont=0.328	WP_000638472.1 2-C-methyl-D-erythritol 4-phosphate cytidylyltransferase [Staphylococcus aureus]	100	99.6	6.95e-165
BAAHTF010000001.1_192|231349|232374|1|ID=1_192;partial=00;start_type=ATG;rbs_motif=GGA/GAG/AGG;rbs_spacer=11-12bp;gc_cont=0.351	WP_000610178.1 alcohol dehydrogenase catalytic domain-containing protein [Staphylococcus aureus]	100	99.7	2.60e-248
BAAHTF010000001.1_193|232396|234090|1|ID=1_193;partial=00;start_type=ATG;rbs_motif=GGA/GAG/AGG;rbs_spacer=5-10bp;gc_cont=0.329	WP_000167979.1 MULTISPECIES: teichoic acid ribitol-phosphate polymerase TarK [Staphylococcus]	100	99.8	0.0
BAAHTF010000001.1_194|234518|235687|1|ID=1_194;partial=00;start_type=ATG;rbs_motif=GGAG/GAGG;rbs_spacer=5-10bp;gc_cont=0.334	WP_000594817.1 MULTISPECIES: teichoic acid glycerol-phosphate transferase TarF [Staphylococcus]	100	99.7	1.45e-292
BAAHTF010000001.1_195|235963|236679|1|ID=1_195;partial=00;start_type=ATG;rbs_motif=GGAG/GAGG;rbs_spacer=5-10bp;gc_cont=0.322	WP_000872486.1 MULTISPECIES: D-ribitol-5-phosphate cytidylyltransferase [Staphylococcus]	100	99.6	1.71e-165
BAAHTF010000001.1_196|236645|237697|1|ID=1_196;partial=00;start_type=ATG;rbs_motif=None;rbs_spacer=None;gc_cont=0.336	WP_000610204.1 MULTISPECIES: ribitol-5-phosphate dehydrogenase [Staphylococcus]	100	97.2	4.19e-245
BAAHTF010000001.1_197|237719|239407|1|ID=1_197;partial=00;start_type=TTG;rbs_motif=AGGA;rbs_spacer=5-10bp;gc_cont=0.320	WP_000240920.1 MULTISPECIES: teichoic acid ribitol-phosphate polymerase TarL [Staphylococcus]	100	99.8	0.0
BAAHTF010000001.1_198|239440|241161|1|ID=1_198;partial=00;start_type=ATG;rbs_motif=GGAG/GAGG;rbs_spacer=5-10bp;gc_cont=0.321	WP_000975351.1 MULTISPECIES: poly(ribitol-phosphate) beta-N-acetylglucosaminyltransferase [Staphylococcus]	100	99.8	0.0
BAAHTF010000001.1_199|241305|241979|1|ID=1_199;partial=00;start_type=ATG;rbs_motif=AGGAG;rbs_spacer=5-10bp;gc_cont=0.323	WP_000608818.1 MULTISPECIES: iron-sulfur cluster repair di-iron protein ScdA [Staphylococcus]	100	99.6	2.97e-159
BAAHTF010000001.1_200|242239|243978|1|ID=1_200;partial=00;start_type=ATG;rbs_motif=None;rbs_spacer=None;gc_cont=0.355	WP_000925394.1 sensor histidine kinase [Staphylococcus aureus]	100	99.8	0.0
BAAHTF010000001.1_201|243981|244721|1|ID=1_201;partial=00;start_type=ATG;rbs_motif=AGGAG;rbs_spacer=5-10bp;gc_cont=0.323	WP_000645451.1 response regulator transcription factor LytR [Staphylococcus aureus]	100	99.6	1.46e-170
BAAHTF010000001.1_202|244834|245277|1|ID=1_202;partial=00;start_type=ATG;rbs_motif=GGA/GAG/AGG;rbs_spacer=5-10bp;gc_cont=0.345	WP_001792906.1 MULTISPECIES: antiholin-like murein hydrolase modulator LrgA [Staphylococcus]	100	99.3	2.67e-88
BAAHTF010000001.1_203|245270|245971|1|ID=1_203;partial=00;start_type=ATG;rbs_motif=AGGAG;rbs_spacer=5-10bp;gc_cont=0.366	WP_000607067.1 MULTISPECIES: antiholin-like protein LrgB [Staphylococcus]	100	99.6	4.81e-149
BAAHTF010000001.1_204|246079|246783|-1|ID=1_204;partial=00;start_type=TTG;rbs_motif=GGAG/GAGG;rbs_spacer=5-10bp;gc_cont=0.329	WP_000922320.1 MULTISPECIES: GntR family transcriptional regulator [Staphylococcus]	100	99.6	2.64e-167
BAAHTF010000001.1_205|246932|247723|1|ID=1_205;partial=00;start_type=ATG;rbs_motif=AGGA/GGAG/GAGG;rbs_spacer=11-12bp;gc_cont=0.352	WP_000066931.1 MULTISPECIES: glucose PTS transporter subunit IIA [Staphylococcus]	100	99.6	2.72e-179
BAAHTF010000001.1_206|247739|249175|1|ID=1_206;partial=00;start_type=ATG;rbs_motif=AGGA/GGAG/GAGG;rbs_spacer=11-12bp;gc_cont=0.367	WP_000164003.1 MULTISPECIES: 6-phospho-beta-glucosidase [Staphylococcus]	100	99.8	0.0
BAAHTF010000001.1_207|249350|249523|1|ID=1_207;partial=00;start_type=ATG;rbs_motif=None;rbs_spacer=None;gc_cont=0.351	WP_049881877.1 hypothetical protein, partial [Staphylococcus aureus]	100	98.3	4.04e-33
BAAHTF010000001.1_208|249662|250423|-1|ID=1_208;partial=00;start_type=ATG;rbs_motif=AGGAG;rbs_spacer=5-10bp;gc_cont=0.341	WP_000031262.1 MULTISPECIES: class I SAM-dependent methyltransferase [Staphylococcus]	100	99.6	2.64e-181
BAAHTF010000001.1_209|250674|251588|-1|ID=1_209;partial=00;start_type=ATG;rbs_motif=AGGAG;rbs_spacer=5-10bp;gc_cont=0.378	WP_000182746.1 MULTISPECIES: ribokinase [Staphylococcus]	100	99.7	2.11e-208
BAAHTF010000001.1_210|251616|252020|-1|ID=1_210;partial=00;start_type=ATG;rbs_motif=AGGAG;rbs_spacer=5-10bp;gc_cont=0.328	WP_000747873.1 MULTISPECIES: D-ribose pyranase [Staphylococcus]	100	99.3	5.86e-88
BAAHTF010000001.1_211|252035|252916|-1|ID=1_211;partial=00;start_type=ATG;rbs_motif=GGAG/GAGG;rbs_spacer=5-10bp;gc_cont=0.381	WP_000029196.1 MULTISPECIES: ribose/proton symporter RbsU [Staphylococcus]	100	99.7	1.37e-203
BAAHTF010000001.1_212|253148|254146|-1|ID=1_212;partial=00;start_type=ATG;rbs_motif=AGGA;rbs_spacer=5-10bp;gc_cont=0.371	WP_000757880.1 MULTISPECIES: ribose utilization transcriptional repressor RbsR [Staphylococcus]	100	99.7	1.00e-236
BAAHTF010000001.1_213|254526|254918|1|ID=1_213;partial=00;start_type=ATG;rbs_motif=GGAG/GAGG;rbs_spacer=5-10bp;gc_cont=0.267	WP_001159765.1 MULTISPECIES: hypothetical protein [Staphylococcus]	100	99.2	8.78e-88
BAAHTF010000001.1_214|255046|256422|-1|ID=1_214;partial=00;start_type=GTG;rbs_motif=AGGAG;rbs_spacer=5-10bp;gc_cont=0.376	WP_001066548.1 MULTISPECIES: MFS transporter [Staphylococcus]	100	99.8	3.31e-308
BAAHTF010000001.1_215|256656|257648|1|ID=1_215;partial=00;start_type=ATG;rbs_motif=AGGAG;rbs_spacer=5-10bp;gc_cont=0.360	WP_000337368.1 MULTISPECIES: choloylglycine hydrolase family protein [Staphylococcus]	100	99.7	3.68e-247
BAAHTF010000001.1_216|257956|258924|1|ID=1_216;partial=00;start_type=ATG;rbs_motif=None;rbs_spacer=None;gc_cont=0.396	WP_000736784.1 MULTISPECIES: glycine-glycine endopeptidase LytM [Staphylococcus]	100	97.8	2.10e-227
BAAHTF010000001.1_217|258976|259635|-1|ID=1_217;partial=00;start_type=ATG;rbs_motif=AGGAG;rbs_spacer=5-10bp;gc_cont=0.315	WP_000570070.1 MULTISPECIES: ABC transporter ATP-binding protein [Staphylococcus]	100	99.5	4.57e-156
BAAHTF010000001.1_218|259649|260569|-1|ID=1_218;partial=00;start_type=ATG;rbs_motif=GGAG/GAGG;rbs_spacer=5-10bp;gc_cont=0.313	WP_000806102.1 MULTISPECIES: ABC transporter permease [Staphylococcus]	100	99.7	5.20e-194
BAAHTF010000001.1_219|260566|261732|-1|ID=1_219;partial=00;start_type=ATG;rbs_motif=AGGAG;rbs_spacer=5-10bp;gc_cont=0.322	WP_000848761.1 MULTISPECIES: ABC transporter permease [Staphylococcus]	100	99.7	3.50e-263
BAAHTF010000001.1_220|261800|263323|-1|ID=1_220;partial=00;start_type=ATG;rbs_motif=GGAG/GAGG;rbs_spacer=5-10bp;gc_cont=0.290	WP_000038527.1 MULTISPECIES: DUF6583 family protein [Staphylococcus]	100	99.8	0.0
BAAHTF010000001.1_221|263654|264556|-1|ID=1_221;partial=00;start_type=ATG;rbs_motif=GGA/GAG/AGG;rbs_spacer=5-10bp;gc_cont=0.372	WP_000751215.1 MULTISPECIES: CHAP domain-containing protein [Staphylococcus]	100	98.7	6.85e-209
BAAHTF010000001.1_222|264795|265088|1|ID=1_222;partial=00;start_type=ATG;rbs_motif=AGGAG;rbs_spacer=5-10bp;gc_cont=0.378	WP_001240826.1 MULTISPECIES: WXG100 family type VII secretion effector EsxA [Staphylococcus]	100	99.0	5.04e-58
BAAHTF010000001.1_223|265171|268200|1|ID=1_223;partial=00;start_type=ATG;rbs_motif=AGGA;rbs_spacer=5-10bp;gc_cont=0.308	WP_000728933.1 type VII secretion protein EsaA [Staphylococcus aureus]	100	99.9	0.0
BAAHTF010000001.1_224|268200|268658|1|ID=1_224;partial=00;start_type=ATG;rbs_motif=GGA/GAG/AGG;rbs_spacer=5-10bp;gc_cont=0.325	WP_000928938.1 MULTISPECIES: type VII secretion protein EssA [Staphylococcus]	100	99.3	5.57e-97
BAAHTF010000001.1_225|268630|268872|1|ID=1_225;partial=00;start_type=ATG;rbs_motif=AGGA/GGAG/GAGG;rbs_spacer=11-12bp;gc_cont=0.292	WP_001071605.1 type VII secretion protein EsaB [Staphylococcus aureus]	100	98.8	4.29e-49
BAAHTF010000001.1_226|268885|270219|1|ID=1_226;partial=00;start_type=ATG;rbs_motif=AGGAG;rbs_spacer=5-10bp;gc_cont=0.299	WP_031796234.1 type VII secretion protein EssB, partial [Staphylococcus aureus]	100	87.9	2.16e-276
BAAHTF010000001.1_227|270241|274680|1|ID=1_227;partial=00;start_type=ATG;rbs_motif=GGAG/GAGG;rbs_spacer=5-10bp;gc_cont=0.339	WP_000549295.1 type VII secretion protein EssC [Staphylococcus aureus]	100	99.9	0.0
BAAHTF010000001.1_228|274710|275102|1|ID=1_228;partial=00;start_type=ATG;rbs_motif=AGGAGG;rbs_spacer=5-10bp;gc_cont=0.310	WP_001010292.1 MULTISPECIES: type VII secretion substrate EsaC [Staphylococcus]	100	99.2	3.05e-79
BAAHTF010000001.1_229|275118|275432|1|ID=1_229;partial=00;start_type=ATG;rbs_motif=GGAG/GAGG;rbs_spacer=5-10bp;gc_cont=0.384	WP_000509671.1 MULTISPECIES: WXG100 family type VII secretion effector EsxB [Staphylococcus]	100	99.0	1.98e-65
BAAHTF010000001.1_230|275429|276106|1|ID=1_230;partial=00;start_type=ATG;rbs_motif=GGA/GAG/AGG;rbs_spacer=5-10bp;gc_cont=0.291	WP_000655881.1 MULTISPECIES: DUF5081 family protein [Staphylococcus]	100	99.1	5.13e-158
BAAHTF010000001.1_231|276106|276423|1|ID=1_231;partial=00;start_type=ATG;rbs_motif=GGA/GAG/AGG;rbs_spacer=5-10bp;gc_cont=0.371	WP_000175722.1 MULTISPECIES: type VII secretion system extracellular protein EsxD [Staphylococcus]	100	99.1	3.14e-67
BAAHTF010000001.1_232|276433|278277|1|ID=1_232;partial=00;start_type=ATG;rbs_motif=GGA/GAG/AGG;rbs_spacer=5-10bp;gc_cont=0.350	WP_000159017.1 ribonuclease YeeF family protein [Staphylococcus aureus]	99.0	99.8	0.0
BAAHTF010000001.1_233|278288|278779|1|ID=1_233;partial=00;start_type=ATG;rbs_motif=GGAG/GAGG;rbs_spacer=5-10bp;gc_cont=0.313	WP_000142044.1 MULTISPECIES: TIGR01741 family protein [Staphylococcus]	100	99.4	6.39e-115
BAAHTF010000001.1_234|278982|279665|1|ID=1_234;partial=00;start_type=ATG;rbs_motif=AGGAG;rbs_spacer=5-10bp;gc_cont=0.273	WP_000208417.1 MULTISPECIES: DUF5079 family protein [Staphylococcus]	100	99.6	1.76e-148
BAAHTF010000001.1_235|279811|280422|1|ID=1_235;partial=00;start_type=ATG;rbs_motif=GGAG/GAGG;rbs_spacer=5-10bp;gc_cont=0.281	WP_000394911.1 MULTISPECIES: DUF5080 family protein [Staphylococcus]	100	99.5	8.43e-126
BAAHTF010000001.1_236|280557|280775|1|ID=1_236;partial=00;start_type=ATG;rbs_motif=AGGAG;rbs_spacer=5-10bp;gc_cont=0.269	WP_000431307.1 MULTISPECIES: hypothetical protein [Staphylococcus]	100	98.6	6.03e-41
BAAHTF010000001.1_237|280907|281407|1|ID=1_237;partial=00;start_type=ATG;rbs_motif=GGA/GAG/AGG;rbs_spacer=5-10bp;gc_cont=0.295	WP_000142138.1 MULTISPECIES: TIGR01741 family protein [Staphylococcus]	100	99.4	6.03e-101
BAAHTF010000001.1_238|281418|281918|1|ID=1_238;partial=00;start_type=ATG;rbs_motif=GGAG/GAGG;rbs_spacer=5-10bp;gc_cont=0.301	WP_000141939.1 TIGR01741 family protein [Staphylococcus aureus]	100	99.4	5.87e-117
BAAHTF010000001.1_239|281929|282414|1|ID=1_239;partial=00;start_type=ATG;rbs_motif=GGA/GAG/AGG;rbs_spacer=5-10bp;gc_cont=0.305	WP_000575678.1 MULTISPECIES: TIGR01741 family protein [Staphylococcus]	100	99.4	8.11e-117
BAAHTF010000001.1_240|283039|283413|1|ID=1_240;partial=00;start_type=ATG;rbs_motif=AGGAG;rbs_spacer=5-10bp;gc_cont=0.267	WP_000822161.1 MULTISPECIES: DUF4467 domain-containing protein [Staphylococcus]	100	99.2	4.80e-80
BAAHTF010000001.1_241|283563|283961|1|ID=1_241;partial=00;start_type=ATG;rbs_motif=AGGAG;rbs_spacer=5-10bp;gc_cont=0.316	WP_000415665.1 MULTISPECIES: DUF4064 domain-containing protein [Staphylococcus]	100	99.2	5.64e-76
BAAHTF010000001.1_242|284177|285022|-1|ID=1_242;partial=00;start_type=ATG;rbs_motif=None;rbs_spacer=None;gc_cont=0.333	WP_000834168.1 formate/nitrite transporter family protein [Staphylococcus aureus]	100	99.6	3.45e-191
BAAHTF010000001.1_243|285238|286545|-1|ID=1_243;partial=00;start_type=TTG;rbs_motif=AGGA;rbs_spacer=5-10bp;gc_cont=0.352	WP_000745087.1 MULTISPECIES: branched-chain amino acid transport system II carrier protein BrnQ2 [Staphylococcus]	99.8	99.8	4.82e-303
BAAHTF010000001.1_244|287129|288019|1|ID=1_244;partial=00;start_type=ATG;rbs_motif=GGAG/GAGG;rbs_spacer=5-10bp;gc_cont=0.331	WP_001033876.1 MULTISPECIES: 5'-nucleotidase, lipoprotein e(P4) family [Staphylococcus]	100	99.7	2.19e-206
BAAHTF010000001.1_245|288268|289317|1|ID=1_245;partial=00;start_type=ATG;rbs_motif=GGAG/GAGG;rbs_spacer=5-10bp;gc_cont=0.331	WP_000477931.1 MULTISPECIES: ABC transporter permease [Staphylococcus]	100	99.7	8.84e-235
BAAHTF010000001.1_246|289330|290007|1|ID=1_246;partial=00;start_type=ATG;rbs_motif=AGGAG;rbs_spacer=5-10bp;gc_cont=0.336	WP_000911017.1 MULTISPECIES: ABC transporter ATP-binding protein [Staphylococcus]	100	99.6	2.33e-152
BAAHTF010000001.1_247|290209|291246|1|ID=1_247;partial=00;start_type=ATG;rbs_motif=None;rbs_spacer=None;gc_cont=0.382	WP_223808404.1 PTS sugar transporter subunit IIC [Staphylococcus aureus]	99.7	96.0	8.39e-205
BAAHTF010000001.1_248|291589|292707|1|ID=1_248;partial=00;start_type=ATG;rbs_motif=AGGAG;rbs_spacer=5-10bp;gc_cont=0.342	WP_001283968.1 MULTISPECIES: carbohydrate kinase [Staphylococcus]	100	99.7	1.10e-267
BAAHTF010000001.1_249|292682|293605|1|ID=1_249;partial=00;start_type=ATG;rbs_motif=GGAG/GAGG;rbs_spacer=5-10bp;gc_cont=0.382	WP_000002071.1 MULTISPECIES: pseudouridine-5'-phosphate glycosidase [Staphylococcus]	100	99.7	9.27e-209
BAAHTF010000001.1_250|293616|294836|1|ID=1_250;partial=00;start_type=ATG;rbs_motif=GGA/GAG/AGG;rbs_spacer=5-10bp;gc_cont=0.328	WP_001022972.1 MULTISPECIES: NupC/NupG family nucleoside CNT transporter [Staphylococcus]	100	99.8	6.58e-268
BAAHTF010000001.1_251|294941|296473|-1|ID=1_251;partial=00;start_type=ATG;rbs_motif=GGA/GAG/AGG;rbs_spacer=5-10bp;gc_cont=0.357	WP_000665727.1 MULTISPECIES: sodium:solute symporter [Staphylococcus]	100	99.8	0.0
BAAHTF010000001.1_252|296513|297394|-1|ID=1_252;partial=00;start_type=ATG;rbs_motif=GGAG/GAGG;rbs_spacer=5-10bp;gc_cont=0.353	WP_001030736.1 MULTISPECIES: N-acetylneuraminate lyase [Staphylococcus]	100	99.7	3.00e-207
BAAHTF010000001.1_253|297510|298412|1|ID=1_253;partial=00;start_type=ATG;rbs_motif=None;rbs_spacer=None;gc_cont=0.370	WP_064646651.1 ROK family protein [Staphylococcus aureus]	98.7	99.7	1.44e-213
BAAHTF010000001.1_254|298689|299489|-1|ID=1_254;partial=00;start_type=ATG;rbs_motif=GGA/GAG/AGG;rbs_spacer=5-10bp;gc_cont=0.335	WP_000667382.1 MULTISPECIES: MurR/RpiR family transcriptional regulator [Staphylococcus]	99.6	99.6	4.35e-182
BAAHTF010000001.1_255|299629|300297|1|ID=1_255;partial=00;start_type=ATG;rbs_motif=GGAG/GAGG;rbs_spacer=5-10bp;gc_cont=0.381	WP_000936718.1 MULTISPECIES: N-acetylmannosamine-6-phosphate 2-epimerase [Staphylococcus]	100	99.6	7.86e-154
BAAHTF010000001.1_256|300428|301789|-1|ID=1_256;partial=00;start_type=ATG;rbs_motif=GGA/GAG/AGG;rbs_spacer=5-10bp;gc_cont=0.359	WP_001077725.1 MULTISPECIES: YjiH family protein [Staphylococcus]	100	96.3	9.81e-299
BAAHTF010000001.1_257|302159|304234|1|ID=1_257;partial=00;start_type=ATG;rbs_motif=GGAG/GAGG;rbs_spacer=5-10bp;gc_cont=0.378	WP_031901816.1 YSIRK domain-containing triacylglycerol lipase Lip2/Geh [Staphylococcus aureus]	98.1	99.9	0.0
BAAHTF010000001.1_258|304476|305303|-1|ID=1_258;partial=00;start_type=GTG;rbs_motif=AGGA/GGAG/GAGG;rbs_spacer=11-12bp;gc_cont=0.341	WP_000136054.1 MULTISPECIES: alpha/beta hydrolase [Staphylococcus]	100	99.6	5.39e-201
BAAHTF010000001.1_259|305376|306575|-1|ID=1_259;partial=00;start_type=ATG;rbs_motif=AGGA;rbs_spacer=5-10bp;gc_cont=0.395	WP_000286459.1 MULTISPECIES: NADH-dependent flavin oxidoreductase [Staphylococcus]	100	99.8	4.50e-292
BAAHTF010000001.1_260|306877|307878|1|ID=1_260;partial=00;start_type=TTG;rbs_motif=GGAG/GAGG;rbs_spacer=5-10bp;gc_cont=0.375	WP_000240063.1 MULTISPECIES: LLM class flavin-dependent oxidoreductase [Staphylococcus]	100	99.7	7.96e-239
BAAHTF010000001.1_261|307912|308244|1|ID=1_261;partial=00;start_type=ATG;rbs_motif=AGGA;rbs_spacer=5-10bp;gc_cont=0.363	WP_000731878.1 MULTISPECIES: glycine cleavage system protein H [Staphylococcus]	100	99.1	9.88e-71
BAAHTF010000001.1_262|308245|309045|1|ID=1_262;partial=00;start_type=ATG;rbs_motif=GGAG/GAGG;rbs_spacer=5-10bp;gc_cont=0.363	WP_000449069.1 MULTISPECIES: protein-ADP-ribose hydrolase [Staphylococcus]	100	99.6	6.25e-191
BAAHTF010000001.1_263|309035|309979|1|ID=1_263;partial=00;start_type=ATG;rbs_motif=AGGAG(G)/GGAGG;rbs_spacer=13-15bp;gc_cont=0.370	WP_001191954.1 MULTISPECIES: SIR2 family NAD-dependent protein deacylase [Staphylococcus]	100	99.7	9.91e-228
BAAHTF010000001.1_264|309957|310979|1|ID=1_264;partial=00;start_type=ATG;rbs_motif=GGAG/GAGG;rbs_spacer=5-10bp;gc_cont=0.341	WP_000280799.1 MULTISPECIES: lipoate--protein ligase [Staphylococcus]	100	99.7	1.14e-246
BAAHTF010000001.1_265|311295|312320|1|ID=1_265;partial=00;start_type=ATG;rbs_motif=AGGAG;rbs_spacer=5-10bp;gc_cont=0.353	WP_001060935.1 MULTISPECIES: SDR family oxidoreductase [Staphylococcus]	100	99.7	8.95e-240
BAAHTF010000001.1_266|312414|313760|-1|ID=1_266;partial=00;start_type=ATG;rbs_motif=AGGAG;rbs_spacer=5-10bp;gc_cont=0.380	WP_001147974.1 MULTISPECIES: PTS ascorbate transporter subunit IIC [Staphylococcus]	100	99.8	7.69e-302
BAAHTF010000001.1_267|313775|314059|-1|ID=1_267;partial=00;start_type=ATG;rbs_motif=AGGAG;rbs_spacer=5-10bp;gc_cont=0.354	WP_000699538.1 MULTISPECIES: PTS sugar transporter subunit IIB [Staphylococcus]	100	98.9	1.65e-57
BAAHTF010000001.1_268|314061|314504|-1|ID=1_268;partial=00;start_type=GTG;rbs_motif=AGGAG;rbs_spacer=5-10bp;gc_cont=0.356	WP_000050760.1 MULTISPECIES: PTS sugar transporter subunit IIA [Staphylococcus]	100	99.3	7.72e-97
BAAHTF010000001.1_269|314509|316464|-1|ID=1_269;partial=00;start_type=TTG;rbs_motif=AGGAG;rbs_spacer=5-10bp;gc_cont=0.347	WP_000954271.1 MULTISPECIES: BglG family transcription antiterminator [Staphylococcus]	100	99.8	0.0
BAAHTF010000001.1_270|316676|317095|1|ID=1_270;partial=00;start_type=ATG;rbs_motif=None;rbs_spacer=None;gc_cont=0.333	WP_000397416.1 MULTISPECIES: multidrug efflux transporter transcriptional repressor MepR [Staphylococcus]	100	99.3	1.47e-88
BAAHTF010000001.1_271|317202|318557|1|ID=1_271;partial=00;start_type=ATG;rbs_motif=AGGAG;rbs_spacer=5-10bp;gc_cont=0.328	WP_000651051.1 MULTISPECIES: multidrug efflux MATE transporter MepA [Staphylococcus]	100	99.8	2.66e-299
BAAHTF010000001.1_272|318661|319119|1|ID=1_272;partial=00;start_type=ATG;rbs_motif=GGA/GAG/AGG;rbs_spacer=5-10bp;gc_cont=0.292	WP_000278313.1 MepB family protein [Staphylococcus aureus]	100	99.3	5.81e-108
BAAHTF010000001.1_273|319183|320541|-1|ID=1_273;partial=00;start_type=ATG;rbs_motif=AGGAG;rbs_spacer=5-10bp;gc_cont=0.371	WP_001010111.1 MULTISPECIES: glycerol-3-phosphate transporter [Staphylococcus]	100	99.8	0.0
BAAHTF010000001.1_274|320790|321779|1|ID=1_274;partial=00;start_type=ATG;rbs_motif=GGA/GAG/AGG;rbs_spacer=5-10bp;gc_cont=0.336	WP_001028200.1 VOC family protein [Staphylococcus aureus]	100	93.3	1.63e-224
BAAHTF010000001.1_275|321793|322854|1|ID=1_275;partial=00;start_type=ATG;rbs_motif=AGGAG;rbs_spacer=5-10bp;gc_cont=0.365	WP_001096113.1 MULTISPECIES: LLM class flavin-dependent oxidoreductase [Staphylococcus]	99.7	99.7	1.07e-253
BAAHTF010000001.1_276|322868|323434|1|ID=1_276;partial=00;start_type=ATG;rbs_motif=AGGAG;rbs_spacer=5-10bp;gc_cont=0.333	WP_001028429.1 MULTISPECIES: NADPH-dependent FMN reductase [Staphylococcus]	100	99.5	9.41e-127
BAAHTF010000001.1_277|323493|324488|-1|ID=1_277;partial=00;start_type=ATG;rbs_motif=AGGAG;rbs_spacer=5-10bp;gc_cont=0.349	WP_000157630.1 MULTISPECIES: YeiH family protein [Staphylococcus]	100	99.7	6.74e-214
BAAHTF010000001.1_278|324553|324858|1|ID=1_278;partial=00;start_type=ATG;rbs_motif=None;rbs_spacer=None;gc_cont=0.369	WP_142279105.1 hypothetical protein [Staphylococcus aureus]	89.1	99.0	1.32e-56
BAAHTF010000001.1_279|324871|325416|1|ID=1_279;partial=00;start_type=ATG;rbs_motif=GGAG/GAGG;rbs_spacer=5-10bp;gc_cont=0.352	WP_000467655.1 MULTISPECIES: GNAT family N-acetyltransferase [Staphylococcus]	100	99.5	1.41e-129
BAAHTF010000001.1_280|325683|326537|1|ID=1_280;partial=00;start_type=ATG;rbs_motif=GGAG/GAGG;rbs_spacer=5-10bp;gc_cont=0.310	WP_000737196.1 MULTISPECIES: iron uptake system protein EfeO [Staphylococcus]	100	99.6	5.92e-173
BAAHTF010000001.1_281|326534|327763|1|ID=1_281;partial=00;start_type=ATG;rbs_motif=None;rbs_spacer=None;gc_cont=0.372	WP_000186223.1 MULTISPECIES: iron uptake transporter deferrochelatase/peroxidase subunit [Staphylococcus]	100	99.8	1.27e-303
BAAHTF010000001.1_282|327744|329456|1|ID=1_282;partial=00;start_type=GTG;rbs_motif=GGAG/GAGG;rbs_spacer=5-10bp;gc_cont=0.343	WP_000683683.1 FTR1 family iron permease [Staphylococcus aureus]	100	99.8	0.0
BAAHTF010000001.1_283|329697|330302|-1|ID=1_283;partial=00;start_type=ATG;rbs_motif=None;rbs_spacer=None;gc_cont=0.338	WP_078098522.1 twin-arginine translocase subunit TatC [Staphylococcus aureus]	100	99.5	8.87e-137
BAAHTF010000001.1_284|330415|330630|-1|ID=1_284;partial=00;start_type=ATG;rbs_motif=GGAG/GAGG;rbs_spacer=5-10bp;gc_cont=0.366	WP_000632273.1 twin-arginine translocase TatA/TatE family subunit [Enterobacter hormaechei]	100	98.6	1.06e-36
BAAHTF010000001.1_285|330738|331127|-1|ID=1_285;partial=00;start_type=ATG;rbs_motif=AGGAG;rbs_spacer=5-10bp;gc_cont=0.331	WP_000886004.1 MULTISPECIES: DUF1398 domain-containing protein [Staphylococcus]	100	99.2	2.84e-88
BAAHTF010000001.1_286|331367|331570|1|ID=1_286;partial=00;start_type=GTG;rbs_motif=AGGAG;rbs_spacer=5-10bp;gc_cont=0.397	WP_001246008.1 MULTISPECIES: helix-turn-helix transcriptional regulator [Staphylococcus]	100	98.5	9.36e-36
BAAHTF010000001.1_287|331567|332280|1|ID=1_287;partial=00;start_type=ATG;rbs_motif=AGGAG;rbs_spacer=5-10bp;gc_cont=0.317	WP_374731422.1 DUF3169 family protein [Staphylococcus aureus]	98.7	99.6	6.67e-142
BAAHTF010000001.1_288|332305|332559|1|ID=1_288;partial=00;start_type=ATG;rbs_motif=AGGAG;rbs_spacer=5-10bp;gc_cont=0.333	WP_419719088.1 ATP-binding cassette domain-containing protein, partial [Staphylococcus aureus]	100	91.8	8.13e-47
BAAHTF010000001.1_289|332510|333148|1|ID=1_289;partial=00;start_type=ATG;rbs_motif=GGAG/GAGG;rbs_spacer=5-10bp;gc_cont=0.316	WP_419719205.1 ATP-binding cassette domain-containing protein, partial [Staphylococcus aureus]	99.5	95.8	1.39e-138
BAAHTF010000001.1_290|333148|333777|1|ID=1_290;partial=00;start_type=ATG;rbs_motif=GGAG/GAGG;rbs_spacer=5-10bp;gc_cont=0.325	WP_000677725.1 MULTISPECIES: ABC-2 transporter permease [Staphylococcus]	100	99.5	8.56e-122
BAAHTF010000001.1_291|334164|335297|-1|ID=1_291;partial=00;start_type=ATG;rbs_motif=AGGAG;rbs_spacer=5-10bp;gc_cont=0.317	WP_000245682.1 MULTISPECIES: low temperature requirement protein A [Staphylococcus]	100	99.7	8.60e-263
BAAHTF010000001.1_292|335836|337017|1|ID=1_292;partial=00;start_type=ATG;rbs_motif=AGGA/GGAG/GAGG;rbs_spacer=11-12bp;gc_cont=0.385	WP_000199066.1 MULTISPECIES: acetyl-CoA C-acetyltransferase [Staphylococcus]	100	99.7	1.72e-277
BAAHTF010000001.1_293|337100|337852|-1|ID=1_293;partial=00;start_type=ATG;rbs_motif=None;rbs_spacer=None;gc_cont=0.373	WP_000195907.1 MULTISPECIES: cyclase family protein [Staphylococcus]	100	99.6	3.36e-187
BAAHTF010000001.1_294|337895|340123|-1|ID=1_294;partial=00;start_type=ATG;rbs_motif=AGGAG;rbs_spacer=5-10bp;gc_cont=0.343	WP_000207622.1 5-methyltetrahydropteroyltriglutamate--homocysteine S-methyltransferase [Staphylococcus aureus]	100	99.9	0.0
BAAHTF010000001.1_295|340120|341961|-1|ID=1_295;partial=00;start_type=ATG;rbs_motif=AGGAG;rbs_spacer=5-10bp;gc_cont=0.362	WP_000077317.1 MULTISPECIES: bifunctional homocysteine S-methyltransferase/methylenetetrahydrofolate reductase [Staphylococcus]	100	99.8	0.0
BAAHTF010000001.1_296|341930|343090|-1|ID=1_296;partial=00;start_type=ATG;rbs_motif=GGAG/GAGG;rbs_spacer=5-10bp;gc_cont=0.379	WP_000175854.1 MULTISPECIES: cystathionine beta-lyase MetC [Staphylococcus]	100	99.7	1.35e-275
BAAHTF010000001.1_297|343087|344190|-1|ID=1_297;partial=00;start_type=ATG;rbs_motif=AGGAG;rbs_spacer=5-10bp;gc_cont=0.354	WP_000655692.1 MULTISPECIES: PLP-dependent transferase [Staphylococcus]	100	99.7	3.78e-261
BAAHTF010000001.1_299|344852|345697|1|ID=1_299;partial=00;start_type=GTG;rbs_motif=None;rbs_spacer=None;gc_cont=0.338	WP_025175307.1 ParB/RepB/Spo0J family partition protein [Staphylococcus aureus]	100	99.6	7.78e-188
BAAHTF010000001.1_300|345863|346732|1|ID=1_300;partial=00;start_type=ATG;rbs_motif=GGA/GAG/AGG;rbs_spacer=5-10bp;gc_cont=0.314	WP_242414256.1 mechanosensitive ion channel family protein [Staphylococcus aureus]	100	99.7	2.01e-148
BAAHTF010000001.1_301|346762|346965|1|ID=1_301;partial=00;start_type=ATG;rbs_motif=GGAG/GAGG;rbs_spacer=5-10bp;gc_cont=0.309	WP_000157348.1 MULTISPECIES: DUF951 domain-containing protein [Staphylococcus]	100	98.5	8.59e-41
BAAHTF010000001.1_302|346977|348074|1|ID=1_302;partial=00;start_type=ATG;rbs_motif=AGGAG;rbs_spacer=5-10bp;gc_cont=0.353	WP_001218732.1 MULTISPECIES: redox-regulated ATPase YchF [Staphylococcus]	100	99.7	2.44e-256
BAAHTF010000001.1_303|348160|348351|-1|ID=1_303;partial=00;start_type=ATG;rbs_motif=GGAG/GAGG;rbs_spacer=5-10bp;gc_cont=0.328	WP_001052484.1 MULTISPECIES: hypothetical protein [Bacteria]	100	98.4	6.50e-41
BAAHTF010000001.1_304|348595|348891|1|ID=1_304;partial=00;start_type=ATG;rbs_motif=AGGAG(G)/GGAGG;rbs_spacer=13-15bp;gc_cont=0.380	WP_001261460.1 MULTISPECIES: 30S ribosomal protein S6 [Bacteria]	100	99.0	3.52e-63
BAAHTF010000001.1_305|348912|349415|1|ID=1_305;partial=00;start_type=ATG;rbs_motif=GGAG/GAGG;rbs_spacer=5-10bp;gc_cont=0.383	WP_061839556.1 single-stranded DNA-binding protein [Staphylococcus aureus]	91.6	99.4	1.08e-99
BAAHTF010000001.1_306|349467|349709|1|ID=1_306;partial=00;start_type=ATG;rbs_motif=AGGAG;rbs_spacer=5-10bp;gc_cont=0.370	WP_000897044.1 MULTISPECIES: 30S ribosomal protein S18 [Bacteria]	100	98.8	3.02e-49
BAAHTF010000001.1_307|349986|350960|-1|ID=1_307;partial=00;start_type=TTG;rbs_motif=GGAG/GAGG;rbs_spacer=5-10bp;gc_cont=0.280	WP_001817700.1 MULTISPECIES: Abi family protein [Staphylococcus]	100	96.0	7.65e-225
BAAHTF010000001.1_308|351257|351385|-1|ID=1_308;partial=00;start_type=ATG;rbs_motif=GGA/GAG/AGG;rbs_spacer=5-10bp;gc_cont=0.380	WP_326024596.1 tyrosine-type recombinase/integrase [Staphylococcus saprophyticus]	79.4	79.1	5.24e-06
BAAHTF010000001.1_309|351382|351522|-1|ID=1_309;partial=00;start_type=ATG;rbs_motif=None;rbs_spacer=None;gc_cont=0.326	WP_000237577.1 integrase [Staphylococcus aureus]	100	97.9	1.48e-24
BAAHTF010000001.1_310|351882|352493|1|ID=1_310;partial=00;start_type=ATG;rbs_motif=AGGAG;rbs_spacer=5-10bp;gc_cont=0.299	WP_000475325.1 MULTISPECIES: staphylococcal enterotoxin-like toxin X [Staphylococcus]	100	99.5	2.77e-140
BAAHTF010000001.1_312|352862|353230|1|ID=1_312;partial=00;start_type=TTG;rbs_motif=GGAG/GAGG;rbs_spacer=5-10bp;gc_cont=0.317	WP_000849163.1 MULTISPECIES: YxeA family protein [Staphylococcus]	100	99.2	5.66e-78
BAAHTF010000001.1_313|353411|353983|1|ID=1_313;partial=00;start_type=ATG;rbs_motif=GGA/GAG/AGG;rbs_spacer=5-10bp;gc_cont=0.309	WP_000769722.1 MULTISPECIES: PepSY domain-containing protein [Staphylococcus]	100	99.5	1.18e-121
BAAHTF010000001.1_314|354120|354383|-1|ID=1_314;partial=00;start_type=ATG;rbs_motif=GGAG/GAGG;rbs_spacer=5-10bp;gc_cont=0.295	WP_001055897.1 MULTISPECIES: helix-turn-helix domain-containing protein [Staphylococcus]	100	98.9	1.21e-58
BAAHTF010000001.1_315|354683|354934|1|ID=1_315;partial=00;start_type=ATG;rbs_motif=AGGAG;rbs_spacer=5-10bp;gc_cont=0.369	WP_050963020.1 GlsB/YeaQ/YmgE family stress response membrane protein [Staphylococcus aureus]	84.3	98.8	1.47e-37
BAAHTF010000001.1_316|354973|355182|-1|ID=1_316;partial=00;start_type=ATG;rbs_motif=None;rbs_spacer=None;gc_cont=0.271	WP_000211677.1 MULTISPECIES: hypothetical protein [Staphylococcus]	100	98.6	2.94e-42
BAAHTF010000001.1_317|355360|355941|1|ID=1_317;partial=00;start_type=ATG;rbs_motif=AGGAG;rbs_spacer=5-10bp;gc_cont=0.320	WP_000158375.1 MULTISPECIES: histidine phosphatase family protein [Staphylococcus]	100	99.5	1.50e-139
BAAHTF010000001.1_318|356007|356393|-1|ID=1_318;partial=00;start_type=ATG;rbs_motif=AGGA;rbs_spacer=5-10bp;gc_cont=0.310	WP_000868259.1 hypothetical protein [Staphylococcus aureus]	100	98.4	1.93e-74
BAAHTF010000001.1_319|356452|356547|1|ID=1_319;partial=00;start_type=ATG;rbs_motif=GGA/GAG/AGG;rbs_spacer=5-10bp;gc_cont=0.333	WP_001249531.1 hypothetical protein [Staphylococcus aureus]	100	90.6	2.35e-11
BAAHTF010000001.1_320|356660|357094|-1|ID=1_320;partial=00;start_type=ATG;rbs_motif=None;rbs_spacer=None;gc_cont=0.292	WP_419655166.1 NDxxF motif lipoprotein, partial [Staphylococcus aureus]	100	99.3	7.47e-93
BAAHTF010000001.1_321|357363|357608|-1|ID=1_321;partial=00;start_type=ATG;rbs_motif=None;rbs_spacer=None;gc_cont=0.329	WP_001795623.1 hypothetical protein [Staphylococcus aureus]	94.4	87.8	3.69e-40
BAAHTF010000001.1_322|357734|359257|-1|ID=1_322;partial=00;start_type=ATG;rbs_motif=AGGAGG;rbs_spacer=5-10bp;gc_cont=0.380	WP_000930511.1 alkyl hydroperoxide reductase subunit F [Staphylococcus aureus]	100	99.8	0.0
BAAHTF010000001.1_323|359273|359842|-1|ID=1_323;partial=00;start_type=ATG;rbs_motif=AGGAG;rbs_spacer=5-10bp;gc_cont=0.370	WP_000052781.1 MULTISPECIES: alkyl hydroperoxide reductase subunit C [Staphylococcus]	100	99.5	3.05e-137
BAAHTF010000001.1_324|360334|361089|1|ID=1_324;partial=00;start_type=GTG;rbs_motif=AGGAG;rbs_spacer=5-10bp;gc_cont=0.374	WP_001287099.1 MULTISPECIES: oxygen-insensitive NADPH nitroreductase [Staphylococcus]	100	99.6	2.08e-177
BAAHTF010000001.1_325|361169|362557|-1|ID=1_325;partial=00;start_type=ATG;rbs_motif=AGGAG;rbs_spacer=5-10bp;gc_cont=0.393	WP_000991018.1 MULTISPECIES: L-cystine transporter [Staphylococcus]	100	99.8	3.71e-307
BAAHTF010000001.1_326|363511|364728|-1|ID=1_326;partial=00;start_type=ATG;rbs_motif=AGGAG;rbs_spacer=5-10bp;gc_cont=0.374	WP_001291561.1 MULTISPECIES: tyrosine-type recombinase/integrase [Bacteria]	100	99.8	1.02e-291
BAAHTF010000001.1_327|364810|365013|-1|ID=1_327;partial=00;start_type=ATG;rbs_motif=AGGAG;rbs_spacer=5-10bp;gc_cont=0.348	WP_000814511.1 MULTISPECIES: excisionase [Bacteria]	100	98.5	1.01e-39
BAAHTF010000001.1_328|365474|365704|-1|ID=1_328;partial=00;start_type=ATG;rbs_motif=GGAG/GAGG;rbs_spacer=5-10bp;gc_cont=0.372	WP_000857133.1 MULTISPECIES: helix-turn-helix domain-containing protein [Bacteria]	100	98.7	1.54e-47
BAAHTF010000001.1_329|365701|366123|-1|ID=1_329;partial=00;start_type=ATG;rbs_motif=AGxAGG/AGGxGG;rbs_spacer=5-10bp;gc_cont=0.378	WP_000804885.1 MULTISPECIES: sigma-70 family RNA polymerase sigma factor [Bacteria]	100	99.3	1.21e-92
BAAHTF010000001.1_330|366080|366268|-1|ID=1_330;partial=00;start_type=ATG;rbs_motif=None;rbs_spacer=None;gc_cont=0.370	WP_414380329.1 hypothetical protein, partial [Streptococcus sanguinis]	100	98.4	4.00e-37
BAAHTF010000001.1_331|366629|366982|1|ID=1_331;partial=00;start_type=ATG;rbs_motif=GGAG/GAGG;rbs_spacer=5-10bp;gc_cont=0.364	WP_001227347.1 MULTISPECIES: helix-turn-helix transcriptional regulator [Bacteria]	100	99.2	8.87e-75
