BAAHTT010000002.1_1|2|1120|1|ID=1_1;partial=10;start_type=Edge;rbs_motif=None;rbs_spacer=None;gc_cont=0.275	WP_000566666.1 MULTISPECIES: MrcB family domain-containing protein [Staphylococcus]	98.7	99.7	9.80e-264
BAAHTT010000002.1_2|1596|2225|-1|ID=1_2;partial=00;start_type=ATG;rbs_motif=None;rbs_spacer=None;gc_cont=0.297	WP_216805812.1 DDE-type integrase/transposase/recombinase, partial [Staphylococcus aureus]	100	99.5	9.35e-144
BAAHTT010000002.1_3|2393|2503|-1|ID=1_3;partial=00;start_type=ATG;rbs_motif=None;rbs_spacer=None;gc_cont=0.342	WP_000251972.1 helix-turn-helix domain-containing protein [Staphylococcus aureus]	100	97.3	1.07e-19
BAAHTT010000002.1_4|2879|3604|1|ID=1_4;partial=00;start_type=ATG;rbs_motif=AGGAG;rbs_spacer=5-10bp;gc_cont=0.260	WP_000608674.1 MULTISPECIES: staphylococcal enterotoxin type H [Staphylococcus]	100	99.6	3.19e-167
BAAHTT010000002.1_5|4171|4359|1|ID=1_5;partial=00;start_type=ATG;rbs_motif=None;rbs_spacer=None;gc_cont=0.238	WP_411393032.1 exotoxin beta-grasp domain-containing protein [Staphylococcus aureus]	100	98.4	2.49e-37
BAAHTT010000002.1_6|4500|4973|1|ID=1_6;partial=00;start_type=TTG;rbs_motif=AGxAG;rbs_spacer=5-10bp;gc_cont=0.281	WP_000455974.1 MULTISPECIES: GNAT family N-acetyltransferase [Staphylococcus]	100	99.4	1.65e-105
BAAHTT010000002.1_7|5078|5173|-1|ID=1_7;partial=00;start_type=ATG;rbs_motif=None;rbs_spacer=None;gc_cont=0.375	WP_078071968.1 tRNA-dihydrouridine synthase, partial [Staphylococcus aureus]	100	90.6	9.45e-09
BAAHTT010000002.1_8|5524|6279|-1|ID=1_8;partial=00;start_type=ATG;rbs_motif=None;rbs_spacer=None;gc_cont=0.315	WP_000355844.1 MULTISPECIES: sulfite exporter TauE/SafE family protein [Staphylococcus]	100	99.6	2.75e-157
BAAHTT010000002.1_9|6279|6539|-1|ID=1_9;partial=00;start_type=ATG;rbs_motif=GGAG/GAGG;rbs_spacer=5-10bp;gc_cont=0.310	WP_001105087.1 MULTISPECIES: persulfide-sensing transcriptional repressor CstR [Staphylococcus]	100	98.9	1.96e-50
BAAHTT010000002.1_10|6676|7743|1|ID=1_10;partial=00;start_type=ATG;rbs_motif=GGAG/GAGG;rbs_spacer=5-10bp;gc_cont=0.318	WP_000816129.1 MULTISPECIES: persulfide response sulfurtransferase CstA [Staphylococcus]	100	99.7	4.88e-251
BAAHTT010000002.1_11|7774|9108|1|ID=1_11;partial=00;start_type=ATG;rbs_motif=AGGAG;rbs_spacer=5-10bp;gc_cont=0.336	WP_000465472.1 MULTISPECIES: persulfide dioxygenase-sulfurtransferase CstB [Staphylococcus]	100	99.8	0.0
BAAHTT010000002.1_12|9127|10320|1|ID=1_12;partial=00;start_type=ATG;rbs_motif=AGGA;rbs_spacer=5-10bp;gc_cont=0.326	WP_001033018.1 MULTISPECIES: type II sulfide:quinone oxidoreductase Sqr [Staphylococcus]	100	99.7	1.78e-297
BAAHTT010000002.1_13|10987|11973|-1|ID=1_13;partial=00;start_type=ATG;rbs_motif=None;rbs_spacer=None;gc_cont=0.389	WP_000662031.1 MULTISPECIES: tRNA dihydrouridine synthase [Staphylococcus]	100	99.7	1.88e-239
BAAHTT010000002.1_14|12282|12485|1|ID=1_14;partial=00;start_type=ATG;rbs_motif=GGA/GAG/AGG;rbs_spacer=5-10bp;gc_cont=0.265	WP_000398679.1 MULTISPECIES: DUF6007 family protein [Staphylococcus]	100	98.5	4.80e-38
BAAHTT010000002.1_15|12534|12830|1|ID=1_15;partial=00;start_type=ATG;rbs_motif=AGGAG;rbs_spacer=5-10bp;gc_cont=0.316	WP_000201640.1 MULTISPECIES: TfoX/Sxy family protein [Staphylococcus]	100	99.0	3.52e-63
BAAHTT010000002.1_16|12902|14122|-1|ID=1_16;partial=00;start_type=ATG;rbs_motif=GGA/GAG/AGG;rbs_spacer=5-10bp;gc_cont=0.290	WP_000130763.1 MULTISPECIES: MFS transporter [Staphylococcus]	100	99.8	6.16e-273
BAAHTT010000002.1_17|14115|14666|-1|ID=1_17;partial=00;start_type=ATG;rbs_motif=AGGAG;rbs_spacer=5-10bp;gc_cont=0.312	WP_000627024.1 MULTISPECIES: flavodoxin family protein [Staphylococcus]	100	99.5	9.51e-129
BAAHTT010000002.1_18|14779|15639|1|ID=1_18;partial=00;start_type=TTG;rbs_motif=AGGAG;rbs_spacer=5-10bp;gc_cont=0.276	WP_001052510.1 MULTISPECIES: LysR family transcriptional regulator [Staphylococcus]	100	99.7	2.35e-196
BAAHTT010000002.1_19|15994|16527|-1|ID=1_19;partial=00;start_type=ATG;rbs_motif=AGxAGG/AGGxGG;rbs_spacer=5-10bp;gc_cont=0.262	WP_000543163.1 MULTISPECIES: DUF4865 family protein [Staphylococcus]	100	99.4	2.35e-126
BAAHTT010000002.1_20|16618|17361|1|ID=1_20;partial=00;start_type=GTG;rbs_motif=None;rbs_spacer=None;gc_cont=0.262	WP_001793250.1 MULTISPECIES: LysR family transcriptional regulator [Staphylococcus]	100	99.6	3.56e-167
BAAHTT010000002.1_21|17795|18397|1|ID=1_21;partial=00;start_type=ATG;rbs_motif=GGA/GAG/AGG;rbs_spacer=5-10bp;gc_cont=0.299	WP_000908953.1 MULTISPECIES: hypothetical protein [Staphylococcus]	100	99.5	4.40e-131
BAAHTT010000002.1_22|18664|21816|1|ID=1_22;partial=00;start_type=ATG;rbs_motif=GGA/GAG/AGG;rbs_spacer=5-10bp;gc_cont=0.313	WP_261921445.1 DEAD/DEAH box helicase [Staphylococcus aureus]	100	99.9	0.0
BAAHTT010000002.1_23|21873|22355|1|ID=1_23;partial=00;start_type=ATG;rbs_motif=None;rbs_spacer=None;gc_cont=0.321	WP_000410568.1 MULTISPECIES: hypothetical protein [Staphylococcus]	100	99.4	4.67e-102
BAAHTT010000002.1_24|22560|23546|1|ID=1_24;partial=00;start_type=ATG;rbs_motif=AGxAG;rbs_spacer=5-10bp;gc_cont=0.332	WP_000710575.1 MULTISPECIES: phosphatidylinositol-specific phospholipase C [Staphylococcus]	100	99.7	2.67e-239
BAAHTT010000002.1_25|23767|24537|1|ID=1_25;partial=00;start_type=ATG;rbs_motif=GGA/GAG/AGG;rbs_spacer=5-10bp;gc_cont=0.294	WP_000977768.1 tandem-type lipoprotein [Staphylococcus aureus]	100	99.6	1.65e-181
BAAHTT010000002.1_26|24556|25359|1|ID=1_26;partial=00;start_type=ATG;rbs_motif=None;rbs_spacer=None;gc_cont=0.284	WP_000597213.1 MULTISPECIES: tandem-type lipoprotein [Staphylococcus]	100	95.5	1.01e-178
BAAHTT010000002.1_27|25638|26402|1|ID=1_27;partial=00;start_type=GTG;rbs_motif=GGA/GAG/AGG;rbs_spacer=5-10bp;gc_cont=0.275	WP_001793247.1 MULTISPECIES: tandem-type lipoprotein [Staphylococcus]	100	99.6	1.72e-182
BAAHTT010000002.1_28|26405|27781|1|ID=1_28;partial=00;start_type=ATG;rbs_motif=GGAG/GAGG;rbs_spacer=5-10bp;gc_cont=0.339	WP_001029555.1 MULTISPECIES: hypothetical protein [Staphylococcus]	100	99.8	0.0
BAAHTT010000002.1_29|27778|28107|1|ID=1_29;partial=00;start_type=ATG;rbs_motif=GGA/GAG/AGG;rbs_spacer=5-10bp;gc_cont=0.276	WP_001804823.1 MULTISPECIES: hypothetical protein [Staphylococcus]	100	98.2	4.58e-64
BAAHTT010000002.1_30|28111|28422|1|ID=1_30;partial=00;start_type=ATG;rbs_motif=AGGA/GGAG/GAGG;rbs_spacer=11-12bp;gc_cont=0.321	WP_000512631.1 MULTISPECIES: hypothetical protein [Staphylococcus]	100	99.0	1.91e-67
BAAHTT010000002.1_32|28674|30911|1|ID=1_32;partial=00;start_type=ATG;rbs_motif=GGAG/GAGG;rbs_spacer=5-10bp;gc_cont=0.336	WP_001188468.1 MULTISPECIES: transcriptional regulator AryK [Staphylococcus]	100	99.9	0.0
BAAHTT010000002.1_33|31062|32240|1|ID=1_33;partial=00;start_type=ATG;rbs_motif=AGGAG;rbs_spacer=5-10bp;gc_cont=0.370	WP_001075820.1 MULTISPECIES: M20 family metallopeptidase [Staphylococcus]	100	99.7	3.96e-287
BAAHTT010000002.1_34|32242|33630|1|ID=1_34;partial=00;start_type=ATG;rbs_motif=AGGAG;rbs_spacer=5-10bp;gc_cont=0.371	WP_001006425.1 MULTISPECIES: multidrug efflux MFS transporter NorC [Staphylococcus]	100	99.8	4.05e-311
BAAHTT010000002.1_35|34117|35784|-1|ID=1_35;partial=00;start_type=ATG;rbs_motif=GGAG/GAGG;rbs_spacer=5-10bp;gc_cont=0.358	WP_001800966.1 MULTISPECIES: Na/Pi cotransporter family protein [Staphylococcus]	100	99.5	0.0
BAAHTT010000002.1_36|36102|37877|-1|ID=1_36;partial=00;start_type=ATG;rbs_motif=AGGA;rbs_spacer=5-10bp;gc_cont=0.358	WP_000291838.1 MULTISPECIES: oleate hydratase [Staphylococcus]	100	99.8	0.0
BAAHTT010000002.1_37|38228|38701|1|ID=1_37;partial=00;start_type=ATG;rbs_motif=GGAG/GAGG;rbs_spacer=5-10bp;gc_cont=0.297	WP_000036329.1 MULTISPECIES: DUF1648 domain-containing protein [Staphylococcus]	100	99.4	8.49e-108
BAAHTT010000002.1_38|38963|40555|1|ID=1_38;partial=00;start_type=ATG;rbs_motif=GGAG/GAGG;rbs_spacer=5-10bp;gc_cont=0.346	WP_000173904.1 MULTISPECIES: L-lactate permease [Staphylococcus]	100	99.8	0.0
BAAHTT010000002.1_39|40884|42302|-1|ID=1_39;partial=00;start_type=ATG;rbs_motif=None;rbs_spacer=None;gc_cont=0.372	WP_049882064.1 staphylococcal protein A [Staphylococcus aureus]	99.8	99.8	6.92e-285
BAAHTT010000002.1_40|42687|43439|-1|ID=1_40;partial=00;start_type=ATG;rbs_motif=AGGAG;rbs_spacer=5-10bp;gc_cont=0.276	WP_000876756.1 MULTISPECIES: HTH-type transcriptional regulator SarS [Staphylococcus]	100	99.6	3.84e-168
BAAHTT010000002.1_41|43808|44806|-1|ID=1_41;partial=00;start_type=ATG;rbs_motif=AGGA/GGAG/GAGG;rbs_spacer=11-12bp;gc_cont=0.371	WP_000136643.1 MULTISPECIES: staphyloferrin B ABC transporter permease subunit SirC [Staphylococcus]	100	99.7	2.43e-212
BAAHTT010000002.1_42|44803|45798|-1|ID=1_42;partial=00;start_type=ATG;rbs_motif=AGGAG;rbs_spacer=5-10bp;gc_cont=0.387	WP_000924993.1 MULTISPECIES: staphyloferrin B ABC transporter permease subunit SirB [Staphylococcus]	100	99.7	7.19e-209
BAAHTT010000002.1_43|45814|46806|-1|ID=1_43;partial=00;start_type=ATG;rbs_motif=AGGA/GGAG/GAGG;rbs_spacer=11-12bp;gc_cont=0.323	WP_001045111.1 MULTISPECIES: staphyloferrin B ABC transporter substrate-binding protein SirA [Staphylococcus]	100	99.7	1.25e-229
BAAHTT010000002.1_44|47037|48017|1|ID=1_44;partial=00;start_type=TTG;rbs_motif=AGGAG;rbs_spacer=5-10bp;gc_cont=0.368	WP_000570808.1 MULTISPECIES: 2,3-diaminopropionate biosynthesis protein SbnA [Staphylococcus]	100	99.7	1.27e-236
BAAHTT010000002.1_45|48014|49024|1|ID=1_45;partial=00;start_type=ATG;rbs_motif=AGGAG;rbs_spacer=5-10bp;gc_cont=0.374	WP_001078456.1 MULTISPECIES: N-[(2S)-2-amino-2-carboxyethyl]-L-glutamate dehydrogenase SbnB [Staphylococcus]	100	99.7	9.37e-244
BAAHTT010000002.1_46|49045|50799|1|ID=1_46;partial=00;start_type=TTG;rbs_motif=GGAG/GAGG;rbs_spacer=5-10bp;gc_cont=0.356	WP_001179388.1 MULTISPECIES: staphyloferrin B biosynthesis protein SbnC [Staphylococcus]	100	99.8	0.0
BAAHTT010000002.1_47|50792|52048|1|ID=1_47;partial=00;start_type=ATG;rbs_motif=None;rbs_spacer=None;gc_cont=0.391	WP_000610051.1 MULTISPECIES: staphyloferrin B export MFS transporter [Staphylococcus]	100	99.8	4.29e-286
BAAHTT010000002.1_48|52038|53774|1|ID=1_48;partial=00;start_type=GTG;rbs_motif=None;rbs_spacer=None;gc_cont=0.367	WP_001179888.1 MULTISPECIES: L-2,3-diaminopropanoate--citrate ligase SbnE [Staphylococcus]	100	99.8	0.0
BAAHTT010000002.1_49|53755|55533|1|ID=1_49;partial=00;start_type=GTG;rbs_motif=AGGAG;rbs_spacer=5-10bp;gc_cont=0.360	WP_078368440.1 3-(L-alanin-3-ylcarbamoyl)-2-[(2-aminoethylcarbamoyl)methyl]-2-hydroxypropanoate synthase SbnF [Staphylococcus aureus]	100	99.7	0.0
BAAHTT010000002.1_50|55505|56284|1|ID=1_50;partial=00;start_type=ATG;rbs_motif=AGGAG;rbs_spacer=5-10bp;gc_cont=0.401	WP_001186804.1 MULTISPECIES: staphyloferrin B biosynthesis citrate synthase SbnG [Staphylococcus]	100	99.2	3.32e-180
BAAHTT010000002.1_51|56284|57486|1|ID=1_51;partial=00;start_type=ATG;rbs_motif=GGA/GAG/AGG;rbs_spacer=5-10bp;gc_cont=0.364	WP_001223697.1 MULTISPECIES: staphyloferrin B biosynthesis decarboxylase SbnH [Staphylococcus]	100	99.8	1.47e-302
BAAHTT010000002.1_52|57490|58254|1|ID=1_52;partial=00;start_type=TTG;rbs_motif=AGGA;rbs_spacer=5-10bp;gc_cont=0.373	WP_001015549.1 MULTISPECIES: bifunctional transcriptional regulator/O-phospho-L-serine synthase SbnI [Staphylococcus]	100	99.6	8.58e-192
BAAHTT010000002.1_53|58450|58857|1|ID=1_53;partial=00;start_type=ATG;rbs_motif=GGA/GAG/AGG;rbs_spacer=5-10bp;gc_cont=0.294	WP_000094898.1 MULTISPECIES: hypothetical protein [Staphylococcus]	100	99.3	5.60e-82
BAAHTT010000002.1_54|58907|59617|1|ID=1_54;partial=00;start_type=ATG;rbs_motif=GGA/GAG/AGG;rbs_spacer=5-10bp;gc_cont=0.308	WP_123213148.1 MFS transporter [Staphylococcus aureus]	99.5	79.7	5.47e-111
BAAHTT010000002.1_55|59744|60520|1|ID=1_55;partial=00;start_type=ATG;rbs_motif=AGGAG;rbs_spacer=5-10bp;gc_cont=0.408	WP_117179539.1 (S)-acetoin forming diacetyl reductase [Staphylococcus aureus]	99.2	99.6	2.18e-162
BAAHTT010000002.1_56|60865|61836|1|ID=1_56;partial=00;start_type=TTG;rbs_motif=GGAG/GAGG;rbs_spacer=5-10bp;gc_cont=0.319	WP_000442712.1 NAD-dependent epimerase/dehydratase family protein [Staphylococcus aureus]	100	99.7	1.86e-232
BAAHTT010000002.1_57|61799|62491|1|ID=1_57;partial=00;start_type=TTG;rbs_motif=GGAG/GAGG;rbs_spacer=5-10bp;gc_cont=0.346	WP_117200942.1 sugar transferase [Staphylococcus aureus]	100	99.6	2.84e-160
BAAHTT010000002.1_58|62701|63867|1|ID=1_58;partial=00;start_type=TTG;rbs_motif=GGA/GAG/AGG;rbs_spacer=11-12bp;gc_cont=0.332	WP_000692489.1 MULTISPECIES: glycosyltransferase family 4 protein [Staphylococcus]	100	99.7	1.72e-279
BAAHTT010000002.1_59|63848|65086|1|ID=1_59;partial=00;start_type=ATG;rbs_motif=GGA/GAG/AGG;rbs_spacer=11-12bp;gc_cont=0.302	WP_117200944.1 O-antigen ligase family protein [Staphylococcus aureus]	100	99.8	3.43e-273
BAAHTT010000002.1_60|65076|66506|1|ID=1_60;partial=00;start_type=ATG;rbs_motif=GGA/GAG/AGG;rbs_spacer=5-10bp;gc_cont=0.317	WP_000834090.1 MULTISPECIES: oligosaccharide flippase family protein [Staphylococcus]	100	99.8	3.10e-313
BAAHTT010000002.1_61|66774|67373|1|ID=1_61;partial=00;start_type=ATG;rbs_motif=AGGAG;rbs_spacer=5-10bp;gc_cont=0.353	WP_000874681.1 MULTISPECIES: superoxide dismutase [Staphylococcus]	100	99.5	2.49e-150
BAAHTT010000002.1_62|67741|68466|1|ID=1_62;partial=00;start_type=ATG;rbs_motif=GGA/GAG/AGG;rbs_spacer=5-10bp;gc_cont=0.351	WP_061823604.1 LPXTG cell wall anchor domain-containing protein [Staphylococcus aureus]	86.7	99.6	4.53e-123
BAAHTT010000002.1_63|68657|69412|-1|ID=1_63;partial=00;start_type=ATG;rbs_motif=None;rbs_spacer=None;gc_cont=0.357	WP_001789411.1 MULTISPECIES: GntR family transcriptional regulator [Staphylococcus]	100	99.6	3.35e-183
BAAHTT010000002.1_64|69648|70355|1|ID=1_64;partial=00;start_type=ATG;rbs_motif=GGAG/GAGG;rbs_spacer=5-10bp;gc_cont=0.374	WP_000843294.1 MULTISPECIES: purine-nucleoside phosphorylase [Staphylococcus]	100	99.6	4.05e-167
BAAHTT010000002.1_65|70362|71714|1|ID=1_65;partial=00;start_type=ATG;rbs_motif=None;rbs_spacer=None;gc_cont=0.322	WP_001100294.1 MULTISPECIES: tetracycline efflux MFS transporter Tet(38) [Staphylococcus]	100	99.8	1.30e-294
BAAHTT010000002.1_66|71795|72457|1|ID=1_66;partial=00;start_type=ATG;rbs_motif=AGGAG;rbs_spacer=5-10bp;gc_cont=0.398	WP_000667279.1 MULTISPECIES: deoxyribose-phosphate aldolase [Staphylococcus]	100	99.5	8.46e-148
BAAHTT010000002.1_67|72485|73663|1|ID=1_67;partial=00;start_type=ATG;rbs_motif=GGAG/GAGG;rbs_spacer=5-10bp;gc_cont=0.368	WP_000197806.1 MULTISPECIES: phosphopentomutase [Staphylococcus]	100	99.7	4.49e-293
BAAHTT010000002.1_68|73773|74588|-1|ID=1_68;partial=00;start_type=ATG;rbs_motif=AGGA/GGAG/GAGG;rbs_spacer=11-12bp;gc_cont=0.369	WP_000191089.1 MULTISPECIES: phosphonate ABC transporter, permease protein PhnE [Staphylococcus]	100	99.6	8.33e-178
BAAHTT010000002.1_69|74585|75385|-1|ID=1_69;partial=00;start_type=ATG;rbs_motif=AGGAG;rbs_spacer=5-10bp;gc_cont=0.345	WP_001127863.1 MULTISPECIES: phosphonate ABC transporter, permease protein PhnE [Staphylococcus]	100	99.6	3.99e-178
BAAHTT010000002.1_70|75387|76160|-1|ID=1_70;partial=00;start_type=ATG;rbs_motif=GGA/GAG/AGG;rbs_spacer=5-10bp;gc_cont=0.351	WP_000078092.1 MULTISPECIES: phosphonate ABC transporter ATP-binding protein [Staphylococcus]	100	99.6	6.96e-179
BAAHTT010000002.1_71|76374|77330|-1|ID=1_71;partial=00;start_type=ATG;rbs_motif=GGA/GAG/AGG;rbs_spacer=5-10bp;gc_cont=0.311	WP_000713597.1 MULTISPECIES: phosphate/phosphite/phosphonate ABC transporter substrate-binding protein [Staphylococcus]	100	99.7	3.01e-215
BAAHTT010000002.1_73|77559|79103|1|ID=1_73;partial=00;start_type=ATG;rbs_motif=AGGAG;rbs_spacer=5-10bp;gc_cont=0.368	WP_072527587.1 DNA-binding protein [Staphylococcus aureus]	99.8	99.8	0.0
BAAHTT010000002.1_74|79154|80689|1|ID=1_74;partial=00;start_type=ATG;rbs_motif=AGGAG;rbs_spacer=5-10bp;gc_cont=0.365	WP_000065036.1 MULTISPECIES: bifunctional metallophosphatase/5'-nucleotidase [Staphylococcus]	100	99.8	0.0
BAAHTT010000002.1_75|80776|80970|1|ID=1_75;partial=00;start_type=ATG;rbs_motif=None;rbs_spacer=None;gc_cont=0.221	WP_301557689.1 ImmA/IrrE family metallo-endopeptidase, partial [Staphylococcus aureus]	100	98.5	9.65e-36
BAAHTT010000002.1_76|81283|81828|1|ID=1_76;partial=00;start_type=ATG;rbs_motif=None;rbs_spacer=None;gc_cont=0.308	WP_001550007.1 replication initiation protein [Staphylococcus aureus]	98.8	88.5	4.85e-112
BAAHTT010000002.1_77|81813|82103|1|ID=1_77;partial=00;start_type=GTG;rbs_motif=None;rbs_spacer=None;gc_cont=0.271	WP_267246680.1 replication initiation factor domain-containing protein [Staphylococcus aureus]	95.8	99.0	2.39e-57
BAAHTT010000002.1_78|82292|82579|1|ID=1_78;partial=00;start_type=ATG;rbs_motif=AGxAG;rbs_spacer=5-10bp;gc_cont=0.198	WP_000469917.1 MULTISPECIES: hypothetical protein [Staphylococcus]	100	99.0	2.43e-55
BAAHTT010000002.1_79|83177|83398|1|ID=1_79;partial=00;start_type=ATG;rbs_motif=AGGA/GGAG/GAGG;rbs_spacer=11-12bp;gc_cont=0.270	WP_001550009.1 transposase [Staphylococcus aureus]	100	98.6	5.07e-47
BAAHTT010000002.1_80|83848|86457|1|ID=1_80;partial=00;start_type=ATG;rbs_motif=AGGAG;rbs_spacer=5-10bp;gc_cont=0.362	WP_000955781.1 MULTISPECIES: bifunctional acetaldehyde-CoA/alcohol dehydrogenase [Staphylococcus]	100	99.9	0.0
BAAHTT010000002.1_81|86802|87494|1|ID=1_81;partial=00;start_type=ATG;rbs_motif=GGAG/GAGG;rbs_spacer=5-10bp;gc_cont=0.294	WP_117218869.1 capsular polysaccharide type 5/8 biosynthesis protein CapA [Staphylococcus aureus]	100	99.6	2.42e-136
BAAHTT010000002.1_82|87510|88196|1|ID=1_82;partial=00;start_type=ATG;rbs_motif=AGGA/GGAG/GAGG;rbs_spacer=11-12bp;gc_cont=0.333	WP_000037328.1 MULTISPECIES: type 8 capsular polysaccharide synthesis protein Cap8B [Staphylococcus]	100	99.6	1.45e-152
BAAHTT010000002.1_83|88199|88963|1|ID=1_83;partial=00;start_type=ATG;rbs_motif=GGAG/GAGG;rbs_spacer=5-10bp;gc_cont=0.322	WP_000565297.1 MULTISPECIES: type 8 capsular polysaccharide synthesis protein Cap8C [Staphylococcus]	100	99.6	7.29e-184
BAAHTT010000002.1_84|88983|90806|1|ID=1_84;partial=00;start_type=ATG;rbs_motif=GGAG/GAGG;rbs_spacer=5-10bp;gc_cont=0.351	WP_117200947.1 type 8 capsular polysaccharide synthesis protein Cap8D [Staphylococcus aureus]	100	99.8	0.0
BAAHTT010000002.1_85|90796|91824|1|ID=1_85;partial=00;start_type=ATG;rbs_motif=GGAG/GAGG;rbs_spacer=5-10bp;gc_cont=0.339	WP_000459062.1 MULTISPECIES: type 8 capsular polysaccharide synthesis protein Cap8E [Staphylococcus]	100	99.7	4.11e-241
BAAHTT010000002.1_86|91837|92946|1|ID=1_86;partial=00;start_type=TTG;rbs_motif=AGGAG;rbs_spacer=5-10bp;gc_cont=0.350	WP_001028293.1 MULTISPECIES: type 8 capsular polysaccharide synthesis protein Cap8F [Staphylococcus]	100	99.7	9.83e-274
BAAHTT010000002.1_87|92950|94074|1|ID=1_87;partial=00;start_type=ATG;rbs_motif=GGAG/GAGG;rbs_spacer=5-10bp;gc_cont=0.336	WP_000413169.1 MULTISPECIES: type 8 capsular polysaccharide synthesis protein Cap8G [Staphylococcus]	100	99.7	2.31e-270
BAAHTT010000002.1_88|94077|95156|1|ID=1_88;partial=00;start_type=ATG;rbs_motif=GGAG/GAGG;rbs_spacer=5-10bp;gc_cont=0.272	WP_001216935.1 MULTISPECIES: type 8 capsular polysaccharide synthesis protein Cap8H [Staphylococcus]	100	99.7	3.12e-265
BAAHTT010000002.1_89|95149|96543|1|ID=1_89;partial=00;start_type=ATG;rbs_motif=AGGA;rbs_spacer=5-10bp;gc_cont=0.285	WP_001034053.1 MULTISPECIES: type 8 capsular polysaccharide synthesis protein Cap8I [Staphylococcus]	100	99.8	2.01e-312
BAAHTT010000002.1_90|96540|97097|1|ID=1_90;partial=00;start_type=ATG;rbs_motif=GGA/GAG/AGG;rbs_spacer=5-10bp;gc_cont=0.319	WP_000636149.1 MULTISPECIES: type 8 capsular polysaccharide synthesis protein Cap8J [Staphylococcus]	100	99.5	3.44e-132
BAAHTT010000002.1_91|97106|98344|1|ID=1_91;partial=00;start_type=ATG;rbs_motif=GGAG/GAGG;rbs_spacer=5-10bp;gc_cont=0.269	WP_117200949.1 type 8 capsular polysaccharide synthesis protein Cap8K [Staphylococcus aureus]	100	99.8	9.58e-264
BAAHTT010000002.1_92|98378|99583|1|ID=1_92;partial=00;start_type=ATG;rbs_motif=AGGA;rbs_spacer=5-10bp;gc_cont=0.350	WP_001291010.1 MULTISPECIES: type 8 capsular polysaccharide synthesis protein Cap8L [Staphylococcus]	100	99.8	4.71e-295
BAAHTT010000002.1_93|99594|100151|1|ID=1_93;partial=00;start_type=ATG;rbs_motif=AGGAG;rbs_spacer=5-10bp;gc_cont=0.324	WP_000825101.1 MULTISPECIES: type 8 capsular polysaccharide synthesis protein Cap8M [Staphylococcus]	100	99.5	8.74e-126
BAAHTT010000002.1_94|100151|101038|1|ID=1_94;partial=00;start_type=ATG;rbs_motif=AGxAGG/AGGxGG;rbs_spacer=11-12bp;gc_cont=0.339	WP_001230681.1 MULTISPECIES: capsular polysaccharide type 5/8 biosynthesis epimerase CapN [Staphylococcus]	100	99.7	1.09e-210
BAAHTT010000002.1_95|101092|102354|1|ID=1_95;partial=00;start_type=ATG;rbs_motif=GGAG/GAGG;rbs_spacer=5-10bp;gc_cont=0.343	WP_000779494.1 MULTISPECIES: type 8 capsular polysaccharide synthesis protein Cap8O [Staphylococcus]	100	99.8	1.28e-304
BAAHTT010000002.1_96|102431|103576|1|ID=1_96;partial=00;start_type=ATG;rbs_motif=GGAG/GAGG;rbs_spacer=5-10bp;gc_cont=0.363	WP_000723452.1 MULTISPECIES: type 8 capsular polysaccharide synthesis protein Cap8P [Staphylococcus]	100	99.7	2.25e-276
BAAHTT010000002.1_97|103641|103967|-1|ID=1_97;partial=00;start_type=ATG;rbs_motif=AGGAG;rbs_spacer=5-10bp;gc_cont=0.309	WP_000480603.1 MULTISPECIES: staphylobilin-forming heme oxygenase IsdI [Staphylococcus]	100	99.1	4.22e-71
BAAHTT010000002.1_98|103974|104357|-1|ID=1_98;partial=00;start_type=ATG;rbs_motif=GGAG/GAGG;rbs_spacer=5-10bp;gc_cont=0.315	WP_001237002.1 MULTISPECIES: YbaN family protein [Staphylococcus]	100	99.2	2.26e-75
BAAHTT010000002.1_99|104784|106271|1|ID=1_99;partial=00;start_type=ATG;rbs_motif=AGGAG;rbs_spacer=5-10bp;gc_cont=0.362	WP_000290397.1 MULTISPECIES: aldehyde dehydrogenase family protein [Staphylococcus]	100	99.8	0.0
BAAHTT010000002.1_100|106398|106508|1|ID=1_100;partial=00;start_type=ATG;rbs_motif=GGA/GAG/AGG;rbs_spacer=5-10bp;gc_cont=0.297	WP_000161255.1 hypothetical protein [Staphylococcus aureus]	76.5	91.9	1.21e-08
BAAHTT010000002.1_101|106812|107876|1|ID=1_101;partial=00;start_type=ATG;rbs_motif=None;rbs_spacer=None;gc_cont=0.315	WP_001013481.1 MULTISPECIES: cation diffusion facilitator family transporter [Staphylococcus]	100	89.9	1.38e-216
BAAHTT010000002.1_102|108054|108257|-1|ID=1_102;partial=00;start_type=ATG;rbs_motif=AGxAGG/AGGxGG;rbs_spacer=5-10bp;gc_cont=0.304	WP_000356963.1 MULTISPECIES: hypothetical protein [Staphylococcus]	100	98.5	8.29e-39
BAAHTT010000002.1_103|108435|108947|1|ID=1_103;partial=00;start_type=ATG;rbs_motif=AGGAG;rbs_spacer=5-10bp;gc_cont=0.341	WP_000171919.1 MULTISPECIES: DUF4242 domain-containing protein [Staphylococcus]	100	99.4	9.30e-116
BAAHTT010000002.1_104|109289|110029|1|ID=1_104;partial=00;start_type=ATG;rbs_motif=GGA/GAG/AGG;rbs_spacer=5-10bp;gc_cont=0.355	WP_000590847.1 MULTISPECIES: ABC transporter ATP-binding protein [Staphylococcus]	100	99.6	4.22e-179
BAAHTT010000002.1_105|110043|111017|1|ID=1_105;partial=00;start_type=ATG;rbs_motif=AGGAG;rbs_spacer=5-10bp;gc_cont=0.368	WP_000826671.1 MULTISPECIES: ABC transporter substrate-binding protein [Staphylococcus]	100	99.7	2.89e-241
BAAHTT010000002.1_106|111014|111775|1|ID=1_106;partial=00;start_type=ATG;rbs_motif=AGGAGG;rbs_spacer=5-10bp;gc_cont=0.353	WP_000197961.1 MULTISPECIES: ABC transporter permease [Staphylococcus]	100	99.6	7.26e-179
BAAHTT010000002.1_107|111788|112819|1|ID=1_107;partial=00;start_type=ATG;rbs_motif=AGGAG;rbs_spacer=5-10bp;gc_cont=0.352	WP_000171644.1 MULTISPECIES: acyl-CoA/acyl-ACP dehydrogenase [Staphylococcus]	100	99.7	2.05e-246
BAAHTT010000002.1_108|113036|113395|1|ID=1_108;partial=00;start_type=GTG;rbs_motif=None;rbs_spacer=None;gc_cont=0.325	WP_001092004.1 MULTISPECIES: DUF2294 domain-containing protein [Staphylococcus]	100	99.2	5.50e-79
BAAHTT010000002.1_109|113568|114593|1|ID=1_109;partial=00;start_type=ATG;rbs_motif=AGGAG;rbs_spacer=5-10bp;gc_cont=0.349	WP_117218871.1 NAD-dependent formate dehydrogenase [Staphylococcus aureus]	100	99.7	4.31e-247
BAAHTT010000002.1_110|114979|116229|1|ID=1_110;partial=00;start_type=ATG;rbs_motif=None;rbs_spacer=None;gc_cont=0.325	WP_000826862.1 MULTISPECIES: MDR family MFS transporter [Staphylococcus]	100	99.8	1.15e-273
BAAHTT010000002.1_111|116658|123851|1|ID=1_111;partial=00;start_type=ATG;rbs_motif=GGA/GAG/AGG;rbs_spacer=5-10bp;gc_cont=0.352	WP_000605278.1 aureusimine non-ribosomal peptide synthetase AusA [Staphylococcus aureus]	100	99.7	0.0
BAAHTT010000002.1_112|123864|124508|1|ID=1_112;partial=00;start_type=ATG;rbs_motif=GGA/GAG/AGG;rbs_spacer=5-10bp;gc_cont=0.338	WP_000215724.1 MULTISPECIES: aureusimine biosynthesis 4'-phosphopantetheinyl transferase AusB [Staphylococcus]	100	99.5	1.88e-157
BAAHTT010000002.1_113|124836|125315|-1|ID=1_113;partial=00;start_type=ATG;rbs_motif=None;rbs_spacer=None;gc_cont=0.365	WP_001802886.1 MULTISPECIES: YagU family protein [Staphylococcus]	100	99.4	3.07e-111
BAAHTT010000002.1_114|125585|126349|-1|ID=1_114;partial=00;start_type=ATG;rbs_motif=AGxAGG/AGGxGG;rbs_spacer=5-10bp;gc_cont=0.346	WP_000668894.1 MULTISPECIES: acetylglutamate kinase [Staphylococcus]	100	99.6	2.85e-181
BAAHTT010000002.1_115|126365|127606|-1|ID=1_115;partial=00;start_type=ATG;rbs_motif=GGA/GAG/AGG;rbs_spacer=5-10bp;gc_cont=0.381	WP_000682611.1 MULTISPECIES: bifunctional glutamate N-acetyltransferase/amino-acid acetyltransferase ArgJ [Staphylococcus]	100	99.8	2.08e-295
BAAHTT010000002.1_116|127618|128652|-1|ID=1_116;partial=00;start_type=ATG;rbs_motif=AGGAG;rbs_spacer=5-10bp;gc_cont=0.355	WP_000598483.1 MULTISPECIES: N-acetyl-gamma-glutamyl-phosphate reductase [Staphylococcus]	100	99.4	1.91e-249
BAAHTT010000002.1_117|128688|129899|-1|ID=1_117;partial=00;start_type=ATG;rbs_motif=None;rbs_spacer=None;gc_cont=0.378	WP_001084436.1 MULTISPECIES: ornithine--oxo-acid transaminase [Staphylococcus]	100	97.5	8.12e-288
BAAHTT010000002.1_118|130125|131480|-1|ID=1_118;partial=00;start_type=ATG;rbs_motif=AGGAG(G)/GGAGG;rbs_spacer=13-15bp;gc_cont=0.329	WP_000728180.1 MULTISPECIES: branched-chain amino acid transport system II carrier protein BrnQ1 [Staphylococcus]	100	99.8	6.40e-307
BAAHTT010000002.1_119|131756|132313|-1|ID=1_119;partial=00;start_type=ATG;rbs_motif=AGGA/GGAG/GAGG;rbs_spacer=11-12bp;gc_cont=0.351	WP_000606890.1 MULTISPECIES: isochorismatase family protein [Staphylococcus]	100	99.5	2.83e-131
BAAHTT010000002.1_120|132380|134020|-1|ID=1_120;partial=00;start_type=ATG;rbs_motif=GGA/GAG/AGG;rbs_spacer=5-10bp;gc_cont=0.364	WP_117200951.1 alpha-keto acid decarboxylase family protein [Staphylococcus aureus]	100	99.8	0.0
BAAHTT010000002.1_121|134293|136338|-1|ID=1_121;partial=00;start_type=GTG;rbs_motif=GGAG/GAGG;rbs_spacer=5-10bp;gc_cont=0.377	WP_001227724.1 MULTISPECIES: glucose-specific PTS transporter subunit IIBC [Staphylococcus]	100	99.9	0.0
BAAHTT010000002.1_122|136938|137978|1|ID=1_122;partial=00;start_type=GTG;rbs_motif=GGA/GAG/AGG;rbs_spacer=5-10bp;gc_cont=0.354	WP_001802887.1 6-phospho-N-acetylmuramidase [Staphylococcus aureus]	99.7	99.7	3.73e-255
BAAHTT010000002.1_123|137978|138874|1|ID=1_123;partial=00;start_type=ATG;rbs_motif=AGGA/GGAG/GAGG;rbs_spacer=11-12bp;gc_cont=0.381	WP_117200953.1 N-acetylmuramic acid 6-phosphate etherase [Staphylococcus aureus]	100	99.7	3.48e-204
BAAHTT010000002.1_124|138886|140340|1|ID=1_124;partial=00;start_type=ATG;rbs_motif=AGGAG;rbs_spacer=5-10bp;gc_cont=0.381	WP_000159750.1 MULTISPECIES: PTS transporter subunit EIIC [Staphylococcus]	100	99.8	0.0
BAAHTT010000002.1_125|140340|141218|1|ID=1_125;partial=00;start_type=ATG;rbs_motif=None;rbs_spacer=None;gc_cont=0.344	WP_000181827.1 MurR/RpiR family transcriptional regulator [Staphylococcus aureus]	92.4	99.3	6.81e-185
BAAHTT010000002.1_126|141906|144695|1|ID=1_126;partial=00;start_type=ATG;rbs_motif=GGA/GAG/AGG;rbs_spacer=5-10bp;gc_cont=0.332	WP_000331353.1 MULTISPECIES: type I restriction endonuclease subunit R [Staphylococcus]	100	99.9	0.0
BAAHTT010000002.1_127|144842|145441|-1|ID=1_127;partial=00;start_type=ATG;rbs_motif=AGGAG;rbs_spacer=5-10bp;gc_cont=0.292	WP_000059054.1 MULTISPECIES: hypothetical protein [Staphylococcus]	100	99.5	3.03e-117
BAAHTT010000002.1_128|145567|146322|1|ID=1_128;partial=00;start_type=TTG;rbs_motif=AGGAG;rbs_spacer=5-10bp;gc_cont=0.317	WP_108947512.1 RND transporter [Staphylococcus aureus]	99.6	99.6	5.05e-169
BAAHTT010000002.1_129|146319|146999|1|ID=1_129;partial=00;start_type=ATG;rbs_motif=GGA/GAG/AGG;rbs_spacer=5-10bp;gc_cont=0.314	WP_000571407.1 MULTISPECIES: ABC transporter ATP-binding protein [Staphylococcus]	100	99.6	2.34e-157
BAAHTT010000002.1_130|146996|148174|1|ID=1_130;partial=00;start_type=ATG;rbs_motif=GGAG/GAGG;rbs_spacer=5-10bp;gc_cont=0.307	WP_001233397.1 MULTISPECIES: ABC transporter permease [Staphylococcus]	100	99.7	4.99e-265
BAAHTT010000002.1_131|148381|148602|1|ID=1_131;partial=00;start_type=ATG;rbs_motif=AGGAGG;rbs_spacer=5-10bp;gc_cont=0.414	WP_000915920.1 MULTISPECIES: putative cyclic bacteriocin [Staphylococcus]	100	98.6	3.32e-43
BAAHTT010000002.1_132|148673|150358|1|ID=1_132;partial=00;start_type=ATG;rbs_motif=AGGAG;rbs_spacer=5-10bp;gc_cont=0.234	WP_031899927.1 membrane protein [Staphylococcus aureus]	99.8	99.8	0.0
BAAHTT010000002.1_133|150396|150860|1|ID=1_133;partial=00;start_type=GTG;rbs_motif=None;rbs_spacer=None;gc_cont=0.256	WP_001793228.1 MULTISPECIES: stage II sporulation protein M [Staphylococcus]	100	99.4	6.39e-88
BAAHTT010000002.1_134|150872|151594|1|ID=1_134;partial=00;start_type=ATG;rbs_motif=AGGA;rbs_spacer=5-10bp;gc_cont=0.266	WP_000960712.1 MULTISPECIES: ATP-binding cassette domain-containing protein [Staphylococcus]	100	99.6	6.95e-166
BAAHTT010000002.1_135|151581|151769|1|ID=1_135;partial=00;start_type=ATG;rbs_motif=GGAG/GAGG;rbs_spacer=5-10bp;gc_cont=0.222	WP_368409519.1 hypothetical protein [Staphylococcus aureus]	98.4	98.4	1.29e-33
BAAHTT010000002.1_136|151759|151956|1|ID=1_136;partial=00;start_type=GTG;rbs_motif=GGA/GAG/AGG;rbs_spacer=5-10bp;gc_cont=0.308	WP_000794565.1 MULTISPECIES: helix-turn-helix transcriptional regulator [Staphylococcus]	100	98.5	1.20e-37
BAAHTT010000002.1_137|152466|153368|-1|ID=1_137;partial=00;start_type=ATG;rbs_motif=None;rbs_spacer=None;gc_cont=0.372	WP_423143752.1 ATP-binding cassette domain-containing protein, partial [Staphylococcus aureus]	99.7	95.3	6.41e-199
BAAHTT010000002.1_138|153325|154059|-1|ID=1_138;partial=00;start_type=ATG;rbs_motif=GGAG/GAGG;rbs_spacer=5-10bp;gc_cont=0.337	WP_142300295.1 ABC transporter ATP-binding protein, partial [Staphylococcus aureus]	99.6	99.6	5.29e-166
BAAHTT010000002.1_139|154061|155494|1|ID=1_139;partial=00;start_type=ATG;rbs_motif=None;rbs_spacer=None;gc_cont=0.326	WP_001557565.1 ABC transporter permease [Staphylococcus aureus]	100	99.8	3.40e-306
BAAHTT010000002.1_140|155500|156663|1|ID=1_140;partial=00;start_type=ATG;rbs_motif=AGGA;rbs_spacer=5-10bp;gc_cont=0.345	WP_000240104.1 MULTISPECIES: ABC transporter permease [Staphylococcus]	100	99.7	3.70e-253
BAAHTT010000002.1_141|156680|158455|1|ID=1_141;partial=00;start_type=GTG;rbs_motif=GGA/GAG/AGG;rbs_spacer=5-10bp;gc_cont=0.334	WP_000720804.1 MULTISPECIES: ABC transporter substrate-binding protein [Staphylococcus]	100	99.8	0.0
BAAHTT010000002.1_142|158493|160499|1|ID=1_142;partial=00;start_type=ATG;rbs_motif=AGGAG;rbs_spacer=5-10bp;gc_cont=0.379	WP_000236409.1 MULTISPECIES: gamma-glutamyltransferase [Staphylococcus]	100	99.9	0.0
BAAHTT010000002.1_143|160812|161585|-1|ID=1_143;partial=00;start_type=ATG;rbs_motif=GGA/GAG/AGG;rbs_spacer=5-10bp;gc_cont=0.298	WP_000643623.1 MULTISPECIES: tandem-type lipoprotein [Staphylococcus]	100	99.6	5.96e-180
BAAHTT010000002.1_144|161775|162401|-1|ID=1_144;partial=00;start_type=ATG;rbs_motif=AGGAG;rbs_spacer=5-10bp;gc_cont=0.321	WP_001151450.1 MULTISPECIES: FMN-dependent NADH-azoreductase [Staphylococcus]	100	99.5	1.17e-148
BAAHTT010000002.1_145|162610|163188|1|ID=1_145;partial=00;start_type=ATG;rbs_motif=GGA/GAG/AGG;rbs_spacer=5-10bp;gc_cont=0.361	WP_000166919.1 MULTISPECIES: M23 family metallopeptidase [Staphylococcus]	100	99.5	3.70e-144
BAAHTT010000002.1_146|163571|164668|1|ID=1_146;partial=00;start_type=ATG;rbs_motif=GGAG/GAGG;rbs_spacer=5-10bp;gc_cont=0.351	WP_000818914.1 MULTISPECIES: ABC transporter ATP-binding protein [Staphylococcus]	100	99.7	7.94e-262
BAAHTT010000002.1_147|164681|165952|1|ID=1_147;partial=00;start_type=ATG;rbs_motif=GGAG/GAGG;rbs_spacer=5-10bp;gc_cont=0.340	WP_000034961.1 MULTISPECIES: maltodextrin ABC transporter substrate-binding protein [Staphylococcus]	100	99.8	1.29e-310
BAAHTT010000002.1_148|165955|167223|1|ID=1_148;partial=00;start_type=ATG;rbs_motif=AGGAG;rbs_spacer=5-10bp;gc_cont=0.355	WP_086098788.1 sugar ABC transporter permease [Staphylococcus aureus]	98.8	99.8	5.35e-298
BAAHTT010000002.1_149|167225|168064|1|ID=1_149;partial=00;start_type=ATG;rbs_motif=GGAG/GAGG;rbs_spacer=5-10bp;gc_cont=0.339	WP_000162661.1 MULTISPECIES: sugar ABC transporter permease [Staphylococcus]	100	99.6	1.91e-187
BAAHTT010000002.1_150|168135|169214|1|ID=1_150;partial=00;start_type=ATG;rbs_motif=AGGAG;rbs_spacer=5-10bp;gc_cont=0.389	WP_000153466.1 MULTISPECIES: Gfo/Idh/MocA family protein [Staphylococcus]	100	99.4	4.99e-264
BAAHTT010000002.1_151|169239|170279|1|ID=1_151;partial=00;start_type=ATG;rbs_motif=AGGAG;rbs_spacer=5-10bp;gc_cont=0.394	WP_000163809.1 MULTISPECIES: Gfo/Idh/MocA family protein [Staphylococcus]	100	99.7	1.52e-254
BAAHTT010000002.1_152|170334|171302|1|ID=1_152;partial=00;start_type=ATG;rbs_motif=AGGAG;rbs_spacer=5-10bp;gc_cont=0.359	WP_000690419.1 MULTISPECIES: sugar phosphate isomerase/epimerase family protein [Staphylococcus]	100	99.7	6.59e-246
BAAHTT010000002.1_153|171663|172157|-1|ID=1_153;partial=00;start_type=ATG;rbs_motif=GGAG/GAGG;rbs_spacer=5-10bp;gc_cont=0.267	WP_000603755.1 MULTISPECIES: isoprenylcysteine carboxyl methyltransferase family protein [Staphylococcus]	100	99.4	8.00e-105
BAAHTT010000002.1_154|172372|173769|1|ID=1_154;partial=00;start_type=ATG;rbs_motif=None;rbs_spacer=None;gc_cont=0.363	WP_001008722.1 MULTISPECIES: hexose-6-phosphate:phosphate antiporter [Staphylococcus]	100	98.5	0.0
BAAHTT010000002.1_155|174128|174886|-1|ID=1_155;partial=00;start_type=ATG;rbs_motif=GGA/GAG/AGG;rbs_spacer=5-10bp;gc_cont=0.323	WP_000477521.1 MULTISPECIES: response regulator transcription factor [Staphylococcus]	100	99.6	7.30e-183
BAAHTT010000002.1_156|174879|176435|-1|ID=1_156;partial=00;start_type=ATG;rbs_motif=GGAG/GAGG;rbs_spacer=5-10bp;gc_cont=0.329	WP_000127997.1 MULTISPECIES: sensor histidine kinase [Staphylococcus]	100	99.8	0.0
BAAHTT010000002.1_157|176432|177400|-1|ID=1_157;partial=00;start_type=ATG;rbs_motif=None;rbs_spacer=None;gc_cont=0.344	WP_000837105.1 MULTISPECIES: ABC transporter substrate-binding protein [Staphylococcus]	100	99.7	1.93e-229
BAAHTT010000002.1_158|177988|180237|1|ID=1_158;partial=00;start_type=ATG;rbs_motif=GGAG/GAGG;rbs_spacer=5-10bp;gc_cont=0.367	WP_000894660.1 MULTISPECIES: formate C-acetyltransferase [Staphylococcus]	100	99.9	0.0
BAAHTT010000002.1_159|180260|181015|1|ID=1_159;partial=00;start_type=ATG;rbs_motif=GGA/GAG/AGG;rbs_spacer=5-10bp;gc_cont=0.362	WP_000911657.1 MULTISPECIES: pyruvate formate-lyase-activating protein [Staphylococcus]	99.6	99.6	2.19e-188
BAAHTT010000002.1_160|180978|181313|1|ID=1_160;partial=00;start_type=ATG;rbs_motif=AGxAG;rbs_spacer=5-10bp;gc_cont=0.324	WP_224108010.1 hypothetical protein [Staphylococcus aureus]	100	99.1	6.91e-76
BAAHTT010000002.1_161|181351|183114|1|ID=1_161;partial=00;start_type=ATG;rbs_motif=GGAG/GAGG;rbs_spacer=5-10bp;gc_cont=0.311	WP_001806672.1 MULTISPECIES: glycerophosphoryl diester phosphodiesterase membrane domain-containing protein [Staphylococcus]	100	99.8	0.0
BAAHTT010000002.1_162|183278|183622|-1|ID=1_162;partial=00;start_type=ATG;rbs_motif=AGGAG;rbs_spacer=5-10bp;gc_cont=0.330	WP_000211596.1 MULTISPECIES: complement inhibitor SCIN family protein [Bacillales]	100	99.1	3.96e-72
BAAHTT010000002.1_163|183812|185632|1|ID=1_163;partial=00;start_type=ATG;rbs_motif=AGGA/GGAG/GAGG;rbs_spacer=11-12bp;gc_cont=0.341	WP_367949401.1 staphylocoagulase [Staphylococcus aureus]	100	84.5	0.0
BAAHTT010000002.1_164|186235|187419|-1|ID=1_164;partial=00;start_type=ATG;rbs_motif=GGAG/GAGG;rbs_spacer=5-10bp;gc_cont=0.431	WP_001154616.1 MULTISPECIES: thiolase family protein [Staphylococcus]	100	99.7	3.75e-277
BAAHTT010000002.1_165|187449|189710|-1|ID=1_165;partial=00;start_type=ATG;rbs_motif=GGAG/GAGG;rbs_spacer=5-10bp;gc_cont=0.376	WP_000154532.1 MULTISPECIES: 3-hydroxyacyl-CoA dehydrogenase/crotonase FadB [Staphylococcus]	100	99.9	0.0
BAAHTT010000002.1_166|189897|191108|-1|ID=1_166;partial=00;start_type=ATG;rbs_motif=AGGAG;rbs_spacer=5-10bp;gc_cont=0.393	WP_000142189.1 MULTISPECIES: acyl-CoA dehydrogenase FadE [Staphylococcus]	100	99.8	5.28e-293
BAAHTT010000002.1_167|191220|192725|-1|ID=1_167;partial=00;start_type=ATG;rbs_motif=GGA/GAG/AGG;rbs_spacer=5-10bp;gc_cont=0.374	WP_001008395.1 MULTISPECIES: long-chain-fatty-acid--CoA ligase FadD [Staphylococcus]	100	99.8	0.0
BAAHTT010000002.1_168|192751|194328|-1|ID=1_168;partial=00;start_type=ATG;rbs_motif=None;rbs_spacer=None;gc_cont=0.372	WP_001793221.1 MULTISPECIES: fatty acid degradation protein FadX [Staphylococcus]	100	99.8	0.0
BAAHTT010000002.1_169|194682|195911|1|ID=1_169;partial=00;start_type=ATG;rbs_motif=GGA/GAG/AGG;rbs_spacer=5-10bp;gc_cont=0.344	WP_010956622.1 MULTISPECIES: PrsW family intramembrane metalloprotease [Staphylococcus]	100	92.7	4.05e-261
BAAHTT010000002.1_170|196225|197700|-1|ID=1_170;partial=00;start_type=ATG;rbs_motif=GGA/GAG/AGG;rbs_spacer=5-10bp;gc_cont=0.312	WP_000669654.1 MULTISPECIES: nickel ABC transporter substrate-binding protein [Staphylococcus]	100	99.8	0.0
BAAHTT010000002.1_171|197898|198254|-1|ID=1_171;partial=00;start_type=ATG;rbs_motif=AGGAG;rbs_spacer=5-10bp;gc_cont=0.350	WP_000215216.1 MULTISPECIES: DUF488 domain-containing protein [Staphylococcus]	100	99.2	8.82e-80
BAAHTT010000002.1_172|198411|198584|-1|ID=1_172;partial=00;start_type=ATG;rbs_motif=AGGA/GGAG/GAGG;rbs_spacer=11-12bp;gc_cont=0.247	WP_000773989.1 MULTISPECIES: hypothetical protein [Staphylococcus]	100	98.3	2.46e-29
BAAHTT010000002.1_173|198610|199755|-1|ID=1_173;partial=00;start_type=ATG;rbs_motif=AGGAG;rbs_spacer=5-10bp;gc_cont=0.351	WP_000954808.1 MULTISPECIES: globin domain-containing protein [Staphylococcus]	100	99.7	5.08e-273
BAAHTT010000002.1_174|200328|201281|1|ID=1_174;partial=00;start_type=ATG;rbs_motif=GGAG/GAGG;rbs_spacer=5-10bp;gc_cont=0.372	WP_001031880.1 MULTISPECIES: L-lactate dehydrogenase [Staphylococcus]	100	99.7	5.47e-222
BAAHTT010000002.1_175|201601|203130|-1|ID=1_175;partial=00;start_type=ATG;rbs_motif=AGGAG;rbs_spacer=5-10bp;gc_cont=0.393	WP_000838204.1 MULTISPECIES: PTS transporter subunit EIIC [Staphylococcus]	100	99.8	0.0
BAAHTT010000002.1_176|203492|204427|1|ID=1_176;partial=00;start_type=ATG;rbs_motif=GGA/GAG/AGG;rbs_spacer=5-10bp;gc_cont=0.396	WP_000823215.1 MULTISPECIES: nucleoside hydrolase [Staphylococcus]	100	99.7	2.07e-223
BAAHTT010000002.1_177|204764|206860|1|ID=1_177;partial=00;start_type=ATG;rbs_motif=AGGAG;rbs_spacer=5-10bp;gc_cont=0.329	WP_001012755.1 MULTISPECIES: BglG family transcription antiterminator [Staphylococcus]	100	99.9	0.0
BAAHTT010000002.1_178|206845|207312|1|ID=1_178;partial=00;start_type=ATG;rbs_motif=GGAG/GAGG;rbs_spacer=5-10bp;gc_cont=0.353	WP_000531476.1 MULTISPECIES: PTS sugar transporter subunit IIA [Staphylococcus]	100	99.4	2.64e-101
BAAHTT010000002.1_179|207335|207613|1|ID=1_179;partial=00;start_type=ATG;rbs_motif=GGAG/GAGG;rbs_spacer=5-10bp;gc_cont=0.312	WP_000815795.1 MULTISPECIES: PTS sugar transporter subunit IIB [Bacilli]	100	98.9	5.84e-57
BAAHTT010000002.1_180|207840|209099|1|ID=1_180;partial=00;start_type=ATG;rbs_motif=GGAG/GAGG;rbs_spacer=5-10bp;gc_cont=0.368	WP_000120109.1 MULTISPECIES: PTS galactitol transporter subunit IIC [Staphylococcus]	100	99.8	6.59e-286
BAAHTT010000002.1_181|209114|210172|1|ID=1_181;partial=00;start_type=GTG;rbs_motif=GGAG/GAGG;rbs_spacer=5-10bp;gc_cont=0.367	WP_000646203.1 MULTISPECIES: zinc-binding dehydrogenase [Staphylococcus]	99.7	99.4	1.26e-258
BAAHTT010000002.1_182|210174|210320|1|ID=1_182;partial=00;start_type=ATG;rbs_motif=AGGAG;rbs_spacer=5-10bp;gc_cont=0.299	WP_000230358.1 MULTISPECIES: hypothetical protein [Bacteria]	100	98.0	3.61e-25
BAAHTT010000002.1_183|210344|211387|1|ID=1_183;partial=00;start_type=GTG;rbs_motif=GGAG/GAGG;rbs_spacer=5-10bp;gc_cont=0.378	WP_000645608.1 MULTISPECIES: galactitol-1-phosphate 5-dehydrogenase [Staphylococcus]	100	99.7	2.00e-255
BAAHTT010000002.1_184|211915|212631|1|ID=1_184;partial=00;start_type=ATG;rbs_motif=GGAG/GAGG;rbs_spacer=5-10bp;gc_cont=0.328	WP_000638479.1 MULTISPECIES: 2-C-methyl-D-erythritol 4-phosphate cytidylyltransferase [Staphylococcus]	100	99.6	3.45e-165
BAAHTT010000002.1_185|212624|213649|1|ID=1_185;partial=00;start_type=ATG;rbs_motif=GGA/GAG/AGG;rbs_spacer=11-12bp;gc_cont=0.354	WP_000610171.1 MULTISPECIES: alcohol dehydrogenase catalytic domain-containing protein [Staphylococcus]	100	99.7	1.83e-248
BAAHTT010000002.1_186|213671|215365|1|ID=1_186;partial=00;start_type=ATG;rbs_motif=GGA/GAG/AGG;rbs_spacer=5-10bp;gc_cont=0.326	WP_000167974.1 MULTISPECIES: teichoic acid ribitol-phosphate polymerase TarK [Staphylococcus]	100	99.8	0.0
BAAHTT010000002.1_187|215677|215811|-1|ID=1_187;partial=00;start_type=ATG;rbs_motif=None;rbs_spacer=None;gc_cont=0.496	WP_254612298.1 deoxyribose-phosphate aldolase [Staphylococcus aureus]	56.9	93.3	5.81e-05
BAAHTT010000002.1_189|216333|217502|1|ID=1_189;partial=00;start_type=ATG;rbs_motif=GGAG/GAGG;rbs_spacer=5-10bp;gc_cont=0.338	WP_000594813.1 MULTISPECIES: teichoic acid glycerol-phosphate transferase TarF [Staphylococcus]	100	99.7	1.24e-293
BAAHTT010000002.1_190|217778|218494|1|ID=1_190;partial=00;start_type=ATG;rbs_motif=GGAG/GAGG;rbs_spacer=5-10bp;gc_cont=0.322	WP_000872486.1 MULTISPECIES: D-ribitol-5-phosphate cytidylyltransferase [Staphylococcus]	100	99.6	1.71e-165
BAAHTT010000002.1_191|218460|219512|1|ID=1_191;partial=00;start_type=ATG;rbs_motif=None;rbs_spacer=None;gc_cont=0.338	WP_000610203.1 MULTISPECIES: ribitol-5-phosphate dehydrogenase [Staphylococcus]	100	97.2	5.95e-245
BAAHTT010000002.1_192|219534|221222|1|ID=1_192;partial=00;start_type=TTG;rbs_motif=AGGA;rbs_spacer=5-10bp;gc_cont=0.319	WP_000240920.1 MULTISPECIES: teichoic acid ribitol-phosphate polymerase TarL [Staphylococcus]	100	99.8	0.0
BAAHTT010000002.1_193|221255|222976|1|ID=1_193;partial=00;start_type=ATG;rbs_motif=GGAG/GAGG;rbs_spacer=5-10bp;gc_cont=0.321	WP_000975365.1 MULTISPECIES: poly(ribitol-phosphate) beta-N-acetylglucosaminyltransferase [Staphylococcus]	100	99.8	0.0
BAAHTT010000002.1_194|223120|223794|1|ID=1_194;partial=00;start_type=ATG;rbs_motif=AGGAG;rbs_spacer=5-10bp;gc_cont=0.326	WP_000608831.1 MULTISPECIES: iron-sulfur cluster repair di-iron protein ScdA [Staphylococcus]	100	99.6	1.04e-159
BAAHTT010000002.1_195|224053|225792|1|ID=1_195;partial=00;start_type=ATG;rbs_motif=None;rbs_spacer=None;gc_cont=0.355	WP_000925394.1 sensor histidine kinase [Staphylococcus aureus]	100	99.8	0.0
BAAHTT010000002.1_196|225795|226535|1|ID=1_196;partial=00;start_type=ATG;rbs_motif=AGGAG;rbs_spacer=5-10bp;gc_cont=0.328	WP_061642498.1 response regulator transcription factor LytR [Staphylococcus aureus]	100	99.6	3.58e-171
BAAHTT010000002.1_197|226648|227091|1|ID=1_197;partial=00;start_type=ATG;rbs_motif=GGA/GAG/AGG;rbs_spacer=5-10bp;gc_cont=0.345	WP_001793213.1 MULTISPECIES: antiholin-like murein hydrolase modulator LrgA [Staphylococcus]	100	99.3	6.56e-89
BAAHTT010000002.1_198|227084|227785|1|ID=1_198;partial=00;start_type=ATG;rbs_motif=AGGAG;rbs_spacer=5-10bp;gc_cont=0.366	WP_000607067.1 MULTISPECIES: antiholin-like protein LrgB [Staphylococcus]	100	99.6	4.81e-149
BAAHTT010000002.1_199|227893|228597|-1|ID=1_199;partial=00;start_type=TTG;rbs_motif=GGAG/GAGG;rbs_spacer=5-10bp;gc_cont=0.330	WP_000922317.1 MULTISPECIES: GntR family transcriptional regulator [Staphylococcus]	100	99.6	1.53e-166
BAAHTT010000002.1_200|228746|229537|1|ID=1_200;partial=00;start_type=ATG;rbs_motif=AGGA/GGAG/GAGG;rbs_spacer=11-12bp;gc_cont=0.355	WP_000066930.1 MULTISPECIES: glucose PTS transporter subunit IIA [Staphylococcus]	100	99.6	5.48e-179
BAAHTT010000002.1_201|229553|230989|1|ID=1_201;partial=00;start_type=ATG;rbs_motif=AGGA/GGAG/GAGG;rbs_spacer=11-12bp;gc_cont=0.369	WP_000164010.1 MULTISPECIES: 6-phospho-beta-glucosidase [Staphylococcus]	100	99.8	0.0
BAAHTT010000002.1_202|231426|232187|-1|ID=1_202;partial=00;start_type=ATG;rbs_motif=AGGAG;rbs_spacer=5-10bp;gc_cont=0.339	WP_000031274.1 MULTISPECIES: class I SAM-dependent methyltransferase [Staphylococcus]	100	99.6	1.31e-181
BAAHTT010000002.1_203|232438|233352|-1|ID=1_203;partial=00;start_type=ATG;rbs_motif=AGGAG;rbs_spacer=5-10bp;gc_cont=0.376	WP_000182738.1 MULTISPECIES: ribokinase [Staphylococcus]	100	99.7	2.99e-208
BAAHTT010000002.1_204|233380|233784|-1|ID=1_204;partial=00;start_type=ATG;rbs_motif=AGGAG;rbs_spacer=5-10bp;gc_cont=0.323	WP_000747873.1 MULTISPECIES: D-ribose pyranase [Staphylococcus]	100	99.3	5.86e-88
BAAHTT010000002.1_205|233799|234680|-1|ID=1_205;partial=00;start_type=ATG;rbs_motif=GGAG/GAGG;rbs_spacer=5-10bp;gc_cont=0.385	WP_000029204.1 MULTISPECIES: ribose/proton symporter RbsU [Staphylococcus]	100	99.7	1.37e-203
BAAHTT010000002.1_206|234912|235910|-1|ID=1_206;partial=00;start_type=ATG;rbs_motif=AGGA;rbs_spacer=5-10bp;gc_cont=0.370	WP_000757884.1 MULTISPECIES: ribose utilization transcriptional repressor RbsR [Staphylococcus]	100	99.7	2.02e-236
BAAHTT010000002.1_207|236128|236241|1|ID=1_207;partial=00;start_type=ATG;rbs_motif=None;rbs_spacer=None;gc_cont=0.175	WP_078065205.1 NADH dehydrogenase [Staphylococcus aureus]	97.3	97.4	5.97e-16
BAAHTT010000002.1_208|236291|236683|1|ID=1_208;partial=00;start_type=ATG;rbs_motif=GGAG/GAGG;rbs_spacer=5-10bp;gc_cont=0.267	WP_001159765.1 MULTISPECIES: hypothetical protein [Staphylococcus]	100	99.2	8.78e-88
BAAHTT010000002.1_209|236811|238187|-1|ID=1_209;partial=00;start_type=GTG;rbs_motif=AGGAG;rbs_spacer=5-10bp;gc_cont=0.375	WP_001066553.1 MULTISPECIES: MFS transporter [Staphylococcus]	100	99.8	3.31e-308
BAAHTT010000002.1_210|238421|239413|1|ID=1_210;partial=00;start_type=ATG;rbs_motif=AGGAG;rbs_spacer=5-10bp;gc_cont=0.359	WP_000337383.1 MULTISPECIES: choloylglycine hydrolase family protein [Staphylococcus]	100	99.7	7.44e-247
BAAHTT010000002.1_211|239721|240689|1|ID=1_211;partial=00;start_type=ATG;rbs_motif=None;rbs_spacer=None;gc_cont=0.398	WP_000736792.1 MULTISPECIES: glycine-glycine endopeptidase LytM [Staphylococcus]	100	97.8	1.48e-227
BAAHTT010000002.1_212|240741|241400|-1|ID=1_212;partial=00;start_type=ATG;rbs_motif=AGGAG;rbs_spacer=5-10bp;gc_cont=0.323	WP_000570075.1 MULTISPECIES: ABC transporter ATP-binding protein [Staphylococcus]	100	99.5	3.22e-156
BAAHTT010000002.1_213|241414|242334|-1|ID=1_213;partial=00;start_type=ATG;rbs_motif=GGAG/GAGG;rbs_spacer=5-10bp;gc_cont=0.313	WP_000806116.1 MULTISPECIES: ABC transporter permease [Staphylococcus]	100	99.7	1.05e-193
BAAHTT010000002.1_214|242331|243497|-1|ID=1_214;partial=00;start_type=ATG;rbs_motif=AGGAG;rbs_spacer=5-10bp;gc_cont=0.321	WP_000848781.1 MULTISPECIES: ABC transporter permease [Staphylococcus]	100	99.7	1.00e-262
BAAHTT010000002.1_215|243565|245088|-1|ID=1_215;partial=00;start_type=ATG;rbs_motif=GGAG/GAGG;rbs_spacer=5-10bp;gc_cont=0.287	WP_000038541.1 MULTISPECIES: DUF6583 family protein [Staphylococcus]	100	99.8	0.0
BAAHTT010000002.1_216|245419|246321|-1|ID=1_216;partial=00;start_type=ATG;rbs_motif=GGA/GAG/AGG;rbs_spacer=5-10bp;gc_cont=0.372	WP_117201010.1 CHAP domain-containing protein [Staphylococcus aureus]	100	98.7	2.29e-207
BAAHTT010000002.1_217|246560|246853|1|ID=1_217;partial=00;start_type=ATG;rbs_motif=AGGAG;rbs_spacer=5-10bp;gc_cont=0.378	WP_001240826.1 MULTISPECIES: WXG100 family type VII secretion effector EsxA [Staphylococcus]	100	99.0	5.04e-58
BAAHTT010000002.1_218|246936|249965|1|ID=1_218;partial=00;start_type=ATG;rbs_motif=AGGA;rbs_spacer=5-10bp;gc_cont=0.308	WP_000728972.1 MULTISPECIES: type VII secretion protein EsaA [Staphylococcus]	100	99.9	0.0
BAAHTT010000002.1_219|249965|250423|1|ID=1_219;partial=00;start_type=ATG;rbs_motif=GGA/GAG/AGG;rbs_spacer=5-10bp;gc_cont=0.329	WP_000928935.1 MULTISPECIES: type VII secretion protein EssA [Staphylococcus]	100	99.3	7.91e-97
BAAHTT010000002.1_220|250395|250568|1|ID=1_220;partial=00;start_type=ATG;rbs_motif=AGGA/GGAG/GAGG;rbs_spacer=11-12bp;gc_cont=0.287	WP_190362296.1 type VII secretion protein EsaB [Staphylococcus aureus]	100	98.3	2.69e-32
BAAHTT010000002.1_221|250650|251984|1|ID=1_221;partial=00;start_type=ATG;rbs_motif=AGGAG;rbs_spacer=5-10bp;gc_cont=0.298	WP_031796234.1 type VII secretion protein EssB, partial [Staphylococcus aureus]	100	87.9	2.16e-276
BAAHTT010000002.1_222|252006|256445|1|ID=1_222;partial=00;start_type=ATG;rbs_motif=GGAG/GAGG;rbs_spacer=5-10bp;gc_cont=0.337	WP_000549274.1 MULTISPECIES: type VII secretion protein EssC [Staphylococcus]	100	99.9	0.0
BAAHTT010000002.1_223|256475|256867|1|ID=1_223;partial=00;start_type=ATG;rbs_motif=AGGAGG;rbs_spacer=5-10bp;gc_cont=0.305	WP_001010291.1 MULTISPECIES: type VII secretion substrate EsaC [Staphylococcus]	100	99.2	5.28e-80
BAAHTT010000002.1_224|256883|257197|1|ID=1_224;partial=00;start_type=ATG;rbs_motif=GGAG/GAGG;rbs_spacer=5-10bp;gc_cont=0.384	WP_000509667.1 MULTISPECIES: WXG100 family type VII secretion effector EsxB [Staphylococcus]	100	99.0	1.39e-65
BAAHTT010000002.1_225|257194|257871|1|ID=1_225;partial=00;start_type=ATG;rbs_motif=GGA/GAG/AGG;rbs_spacer=5-10bp;gc_cont=0.291	WP_000655877.1 MULTISPECIES: DUF5081 family protein [Staphylococcus]	100	99.1	1.79e-158
BAAHTT010000002.1_226|257871|258188|1|ID=1_226;partial=00;start_type=ATG;rbs_motif=GGA/GAG/AGG;rbs_spacer=5-10bp;gc_cont=0.368	WP_000175723.1 MULTISPECIES: type VII secretion system extracellular protein EsxD [Staphylococcus]	100	99.1	4.46e-67
BAAHTT010000002.1_227|258198|260042|1|ID=1_227;partial=00;start_type=ATG;rbs_motif=GGA/GAG/AGG;rbs_spacer=5-10bp;gc_cont=0.356	WP_000159026.1 MULTISPECIES: DNA/RNA non-specific endonuclease [Staphylococcus]	100	99.8	0.0
BAAHTT010000002.1_228|260053|260547|1|ID=1_228;partial=00;start_type=ATG;rbs_motif=AGGAG;rbs_spacer=5-10bp;gc_cont=0.297	WP_000142122.1 MULTISPECIES: TIGR01741 family protein [Staphylococcus]	100	99.4	2.11e-100
BAAHTT010000002.1_229|260758|261441|1|ID=1_229;partial=00;start_type=ATG;rbs_motif=AGGAG;rbs_spacer=5-10bp;gc_cont=0.275	WP_000208418.1 MULTISPECIES: DUF5079 family protein [Staphylococcus]	100	99.6	8.71e-149
BAAHTT010000002.1_230|261588|262199|1|ID=1_230;partial=00;start_type=ATG;rbs_motif=GGAG/GAGG;rbs_spacer=5-10bp;gc_cont=0.283	WP_000394917.1 MULTISPECIES: DUF5080 family protein [Staphylococcus]	100	99.5	1.20e-125
BAAHTT010000002.1_231|262398|262898|1|ID=1_231;partial=00;start_type=ATG;rbs_motif=GGAG/GAGG;rbs_spacer=5-10bp;gc_cont=0.301	WP_000141964.1 MULTISPECIES: TIGR01741 family protein [Staphylococcus]	100	99.4	1.19e-116
BAAHTT010000002.1_232|262909|263409|1|ID=1_232;partial=00;start_type=ATG;rbs_motif=GGAG/GAGG;rbs_spacer=5-10bp;gc_cont=0.279	WP_000142152.1 MULTISPECIES: TIGR01741 family protein [Staphylococcus]	100	99.4	1.44e-117
BAAHTT010000002.1_233|263420|263920|1|ID=1_233;partial=00;start_type=ATG;rbs_motif=GGAG/GAGG;rbs_spacer=5-10bp;gc_cont=0.293	WP_000141966.1 MULTISPECIES: TIGR01741 family protein [Staphylococcus]	100	99.4	1.50e-119
BAAHTT010000002.1_234|263931|264431|1|ID=1_234;partial=00;start_type=ATG;rbs_motif=GGAG/GAGG;rbs_spacer=5-10bp;gc_cont=0.297	WP_000863384.1 MULTISPECIES: TIGR01741 family protein [Staphylococcus]	100	99.4	9.03e-121
BAAHTT010000002.1_235|264442|264942|1|ID=1_235;partial=00;start_type=ATG;rbs_motif=GGAG/GAGG;rbs_spacer=5-10bp;gc_cont=0.291	WP_000142133.1 MULTISPECIES: TIGR01741 family protein [Staphylococcus]	100	99.4	7.43e-120
BAAHTT010000002.1_236|264953|265453|1|ID=1_236;partial=00;start_type=ATG;rbs_motif=GGAG/GAGG;rbs_spacer=5-10bp;gc_cont=0.311	WP_000142136.1 MULTISPECIES: TIGR01741 family protein [Staphylococcus]	100	99.4	7.43e-120
BAAHTT010000002.1_237|265464|265964|1|ID=1_237;partial=00;start_type=ATG;rbs_motif=GGA/GAG/AGG;rbs_spacer=5-10bp;gc_cont=0.291	WP_000142064.1 MULTISPECIES: TIGR01741 family protein [Staphylococcus]	100	99.4	1.75e-118
BAAHTT010000002.1_238|265975|266463|1|ID=1_238;partial=00;start_type=ATG;rbs_motif=GGA/GAG/AGG;rbs_spacer=5-10bp;gc_cont=0.309	WP_117201012.1 TIGR01741 family protein [Staphylococcus aureus]	100	99.4	1.77e-116
BAAHTT010000002.1_239|267088|267462|1|ID=1_239;partial=00;start_type=ATG;rbs_motif=AGGAG;rbs_spacer=5-10bp;gc_cont=0.264	WP_000822161.1 MULTISPECIES: DUF4467 domain-containing protein [Staphylococcus]	100	99.2	4.80e-80
BAAHTT010000002.1_240|267612|268010|1|ID=1_240;partial=00;start_type=ATG;rbs_motif=AGGAG;rbs_spacer=5-10bp;gc_cont=0.313	WP_000415663.1 MULTISPECIES: DUF4064 domain-containing protein [Bacilli]	100	99.2	3.97e-76
BAAHTT010000002.1_241|268260|269105|-1|ID=1_241;partial=00;start_type=ATG;rbs_motif=None;rbs_spacer=None;gc_cont=0.333	WP_000834168.1 formate/nitrite transporter family protein [Staphylococcus aureus]	100	99.6	3.45e-191
BAAHTT010000002.1_242|269323|270630|-1|ID=1_242;partial=00;start_type=TTG;rbs_motif=AGGA;rbs_spacer=5-10bp;gc_cont=0.356	WP_000745112.1 MULTISPECIES: branched-chain amino acid transport system II carrier protein BrnQ2 [Staphylococcus]	100	99.8	6.85e-303
BAAHTT010000002.1_243|271214|272104|1|ID=1_243;partial=00;start_type=ATG;rbs_motif=GGAG/GAGG;rbs_spacer=5-10bp;gc_cont=0.328	WP_001033885.1 MULTISPECIES: 5'-nucleotidase, lipoprotein e(P4) family [Staphylococcus]	100	99.7	6.28e-206
BAAHTT010000002.1_244|272354|273403|1|ID=1_244;partial=00;start_type=ATG;rbs_motif=GGAG/GAGG;rbs_spacer=5-10bp;gc_cont=0.330	WP_000477931.1 MULTISPECIES: ABC transporter permease [Staphylococcus]	100	99.7	8.84e-235
BAAHTT010000002.1_245|273416|274093|1|ID=1_245;partial=00;start_type=ATG;rbs_motif=AGGAG;rbs_spacer=5-10bp;gc_cont=0.338	WP_000911019.1 MULTISPECIES: ABC transporter ATP-binding protein [Staphylococcus]	100	99.6	8.13e-153
BAAHTT010000002.1_246|274295|275332|1|ID=1_246;partial=00;start_type=ATG;rbs_motif=None;rbs_spacer=None;gc_cont=0.383	WP_223810476.1 PTS sugar transporter subunit IIC [Staphylococcus aureus]	99.7	96.0	8.39e-205
BAAHTT010000002.1_247|275675|276793|1|ID=1_247;partial=00;start_type=ATG;rbs_motif=AGGAG;rbs_spacer=5-10bp;gc_cont=0.340	WP_001283977.1 MULTISPECIES: carbohydrate kinase [Staphylococcus]	100	99.7	1.56e-267
BAAHTT010000002.1_248|276768|277691|1|ID=1_248;partial=00;start_type=ATG;rbs_motif=GGAG/GAGG;rbs_spacer=5-10bp;gc_cont=0.381	WP_000002056.1 MULTISPECIES: pseudouridine-5'-phosphate glycosidase [Staphylococcus]	100	99.7	9.27e-209
BAAHTT010000002.1_249|277702|278922|1|ID=1_249;partial=00;start_type=ATG;rbs_motif=GGA/GAG/AGG;rbs_spacer=5-10bp;gc_cont=0.332	WP_001022971.1 MULTISPECIES: NupC/NupG family nucleoside CNT transporter [Staphylococcus]	100	99.8	4.63e-268
BAAHTT010000002.1_250|279028|280560|-1|ID=1_250;partial=00;start_type=ATG;rbs_motif=GGA/GAG/AGG;rbs_spacer=5-10bp;gc_cont=0.361	WP_000658552.1 MULTISPECIES: sodium:solute symporter [Staphylococcus]	100	99.8	0.0
BAAHTT010000002.1_251|280600|281481|-1|ID=1_251;partial=00;start_type=ATG;rbs_motif=GGAG/GAGG;rbs_spacer=5-10bp;gc_cont=0.349	WP_001030738.1 MULTISPECIES: N-acetylneuraminate lyase [Staphylococcus]	100	99.7	8.61e-207
BAAHTT010000002.1_252|281597|282499|1|ID=1_252;partial=00;start_type=ATG;rbs_motif=None;rbs_spacer=None;gc_cont=0.371	WP_064646651.1 ROK family protein [Staphylococcus aureus]	99.3	99.7	1.50e-215
BAAHTT010000002.1_253|282776|283576|-1|ID=1_253;partial=00;start_type=ATG;rbs_motif=GGA/GAG/AGG;rbs_spacer=5-10bp;gc_cont=0.337	WP_000667389.1 MULTISPECIES: MurR/RpiR family transcriptional regulator [Staphylococcus]	100	99.6	5.29e-183
BAAHTT010000002.1_254|283717|284385|1|ID=1_254;partial=00;start_type=ATG;rbs_motif=GGAG/GAGG;rbs_spacer=5-10bp;gc_cont=0.378	WP_000936729.1 MULTISPECIES: N-acetylmannosamine-6-phosphate 2-epimerase [Staphylococcus]	100	99.6	9.56e-155
BAAHTT010000002.1_255|284516|285877|-1|ID=1_255;partial=00;start_type=ATG;rbs_motif=GGA/GAG/AGG;rbs_spacer=5-10bp;gc_cont=0.360	WP_001077729.1 MULTISPECIES: YjiH family protein [Staphylococcus]	100	96.3	5.67e-298
BAAHTT010000002.1_256|286247|288319|1|ID=1_256;partial=00;start_type=ATG;rbs_motif=GGAG/GAGG;rbs_spacer=5-10bp;gc_cont=0.373	WP_119305706.1 YSIRK domain-containing triacylglycerol lipase Lip2/Geh [Staphylococcus aureus]	100	99.9	0.0
BAAHTT010000002.1_257|288561|289388|-1|ID=1_257;partial=00;start_type=GTG;rbs_motif=AGGA/GGAG/GAGG;rbs_spacer=11-12bp;gc_cont=0.343	WP_000136014.1 MULTISPECIES: alpha/beta hydrolase [Staphylococcus]	100	99.6	5.39e-201
BAAHTT010000002.1_258|289461|290660|-1|ID=1_258;partial=00;start_type=ATG;rbs_motif=AGGA;rbs_spacer=5-10bp;gc_cont=0.395	WP_000286483.1 MULTISPECIES: NADH-dependent flavin oxidoreductase [Staphylococcus]	100	99.8	3.86e-293
BAAHTT010000002.1_259|290962|291963|1|ID=1_259;partial=00;start_type=TTG;rbs_motif=GGAG/GAGG;rbs_spacer=5-10bp;gc_cont=0.374	WP_000240058.1 MULTISPECIES: LLM class flavin-dependent oxidoreductase [Staphylococcus]	100	99.7	1.61e-238
BAAHTT010000002.1_260|291997|292329|1|ID=1_260;partial=00;start_type=ATG;rbs_motif=AGGA;rbs_spacer=5-10bp;gc_cont=0.363	WP_000731878.1 MULTISPECIES: glycine cleavage system protein H [Staphylococcus]	100	99.1	9.88e-71
BAAHTT010000002.1_261|292330|293130|1|ID=1_261;partial=00;start_type=ATG;rbs_motif=GGAG/GAGG;rbs_spacer=5-10bp;gc_cont=0.363	WP_000449060.1 MULTISPECIES: protein-ADP-ribose hydrolase [Staphylococcus]	100	99.6	7.60e-192
BAAHTT010000002.1_262|293120|294064|1|ID=1_262;partial=00;start_type=ATG;rbs_motif=AGGAG(G)/GGAGG;rbs_spacer=13-15bp;gc_cont=0.378	WP_117218887.1 SIR2 family NAD-dependent protein deacylase [Staphylococcus aureus]	100	99.7	3.46e-228
BAAHTT010000002.1_263|294042|295064|1|ID=1_263;partial=00;start_type=ATG;rbs_motif=GGAG/GAGG;rbs_spacer=5-10bp;gc_cont=0.340	WP_000280800.1 MULTISPECIES: lipoate--protein ligase [Staphylococcus]	100	99.7	2.81e-247
BAAHTT010000002.1_264|295380|296405|1|ID=1_264;partial=00;start_type=ATG;rbs_motif=AGGAG;rbs_spacer=5-10bp;gc_cont=0.354	WP_001060936.1 MULTISPECIES: SDR family oxidoreductase [Staphylococcus]	100	99.7	1.27e-239
BAAHTT010000002.1_265|296498|297844|-1|ID=1_265;partial=00;start_type=ATG;rbs_motif=AGGAG;rbs_spacer=5-10bp;gc_cont=0.382	WP_001147983.1 MULTISPECIES: PTS ascorbate transporter subunit IIC [Staphylococcus]	100	99.8	1.55e-301
BAAHTT010000002.1_266|297859|298143|-1|ID=1_266;partial=00;start_type=ATG;rbs_motif=AGGAG;rbs_spacer=5-10bp;gc_cont=0.351	WP_000699538.1 MULTISPECIES: PTS sugar transporter subunit IIB [Staphylococcus]	100	98.9	1.65e-57
BAAHTT010000002.1_267|298145|298588|-1|ID=1_267;partial=00;start_type=GTG;rbs_motif=AGGAG;rbs_spacer=5-10bp;gc_cont=0.356	WP_000050762.1 MULTISPECIES: PTS sugar transporter subunit IIA [Staphylococcus]	100	99.3	7.72e-97
BAAHTT010000002.1_268|298593|300548|-1|ID=1_268;partial=00;start_type=TTG;rbs_motif=AGGAG;rbs_spacer=5-10bp;gc_cont=0.344	WP_000954261.1 MULTISPECIES: BglG family transcription antiterminator [Staphylococcus]	100	99.8	0.0
BAAHTT010000002.1_269|300760|301179|1|ID=1_269;partial=00;start_type=ATG;rbs_motif=None;rbs_spacer=None;gc_cont=0.336	WP_000397416.1 MULTISPECIES: multidrug efflux transporter transcriptional repressor MepR [Staphylococcus]	100	99.3	1.47e-88
BAAHTT010000002.1_270|301286|302641|1|ID=1_270;partial=00;start_type=ATG;rbs_motif=AGGAG;rbs_spacer=5-10bp;gc_cont=0.331	WP_000651054.1 MULTISPECIES: multidrug efflux MATE transporter MepA [Staphylococcus]	100	99.8	2.28e-300
BAAHTT010000002.1_271|302748|303188|1|ID=1_271;partial=00;start_type=ATG;rbs_motif=GGA/GAG/AGG;rbs_spacer=5-10bp;gc_cont=0.288	WP_000278301.1 MULTISPECIES: MepB family protein [Staphylococcus]	100	99.3	5.90e-105
BAAHTT010000002.1_272|303271|304629|-1|ID=1_272;partial=00;start_type=ATG;rbs_motif=AGGAG;rbs_spacer=5-10bp;gc_cont=0.372	WP_001010111.1 MULTISPECIES: glycerol-3-phosphate transporter [Staphylococcus]	100	99.8	0.0
BAAHTT010000002.1_273|304878|305867|1|ID=1_273;partial=00;start_type=ATG;rbs_motif=GGA/GAG/AGG;rbs_spacer=5-10bp;gc_cont=0.336	WP_001028205.1 MULTISPECIES: VOC family protein [Staphylococcus]	100	93.3	3.28e-224
BAAHTT010000002.1_274|305881|306942|1|ID=1_274;partial=00;start_type=ATG;rbs_motif=AGGAG;rbs_spacer=5-10bp;gc_cont=0.370	WP_117218888.1 LLM class flavin-dependent oxidoreductase [Staphylococcus aureus]	100	99.7	9.17e-255
BAAHTT010000002.1_275|306956|307522|1|ID=1_275;partial=00;start_type=ATG;rbs_motif=AGGAG;rbs_spacer=5-10bp;gc_cont=0.337	WP_001028431.1 MULTISPECIES: NADPH-dependent FMN reductase [Staphylococcus]	100	99.5	1.90e-126
BAAHTT010000002.1_276|307582|308694|-1|ID=1_276;partial=00;start_type=ATG;rbs_motif=None;rbs_spacer=None;gc_cont=0.344	WP_000157643.1 MULTISPECIES: YeiH family protein [Staphylococcus]	100	89.2	3.87e-214
BAAHTT010000002.1_277|308882|309427|1|ID=1_277;partial=00;start_type=ATG;rbs_motif=GGAG/GAGG;rbs_spacer=5-10bp;gc_cont=0.350	WP_000467634.1 MULTISPECIES: GNAT family N-acetyltransferase [Staphylococcus]	100	99.5	4.04e-129
BAAHTT010000002.1_278|309694|310548|1|ID=1_278;partial=00;start_type=ATG;rbs_motif=GGAG/GAGG;rbs_spacer=5-10bp;gc_cont=0.305	WP_000737194.1 MULTISPECIES: iron uptake system protein EfeO [Staphylococcus]	100	99.6	2.94e-173
BAAHTT010000002.1_279|310545|311774|1|ID=1_279;partial=00;start_type=ATG;rbs_motif=None;rbs_spacer=None;gc_cont=0.372	WP_000186214.1 MULTISPECIES: iron uptake transporter deferrochelatase/peroxidase subunit [Staphylococcus]	100	99.8	3.64e-303
BAAHTT010000002.1_280|311755|313467|1|ID=1_280;partial=00;start_type=GTG;rbs_motif=GGAG/GAGG;rbs_spacer=5-10bp;gc_cont=0.339	WP_172576657.1 FTR1 family iron permease [Staphylococcus aureus]	100	99.8	0.0
BAAHTT010000002.1_281|313559|314260|-1|ID=1_281;partial=00;start_type=ATG;rbs_motif=None;rbs_spacer=None;gc_cont=0.336	WP_001566900.1 MULTISPECIES: twin-arginine translocase subunit TatC [Staphylococcus]	100	99.6	3.03e-152
BAAHTT010000002.1_282|314277|314492|-1|ID=1_282;partial=00;start_type=ATG;rbs_motif=GGAG/GAGG;rbs_spacer=5-10bp;gc_cont=0.361	WP_000632271.1 twin-arginine translocase TatA/TatE family subunit [Staphylococcus aureus]	100	98.6	1.06e-36
BAAHTT010000002.1_283|314600|314989|-1|ID=1_283;partial=00;start_type=ATG;rbs_motif=AGGAG;rbs_spacer=5-10bp;gc_cont=0.346	WP_000886013.1 MULTISPECIES: DUF1398 domain-containing protein [Staphylococcus]	100	99.2	6.70e-87
BAAHTT010000002.1_284|315229|315432|1|ID=1_284;partial=00;start_type=GTG;rbs_motif=AGGAG;rbs_spacer=5-10bp;gc_cont=0.397	WP_001246009.1 MULTISPECIES: helix-turn-helix transcriptional regulator [Staphylococcus]	100	98.5	1.89e-35
BAAHTT010000002.1_285|315429|316142|1|ID=1_285;partial=00;start_type=ATG;rbs_motif=AGGAG;rbs_spacer=5-10bp;gc_cont=0.315	WP_000698768.1 MULTISPECIES: DUF3169 family protein [Staphylococcus]	100	99.6	2.72e-141
BAAHTT010000002.1_286|316167|317009|1|ID=1_286;partial=00;start_type=ATG;rbs_motif=AGGAG;rbs_spacer=5-10bp;gc_cont=0.320	WP_000209553.1 MULTISPECIES: ABC transporter ATP-binding protein [Staphylococcus]	100	99.6	5.76e-194
BAAHTT010000002.1_287|317009|317638|1|ID=1_287;partial=00;start_type=ATG;rbs_motif=GGAG/GAGG;rbs_spacer=5-10bp;gc_cont=0.327	WP_000677725.1 MULTISPECIES: ABC-2 transporter permease [Staphylococcus]	100	99.5	8.56e-122
BAAHTT010000002.1_288|318028|319161|-1|ID=1_288;partial=00;start_type=ATG;rbs_motif=AGGAG;rbs_spacer=5-10bp;gc_cont=0.317	WP_000245682.1 MULTISPECIES: low temperature requirement protein A [Staphylococcus]	100	99.7	8.60e-263
BAAHTT010000002.1_289|319700|320881|1|ID=1_289;partial=00;start_type=ATG;rbs_motif=AGGA/GGAG/GAGG;rbs_spacer=11-12bp;gc_cont=0.386	WP_000199069.1 MULTISPECIES: acetyl-CoA C-acetyltransferase [Staphylococcus]	100	99.7	2.00e-276
BAAHTT010000002.1_290|320964|321716|-1|ID=1_290;partial=00;start_type=ATG;rbs_motif=None;rbs_spacer=None;gc_cont=0.371	WP_000195907.1 MULTISPECIES: cyclase family protein [Staphylococcus]	100	99.6	3.36e-187
BAAHTT010000002.1_291|321759|323987|-1|ID=1_291;partial=00;start_type=ATG;rbs_motif=AGGAG;rbs_spacer=5-10bp;gc_cont=0.344	WP_000207619.1 MULTISPECIES: 5-methyltetrahydropteroyltriglutamate--homocysteine S-methyltransferase [Staphylococcus]	100	99.9	0.0
BAAHTT010000002.1_292|323984|325825|-1|ID=1_292;partial=00;start_type=ATG;rbs_motif=AGGAG;rbs_spacer=5-10bp;gc_cont=0.363	WP_000077320.1 MULTISPECIES: bifunctional homocysteine S-methyltransferase/methylenetetrahydrofolate reductase [Staphylococcus]	100	99.8	0.0
BAAHTT010000002.1_293|325794|326954|-1|ID=1_293;partial=00;start_type=ATG;rbs_motif=GGAG/GAGG;rbs_spacer=5-10bp;gc_cont=0.380	WP_000175854.1 MULTISPECIES: cystathionine beta-lyase MetC [Staphylococcus]	100	99.7	1.35e-275
BAAHTT010000002.1_294|326951|328054|-1|ID=1_294;partial=00;start_type=ATG;rbs_motif=AGGAG;rbs_spacer=5-10bp;gc_cont=0.359	WP_000655703.1 MULTISPECIES: aminotransferase class I/II-fold pyridoxal phosphate-dependent enzyme [Staphylococcus]	100	99.7	2.66e-261
BAAHTT010000002.1_296|328718|329563|1|ID=1_296;partial=00;start_type=GTG;rbs_motif=None;rbs_spacer=None;gc_cont=0.337	WP_001566903.1 MULTISPECIES: ParB/RepB/Spo0J family partition protein [Staphylococcus]	100	99.6	1.57e-187
BAAHTT010000002.1_297|329720|330601|1|ID=1_297;partial=00;start_type=ATG;rbs_motif=AGGA/GGAG/GAGG;rbs_spacer=11-12bp;gc_cont=0.306	WP_001077602.1 MULTISPECIES: mechanosensitive ion channel family protein [Staphylococcus]	100	99.7	4.03e-150
BAAHTT010000002.1_298|330631|330834|1|ID=1_298;partial=00;start_type=ATG;rbs_motif=GGAG/GAGG;rbs_spacer=5-10bp;gc_cont=0.294	WP_000157345.1 MULTISPECIES: DUF951 domain-containing protein [Staphylococcus]	100	98.5	1.48e-41
BAAHTT010000002.1_299|330846|331943|1|ID=1_299;partial=00;start_type=ATG;rbs_motif=AGGAG;rbs_spacer=5-10bp;gc_cont=0.352	WP_001218732.1 MULTISPECIES: redox-regulated ATPase YchF [Staphylococcus]	100	99.7	2.44e-256
BAAHTT010000002.1_300|332029|332220|-1|ID=1_300;partial=00;start_type=ATG;rbs_motif=GGAG/GAGG;rbs_spacer=5-10bp;gc_cont=0.323	WP_001052483.1 MULTISPECIES: hypothetical protein [Staphylococcus]	100	98.4	9.23e-41
BAAHTT010000002.1_301|332464|332760|1|ID=1_301;partial=00;start_type=ATG;rbs_motif=AGGAG(G)/GGAGG;rbs_spacer=13-15bp;gc_cont=0.384	WP_001261460.1 MULTISPECIES: 30S ribosomal protein S6 [Bacteria]	100	99.0	3.52e-63
BAAHTT010000002.1_302|332781|333284|1|ID=1_302;partial=00;start_type=ATG;rbs_motif=GGAG/GAGG;rbs_spacer=5-10bp;gc_cont=0.381	WP_061839556.1 single-stranded DNA-binding protein [Staphylococcus aureus]	91.6	99.4	1.08e-99
BAAHTT010000002.1_303|333336|333578|1|ID=1_303;partial=00;start_type=ATG;rbs_motif=AGGAG;rbs_spacer=5-10bp;gc_cont=0.370	WP_000897044.1 MULTISPECIES: 30S ribosomal protein S18 [Bacteria]	100	98.8	3.02e-49
BAAHTT010000002.1_304|333844|334836|-1|ID=1_304;partial=00;start_type=ATG;rbs_motif=None;rbs_spacer=None;gc_cont=0.284	WP_072419886.1 MULTISPECIES: Abi family protein [Staphylococcus]	100	94.3	9.74e-225
BAAHTT010000002.1_305|335116|335244|-1|ID=1_305;partial=00;start_type=ATG;rbs_motif=GGA/GAG/AGG;rbs_spacer=5-10bp;gc_cont=0.380	WP_326024596.1 tyrosine-type recombinase/integrase [Staphylococcus saprophyticus]	79.4	79.1	5.24e-06
BAAHTT010000002.1_306|335241|335381|-1|ID=1_306;partial=00;start_type=ATG;rbs_motif=None;rbs_spacer=None;gc_cont=0.326	WP_000237577.1 integrase [Staphylococcus aureus]	100	97.9	1.48e-24
BAAHTT010000002.1_307|335741|336352|1|ID=1_307;partial=00;start_type=ATG;rbs_motif=AGGAG;rbs_spacer=5-10bp;gc_cont=0.302	WP_000473941.1 exotoxin beta-grasp domain-containing protein [Staphylococcus aureus]	100	99.5	1.13e-139
BAAHTT010000002.1_309|336721|337122|1|ID=1_309;partial=00;start_type=TTG;rbs_motif=GGAG/GAGG;rbs_spacer=5-10bp;gc_cont=0.316	WP_000849170.1 MULTISPECIES: YxeA family protein [unclassified Staphylococcus]	100	99.3	1.82e-86
BAAHTT010000002.1_310|337237|337842|1|ID=1_310;partial=00;start_type=ATG;rbs_motif=None;rbs_spacer=None;gc_cont=0.310	WP_000769722.1 MULTISPECIES: PepSY domain-containing protein [Staphylococcus]	100	94.1	9.10e-122
BAAHTT010000002.1_311|337980|338243|-1|ID=1_311;partial=00;start_type=ATG;rbs_motif=GGAG/GAGG;rbs_spacer=5-10bp;gc_cont=0.295	WP_001055897.1 MULTISPECIES: helix-turn-helix domain-containing protein [Staphylococcus]	100	98.9	1.21e-58
BAAHTT010000002.1_312|338537|338788|1|ID=1_312;partial=00;start_type=ATG;rbs_motif=AGGAG;rbs_spacer=5-10bp;gc_cont=0.365	WP_000466739.1 MULTISPECIES: GlsB/YeaQ/YmgE family stress response membrane protein [Staphylococcus]	100	98.8	3.61e-38
BAAHTT010000002.1_313|338827|339036|-1|ID=1_313;partial=00;start_type=ATG;rbs_motif=None;rbs_spacer=None;gc_cont=0.271	WP_000211676.1 MULTISPECIES: hypothetical protein [Staphylococcus]	100	98.6	5.93e-42
BAAHTT010000002.1_314|339214|339795|1|ID=1_314;partial=00;start_type=ATG;rbs_motif=AGGAG;rbs_spacer=5-10bp;gc_cont=0.321	WP_000158375.1 MULTISPECIES: histidine phosphatase family protein [Staphylococcus]	100	99.5	1.50e-139
BAAHTT010000002.1_315|339861|340247|-1|ID=1_315;partial=00;start_type=ATG;rbs_motif=AGGA;rbs_spacer=5-10bp;gc_cont=0.313	WP_000868260.1 MULTISPECIES: hypothetical protein [Staphylococcus]	100	98.4	4.75e-75
BAAHTT010000002.1_316|340499|341125|-1|ID=1_316;partial=00;start_type=ATG;rbs_motif=AGGA/GGAG/GAGG;rbs_spacer=11-12bp;gc_cont=0.306	WP_000746680.1 MULTISPECIES: NDxxF motif lipoprotein [Staphylococcus]	100	99.5	1.07e-135
BAAHTT010000002.1_317|341198|342808|-1|ID=1_317;partial=00;start_type=ATG;rbs_motif=GGAG/GAGG;rbs_spacer=5-10bp;gc_cont=0.298	WP_000887776.1 MULTISPECIES: hypothetical protein [Staphylococcus]	100	99.8	0.0
BAAHTT010000002.1_318|342923|344446|-1|ID=1_318;partial=00;start_type=ATG;rbs_motif=AGGAGG;rbs_spacer=5-10bp;gc_cont=0.379	WP_000930514.1 MULTISPECIES: alkyl hydroperoxide reductase subunit F [Staphylococcus]	100	99.8	0.0
BAAHTT010000002.1_319|344462|345031|-1|ID=1_319;partial=00;start_type=ATG;rbs_motif=AGGAG;rbs_spacer=5-10bp;gc_cont=0.370	WP_000052781.1 MULTISPECIES: alkyl hydroperoxide reductase subunit C [Staphylococcus]	100	99.5	3.05e-137
BAAHTT010000002.1_320|345472|346278|1|ID=1_320;partial=00;start_type=TTG;rbs_motif=GGA/GAG/AGG;rbs_spacer=5-10bp;gc_cont=0.372	WP_001797637.1 oxygen-insensitive NADPH nitroreductase [Staphylococcus aureus]	98.8	94.4	4.62e-177
BAAHTT010000002.1_321|346359|347747|-1|ID=1_321;partial=00;start_type=ATG;rbs_motif=AGGAG;rbs_spacer=5-10bp;gc_cont=0.393	WP_000991017.1 MULTISPECIES: L-cystine transporter [Staphylococcus]	100	99.8	3.71e-307
BAAHTT010000002.1_322|348921|349877|-1|ID=1_322;partial=00;start_type=ATG;rbs_motif=AGGA;rbs_spacer=5-10bp;gc_cont=0.375	WP_368410550.1 hypothetical protein [Staphylococcus aureus]	100	99.7	1.18e-133
BAAHTT010000002.1_323|349995|350657|-1|ID=1_323;partial=00;start_type=ATG;rbs_motif=GGAG/GAGG;rbs_spacer=5-10bp;gc_cont=0.302	WP_000394698.1 MULTISPECIES: hypothetical protein [Staphylococcus]	100	99.5	8.20e-155
BAAHTT010000002.1_324|350800|351207|-1|ID=1_324;partial=00;start_type=ATG;rbs_motif=GGA/GAG/AGG;rbs_spacer=5-10bp;gc_cont=0.328	WP_000763768.1 MULTISPECIES: general stress protein [Staphylococcus]	100	99.3	1.81e-87
BAAHTT010000002.1_325|351720|352298|1|ID=1_325;partial=00;start_type=GTG;rbs_motif=AGGAG;rbs_spacer=5-10bp;gc_cont=0.358	WP_000421410.1 MULTISPECIES: xanthine phosphoribosyltransferase [Staphylococcus]	100	99.5	5.64e-130
BAAHTT010000002.1_326|352298|353566|1|ID=1_326;partial=00;start_type=ATG;rbs_motif=GGAG/GAGG;rbs_spacer=5-10bp;gc_cont=0.356	WP_000793023.1 MULTISPECIES: xanthine permease PbuX [Staphylococcus]	100	99.8	5.49e-291
BAAHTT010000002.1_327|353604|355070|1|ID=1_327;partial=00;start_type=ATG;rbs_motif=GGAG/GAGG;rbs_spacer=5-10bp;gc_cont=0.378	WP_000264071.1 MULTISPECIES: IMP dehydrogenase [Staphylococcus]	100	99.8	0.0
BAAHTT010000002.1_328|355095|356636|1|ID=1_328;partial=00;start_type=ATG;rbs_motif=AGGAG;rbs_spacer=5-10bp;gc_cont=0.372	WP_000424968.1 MULTISPECIES: glutamine-hydrolyzing GMP synthase [Staphylococcus]	100	99.8	0.0
BAAHTT010000002.1_329|357100|358254|1|ID=1_329;partial=00;start_type=ATG;rbs_motif=None;rbs_spacer=None;gc_cont=0.248	WP_001793186.1 Abi family protein [Staphylococcus aureus]	100	99.7	2.65e-281
BAAHTT010000002.1_330|358880|359272|-1|ID=1_330;partial=00;start_type=ATG;rbs_motif=AGGAG;rbs_spacer=5-10bp;gc_cont=0.270	WP_000888757.1 MULTISPECIES: hypothetical protein [Staphylococcus]	100	99.2	1.99e-84
BAAHTT010000002.1_331|359294|359773|-1|ID=1_331;partial=00;start_type=ATG;rbs_motif=AGGA/GGAG/GAGG;rbs_spacer=11-12bp;gc_cont=0.350	WP_000704946.1 MULTISPECIES: hypothetical protein [Staphylococcus]	100	99.4	1.51e-102
BAAHTT010000002.1_333|360699|361031|1|ID=1_333;partial=00;start_type=GTG;rbs_motif=AGGAG;rbs_spacer=5-10bp;gc_cont=0.426	WP_000212549.1 hypothetical protein [Staphylococcus aureus]	100	99.1	5.67e-52
BAAHTT010000002.1_334|361050|361250|1|ID=1_334;partial=00;start_type=ATG;rbs_motif=AGGAG;rbs_spacer=5-10bp;gc_cont=0.229	WP_259339051.1 DegT/DnrJ/EryC1/StrS family aminotransferase [Staphylococcus arlettae]	58.5	61.2	4.72e-05
BAAHTT010000002.1_335|361632|361910|-1|ID=1_335;partial=00;start_type=ATG;rbs_motif=None;rbs_spacer=None;gc_cont=0.297	WP_233146474.1 hypothetical protein, partial [Staphylococcus aureus]	100	79.6	5.50e-45
BAAHTT010000002.1_336|362136|363962|1|ID=1_336;partial=00;start_type=ATG;rbs_motif=AGGAG;rbs_spacer=5-10bp;gc_cont=0.269	WP_117201018.1 DUF262 domain-containing protein [Staphylococcus aureus]	100	99.8	0.0
BAAHTT010000002.1_337|363830|364198|-1|ID=1_337;partial=00;start_type=GTG;rbs_motif=None;rbs_spacer=None;gc_cont=0.257	WP_144531591.1 transposase, partial [Bacillus subtilis]	83.3	29.3	4.05e-10
BAAHTT010000002.1_338|364500|364922|-1|ID=1_338;partial=00;start_type=ATG;rbs_motif=GGA/GAG/AGG;rbs_spacer=11-12bp;gc_cont=0.253	WP_000843946.1 MULTISPECIES: hypothetical protein [Staphylococcus]	100	99.3	2.44e-92
BAAHTT010000002.1_339|365247|365795|-1|ID=1_339;partial=00;start_type=ATG;rbs_motif=None;rbs_spacer=None;gc_cont=0.282	WP_410202676.1 hypothetical protein, partial [Staphylococcus aureus]	100	54.1	5.01e-62
BAAHTT010000002.1_340|365776|365928|-1|ID=1_340;partial=00;start_type=ATG;rbs_motif=AGGAG;rbs_spacer=5-10bp;gc_cont=0.261	WP_000248840.1 MULTISPECIES: hypothetical protein [Staphylococcus]	100	98.0	2.11e-27
BAAHTT010000002.1_341|366291|366698|1|ID=1_341;partial=00;start_type=ATG;rbs_motif=AGGAG;rbs_spacer=5-10bp;gc_cont=0.289	WP_117222506.1 DUF2992 family protein [Staphylococcus aureus]	95.6	99.3	2.02e-59
BAAHTT010000002.1_342|366745|367227|1|ID=1_342;partial=00;start_type=ATG;rbs_motif=GGA/GAG/AGG;rbs_spacer=5-10bp;gc_cont=0.321	WP_000600865.1 MULTISPECIES: DUF523 domain-containing protein [Staphylococcus]	100	99.4	8.44e-114
BAAHTT010000002.1_343|367427|368116|1|ID=1_343;partial=00;start_type=ATG;rbs_motif=AGGAG;rbs_spacer=5-10bp;gc_cont=0.284	WP_000416469.1 MULTISPECIES: NYN domain-containing protein [Staphylococcus]	100	99.6	5.53e-162
BAAHTT010000002.1_344|368375|368734|-1|ID=1_344;partial=00;start_type=GTG;rbs_motif=AGGAG;rbs_spacer=5-10bp;gc_cont=0.319	WP_001021621.1 MULTISPECIES: DUF1304 domain-containing protein [Staphylococcus]	100	99.2	8.13e-72
BAAHTT010000002.1_345|368753|369598|-1|ID=1_345;partial=00;start_type=ATG;rbs_motif=AGGAG;rbs_spacer=5-10bp;gc_cont=0.356	WP_001024374.1 MULTISPECIES: SDR family oxidoreductase [Staphylococcus]	100	99.6	1.32e-204
BAAHTT010000002.1_346|370070|370750|1|ID=1_346;partial=00;start_type=ATG;rbs_motif=None;rbs_spacer=None;gc_cont=0.298	WP_000669009.1 MULTISPECIES: superantigen-like protein SSL1 [Staphylococcus]	100	99.6	7.84e-156
BAAHTT010000002.1_347|371036|371731|1|ID=1_347;partial=00;start_type=ATG;rbs_motif=GGAG/GAGG;rbs_spacer=5-10bp;gc_cont=0.295	WP_000782839.1 MULTISPECIES: superantigen-like protein SSL2 [Staphylococcus]	100	99.6	1.07e-160
BAAHTT010000002.1_348|372022|373092|1|ID=1_348;partial=00;start_type=ATG;rbs_motif=GGAG/GAGG;rbs_spacer=5-10bp;gc_cont=0.340	WP_001837402.1 superantigen-like protein SSL3 [Staphylococcus aureus]	100	99.7	2.74e-184
BAAHTT010000002.1_349|373456|374160|1|ID=1_349;partial=00;start_type=ATG;rbs_motif=GGAG/GAGG;rbs_spacer=5-10bp;gc_cont=0.319	WP_000781345.1 MULTISPECIES: superantigen-like protein SSL5 [Staphylococcus]	100	99.6	6.22e-166
BAAHTT010000002.1_350|374606|375304|1|ID=1_350;partial=00;start_type=ATG;rbs_motif=GGAG/GAGG;rbs_spacer=5-10bp;gc_cont=0.295	WP_000767929.1 MULTISPECIES: superantigen-like protein SSL6 [Staphylococcus]	100	99.6	3.71e-157
BAAHTT010000002.1_351|375726|376421|1|ID=1_351;partial=00;start_type=GTG;rbs_motif=GGAG/GAGG;rbs_spacer=5-10bp;gc_cont=0.303	WP_000769837.1 MULTISPECIES: superantigen-like protein SSL7 [Staphylococcus]	100	99.6	2.42e-157
BAAHTT010000002.1_352|376760|377458|1|ID=1_352;partial=00;start_type=ATG;rbs_motif=GGAG/GAGG;rbs_spacer=5-10bp;gc_cont=0.285	WP_000673035.1 MULTISPECIES: superantigen-like protein SSL8 [Staphylococcus]	100	99.6	1.84e-157
BAAHTT010000002.1_353|377837|378535|1|ID=1_353;partial=00;start_type=ATG;rbs_motif=GGAG/GAGG;rbs_spacer=5-10bp;gc_cont=0.289	WP_000673059.1 MULTISPECIES: superantigen-like protein SSL9 [Staphylococcus]	100	99.6	1.30e-157
BAAHTT010000002.1_354|378894|379577|1|ID=1_354;partial=00;start_type=ATG;rbs_motif=GGAG/GAGG;rbs_spacer=5-10bp;gc_cont=0.295	WP_000778477.1 MULTISPECIES: superantigen-like protein SSL10 [Staphylococcus]	100	99.6	2.83e-154
BAAHTT010000002.1_355|379839|381011|1|ID=1_355;partial=01;start_type=ATG;rbs_motif=GGAG/GAGG;rbs_spacer=5-10bp;gc_cont=0.391	WP_140855103.1 type I restriction-modification system subunit M, partial [Staphylococcus aureus]	100	100	2.01e-283
