BAAHTQ010000004.1_2|193|417|1|ID=1_2;partial=00;start_type=ATG;rbs_motif=GGA/GAG/AGG;rbs_spacer=11-12bp;gc_cont=0.342	WP_031883611.1 serine protease SplD, partial [Staphylococcus aureus]	100	98.7	5.22e-43
BAAHTQ010000004.1_3|575|1291|1|ID=1_3;partial=00;start_type=ATG;rbs_motif=AGGAG;rbs_spacer=5-10bp;gc_cont=0.344	WP_001038759.1 MULTISPECIES: serine protease SplE [Staphylococcus]	100	99.6	6.21e-168
BAAHTQ010000004.1_4|1442|2161|1|ID=1_4;partial=00;start_type=ATG;rbs_motif=AGGAG;rbs_spacer=5-10bp;gc_cont=0.331	WP_001038688.1 MULTISPECIES: serine protease SplF [Staphylococcus]	100	99.6	1.58e-166
BAAHTQ010000004.1_5|2524|4080|1|ID=1_5;partial=00;start_type=ATG;rbs_motif=GGAG/GAGG;rbs_spacer=5-10bp;gc_cont=0.387	WP_000028669.1 MULTISPECIES: type I restriction-modification system subunit M [Staphylococcus]	99.8	99.8	0.0
BAAHTQ010000004.1_6|4073|5272|1|ID=1_6;partial=00;start_type=ATG;rbs_motif=None;rbs_spacer=None;gc_cont=0.302	WP_000072623.1 restriction endonuclease subunit S [Staphylococcus aureus]	100	99.8	2.14e-290
BAAHTQ010000004.1_7|6122|10234|1|ID=1_7;partial=00;start_type=TTG;rbs_motif=AGGAG;rbs_spacer=5-10bp;gc_cont=0.245	WP_000831218.1 MULTISPECIES: SMEK domain-containing protein [Staphylococcus]	100	99.9	0.0
BAAHTQ010000004.1_8|10659|11132|1|ID=1_8;partial=00;start_type=ATG;rbs_motif=None;rbs_spacer=None;gc_cont=0.245	WP_001037045.1 MULTISPECIES: DUF1433 domain-containing protein [Staphylococcus]	98.4	79.1	3.00e-76
BAAHTQ010000004.1_10|12002|12145|1|ID=1_10;partial=00;start_type=ATG;rbs_motif=GGA/GAG/AGG;rbs_spacer=5-10bp;gc_cont=0.319	WP_001549059.1 MULTISPECIES: transposase [Staphylococcus]	100	97.9	2.88e-26
BAAHTQ010000004.1_11|12348|12557|1|ID=1_11;partial=00;start_type=ATG;rbs_motif=None;rbs_spacer=None;gc_cont=0.281	WP_001790863.1 transposase [Staphylococcus aureus]	100	98.6	5.93e-42
BAAHTQ010000004.1_12|12749|13066|1|ID=1_12;partial=00;start_type=TTG;rbs_motif=GGA/GAG/AGG;rbs_spacer=5-10bp;gc_cont=0.330	WP_111314635.1 hypothetical protein, partial [Staphylococcus aureus]	100	99.1	8.28e-61
BAAHTQ010000004.1_13|13143|13319|1|ID=1_13;partial=00;start_type=ATG;rbs_motif=GGA/GAG/AGG;rbs_spacer=5-10bp;gc_cont=0.203	WP_000375477.1 MULTISPECIES: hypothetical protein [Staphylococcus]	100	98.3	2.54e-27
BAAHTQ010000004.1_14|13343|13507|1|ID=1_14;partial=00;start_type=ATG;rbs_motif=None;rbs_spacer=None;gc_cont=0.315	WP_348539031.1 DUF1433 domain-containing protein [Staphylococcus aureus]	95.0	72.7	3.97e-19
BAAHTQ010000004.1_15|13693|14160|1|ID=1_15;partial=00;start_type=TTG;rbs_motif=GGAG/GAGG;rbs_spacer=5-10bp;gc_cont=0.271	WP_238994043.1 ImmA/IrrE family metallo-endopeptidase, partial [Staphylococcus aureus]	99.4	99.4	4.73e-103
BAAHTQ010000004.1_16|14448|15092|-1|ID=1_16;partial=00;start_type=ATG;rbs_motif=None;rbs_spacer=None;gc_cont=0.304	WP_000414202.1 MULTISPECIES: hypothetical protein [Staphylococcus]	99.5	88.4	4.15e-135
BAAHTQ010000004.1_17|15121|15462|-1|ID=1_17;partial=00;start_type=ATG;rbs_motif=AGGAG;rbs_spacer=5-10bp;gc_cont=0.304	WP_000627541.1 MULTISPECIES: DUF3969 family protein [Staphylococcus]	100	99.1	6.60e-75
BAAHTQ010000004.1_18|15503|16129|-1|ID=1_18;partial=00;start_type=ATG;rbs_motif=AGGAG;rbs_spacer=5-10bp;gc_cont=0.321	WP_000669017.1 MULTISPECIES: hypothetical protein [Staphylococcus]	100	99.5	6.20e-135
BAAHTQ010000004.1_19|16203|17255|-1|ID=1_19;partial=00;start_type=TTG;rbs_motif=None;rbs_spacer=None;gc_cont=0.347	WP_337240288.1 DUF4352 domain-containing protein [Staphylococcus aureus]	100	94.3	1.82e-139
BAAHTQ010000004.1_20|17279|17929|-1|ID=1_20;partial=00;start_type=ATG;rbs_motif=None;rbs_spacer=None;gc_cont=0.327	WP_001793444.1 MULTISPECIES: excalibur calcium-binding domain-containing protein [Staphylococcus]	100	99.5	2.79e-119
BAAHTQ010000004.1_21|18205|18480|1|ID=1_21;partial=00;start_type=TTG;rbs_motif=GGAG/GAGG;rbs_spacer=5-10bp;gc_cont=0.290	WP_163994626.1 DUF4909 domain-containing protein, partial [Staphylococcus aureus]	100	89.1	1.38e-52
BAAHTQ010000004.1_22|18846|20324|1|ID=1_22;partial=00;start_type=ATG;rbs_motif=GGAG/GAGG;rbs_spacer=5-10bp;gc_cont=0.360	WP_000348356.1 MULTISPECIES: o-succinylbenzoate--CoA ligase [Staphylococcus]	100	99.8	0.0
BAAHTQ010000004.1_23|20329|21330|1|ID=1_23;partial=00;start_type=ATG;rbs_motif=GGAG/GAGG;rbs_spacer=5-10bp;gc_cont=0.363	WP_117200998.1 o-succinylbenzoate synthase [Staphylococcus aureus]	100	99.7	4.60e-238
BAAHTQ010000004.1_24|21327|21584|-1|ID=1_24;partial=00;start_type=ATG;rbs_motif=GGAG/GAGG;rbs_spacer=5-10bp;gc_cont=0.376	WP_000718107.1 MULTISPECIES: membrane protein insertion efficiency factor YidD [Bacilli]	100	98.8	7.36e-59
BAAHTQ010000004.1_25|21590|22123|1|ID=1_25;partial=00;start_type=ATG;rbs_motif=None;rbs_spacer=None;gc_cont=0.348	WP_000672013.1 MULTISPECIES: RNA deprotection pyrophosphohydrolase [Staphylococcus]	99.4	88.2	1.92e-107
BAAHTQ010000004.1_26|22104|22874|1|ID=1_26;partial=00;start_type=TTG;rbs_motif=GGAG/GAGG;rbs_spacer=5-10bp;gc_cont=0.388	WP_016169057.1 MULTISPECIES: alpha/beta hydrolase family protein [Staphylococcus]	100	96.5	1.50e-182
BAAHTQ010000004.1_27|23252|24844|-1|ID=1_27;partial=00;start_type=ATG;rbs_motif=GGAG/GAGG;rbs_spacer=5-10bp;gc_cont=0.351	WP_000109910.1 MULTISPECIES: phosphoenolpyruvate carboxykinase (ATP) [Staphylococcus]	100	99.8	0.0
BAAHTQ010000004.1_28|25114|26409|1|ID=1_28;partial=00;start_type=ATG;rbs_motif=None;rbs_spacer=None;gc_cont=0.372	WP_000933822.1 MULTISPECIES: methionine adenosyltransferase [Staphylococcus]	100	91.9	1.12e-277
BAAHTQ010000004.1_29|26534|27442|1|ID=1_29;partial=00;start_type=ATG;rbs_motif=AGGAG;rbs_spacer=5-10bp;gc_cont=0.303	WP_000366158.1 MULTISPECIES: nuclease-related domain-containing protein [Staphylococcus]	100	99.7	4.00e-196
BAAHTQ010000004.1_30|27654|28487|1|ID=1_30;partial=00;start_type=ATG;rbs_motif=GGAG/GAGG;rbs_spacer=5-10bp;gc_cont=0.345	WP_000453314.1 MULTISPECIES: aldo/keto reductase [Staphylococcus]	100	99.6	2.19e-201
BAAHTQ010000004.1_31|28870|29223|-1|ID=1_31;partial=00;start_type=ATG;rbs_motif=AGxAGG/AGGxGG;rbs_spacer=5-10bp;gc_cont=0.314	WP_000623476.1 MULTISPECIES: fluoride efflux transporter FluC [Staphylococcus]	100	99.2	1.51e-57
BAAHTQ010000004.1_32|29220|29585|-1|ID=1_32;partial=00;start_type=ATG;rbs_motif=GGAG/GAGG;rbs_spacer=5-10bp;gc_cont=0.333	WP_001200542.1 MULTISPECIES: fluoride efflux transporter CrcB [Staphylococcus]	100	99.2	6.14e-77
BAAHTQ010000004.1_33|29841|30143|-1|ID=1_33;partial=00;start_type=ATG;rbs_motif=AGGAG;rbs_spacer=5-10bp;gc_cont=0.261	WP_000091445.1 MULTISPECIES: hypothetical protein [Staphylococcus]	100	99.0	1.04e-56
BAAHTQ010000004.1_34|30403|31116|1|ID=1_34;partial=00;start_type=ATG;rbs_motif=AGGAG;rbs_spacer=5-10bp;gc_cont=0.346	WP_001096494.1 MULTISPECIES: transaldolase [Staphylococcus]	100	99.6	5.93e-161
BAAHTQ010000004.1_35|31556|32191|-1|ID=1_35;partial=00;start_type=ATG;rbs_motif=AGGA;rbs_spacer=5-10bp;gc_cont=0.286	WP_001168907.1 MULTISPECIES: CPBP family intramembrane glutamic endopeptidase SdpA [Staphylococcus]	100	99.5	3.31e-136
BAAHTQ010000004.1_36|32487|32930|1|ID=1_36;partial=00;start_type=ATG;rbs_motif=AGGAG(G)/GGAGG;rbs_spacer=13-15bp;gc_cont=0.270	WP_407798378.1 hypothetical protein [Staphylococcus aureus]	91.8	99.3	1.52e-78
BAAHTQ010000004.1_37|32917|33360|-1|ID=1_37;partial=00;start_type=TTG;rbs_motif=AGGAG;rbs_spacer=5-10bp;gc_cont=0.297	WP_001153742.1 MULTISPECIES: competence protein ComK [Staphylococcus]	100	99.3	1.39e-99
BAAHTQ010000004.1_38|33473|34021|-1|ID=1_38;partial=00;start_type=ATG;rbs_motif=None;rbs_spacer=None;gc_cont=0.275	WP_000671052.1 MULTISPECIES: RNA polymerase sigma factor SigS [Staphylococcus]	99.4	85.2	4.57e-107
BAAHTQ010000004.1_39|34142|34366|1|ID=1_39;partial=00;start_type=ATG;rbs_motif=GGAG/GAGG;rbs_spacer=5-10bp;gc_cont=0.284	WP_000384171.1 MULTISPECIES: hypothetical protein [Staphylococcus]	100	98.7	3.83e-47
BAAHTQ010000004.1_40|34609|35496|1|ID=1_40;partial=00;start_type=ATG;rbs_motif=None;rbs_spacer=None;gc_cont=0.312	WP_001032833.1 MULTISPECIES: N-acetylglucosaminidase [Staphylococcus]	100	95.9	5.27e-204
BAAHTQ010000004.1_41|35583|36875|-1|ID=1_41;partial=00;start_type=ATG;rbs_motif=None;rbs_spacer=None;gc_cont=0.319	WP_117200996.1 arsenite efflux transporter membrane subunit ArsB [Staphylococcus aureus]	100	99.8	8.40e-290
BAAHTQ010000004.1_42|36875|37189|-1|ID=1_42;partial=00;start_type=ATG;rbs_motif=AGGAG;rbs_spacer=5-10bp;gc_cont=0.305	WP_000221179.1 MULTISPECIES: ArsR/SmtB family transcription factor [Staphylococcus]	100	99.0	2.49e-68
BAAHTQ010000004.1_43|37712|39214|1|ID=1_43;partial=00;start_type=ATG;rbs_motif=AGGA;rbs_spacer=5-10bp;gc_cont=0.313	WP_001261671.1 MULTISPECIES: FAD/NAD(P)-binding protein [Staphylococcus]	100	99.8	0.0
BAAHTQ010000004.1_44|39707|40738|1|ID=1_44;partial=00;start_type=ATG;rbs_motif=GGA/GAG/AGG;rbs_spacer=5-10bp;gc_cont=0.348	WP_172576661.1 bifunctional diaminohydroxyphosphoribosylaminopyrimidine deaminase/5-amino-6-(5-phosphoribosylamino)uracil reductase RibD [Staphylococcus aureus]	100	99.7	1.83e-250
BAAHTQ010000004.1_45|40745|41377|1|ID=1_45;partial=00;start_type=ATG;rbs_motif=AGxAG;rbs_spacer=5-10bp;gc_cont=0.332	WP_000493886.1 MULTISPECIES: riboflavin synthase [Staphylococcus]	100	99.5	3.62e-144
BAAHTQ010000004.1_46|41388|42569|1|ID=1_46;partial=00;start_type=ATG;rbs_motif=AGGAG;rbs_spacer=5-10bp;gc_cont=0.340	WP_001159035.1 MULTISPECIES: 3,4-dihydroxy-2-butanone-4-phosphate synthase [Staphylococcus]	100	99.7	4.11e-285
BAAHTQ010000004.1_47|42582|43046|1|ID=1_47;partial=00;start_type=ATG;rbs_motif=AGGAG;rbs_spacer=5-10bp;gc_cont=0.333	WP_001008549.1 MULTISPECIES: 6,7-dimethyl-8-ribityllumazine synthase [Staphylococcus]	100	99.4	2.45e-101
BAAHTQ010000004.1_48|43168|44169|-1|ID=1_48;partial=00;start_type=ATG;rbs_motif=AGGAG;rbs_spacer=5-10bp;gc_cont=0.328	WP_001196354.1 MULTISPECIES: proline dehydrogenase family protein [Staphylococcus]	100	99.7	2.55e-235
BAAHTQ010000004.1_49|44284|44400|1|ID=1_49;partial=00;start_type=ATG;rbs_motif=None;rbs_spacer=None;gc_cont=0.214	WP_001790712.1 MULTISPECIES: hypothetical protein [Staphylococcus]	100	97.4	1.69e-17
BAAHTQ010000004.1_50|44403|45230|1|ID=1_50;partial=00;start_type=ATG;rbs_motif=GGA/GAG/AGG;rbs_spacer=11-12bp;gc_cont=0.326	WP_000266096.1 MULTISPECIES: alpha/beta fold hydrolase [Staphylococcus]	100	99.6	3.79e-201
BAAHTQ010000004.1_51|45705|46205|1|ID=1_51;partial=00;start_type=ATG;rbs_motif=None;rbs_spacer=None;gc_cont=0.317	WP_000757543.1 MULTISPECIES: transcriptional regulator, SarA/Rot family [Staphylococcus]	100	79.6	2.82e-85
BAAHTQ010000004.1_52|46325|46888|-1|ID=1_52;partial=00;start_type=ATG;rbs_motif=GGA/GAG/AGG;rbs_spacer=5-10bp;gc_cont=0.324	WP_000764419.1 MULTISPECIES: class I SAM-dependent methyltransferase [Staphylococcus]	100	99.5	3.85e-130
BAAHTQ010000004.1_53|46885|47838|-1|ID=1_53;partial=00;start_type=ATG;rbs_motif=AGGA;rbs_spacer=5-10bp;gc_cont=0.368	WP_000526539.1 MULTISPECIES: TIGR01212 family radical SAM protein [Staphylococcus]	100	99.7	1.32e-238
BAAHTQ010000004.1_54|47948|49129|1|ID=1_54;partial=00;start_type=ATG;rbs_motif=AGGA;rbs_spacer=5-10bp;gc_cont=0.350	WP_117218880.1 MDR family MFS transporter [Staphylococcus aureus]	100	99.7	4.04e-276
BAAHTQ010000004.1_55|49417|51840|1|ID=1_55;partial=00;start_type=GTG;rbs_motif=AGGAG;rbs_spacer=5-10bp;gc_cont=0.343	WP_001789004.1 MULTISPECIES: leucine--tRNA ligase [Staphylococcus]	100	99.9	0.0
BAAHTQ010000004.1_56|51862|52173|1|ID=1_56;partial=00;start_type=ATG;rbs_motif=AGGAG;rbs_spacer=5-10bp;gc_cont=0.337	WP_000836465.1 MULTISPECIES: rhodanese-like domain-containing protein [Bacilli]	100	99.0	6.65e-68
BAAHTQ010000004.1_57|52499|59026|1|ID=1_57;partial=00;start_type=ATG;rbs_motif=AGGAG;rbs_spacer=5-10bp;gc_cont=0.351	WP_117218879.1 LPXTG-anchored aggregation protein SasC [Staphylococcus aureus]	100.0	100.0	0.0
BAAHTQ010000004.1_58|59143|60411|-1|ID=1_58;partial=00;start_type=ATG;rbs_motif=GGAG/GAGG;rbs_spacer=5-10bp;gc_cont=0.356	WP_000285019.1 MULTISPECIES: NAD(P)/FAD-dependent oxidoreductase [Staphylococcus]	100	99.8	1.51e-288
BAAHTQ010000004.1_59|60818|62479|1|ID=1_59;partial=00;start_type=ATG;rbs_motif=GGAG/GAGG;rbs_spacer=5-10bp;gc_cont=0.323	WP_000004339.1 MULTISPECIES: putative polysaccharide biosynthesis protein [Staphylococcus]	100	99.8	0.0
BAAHTQ010000004.1_60|62476|63171|1|ID=1_60;partial=00;start_type=ATG;rbs_motif=GGA/GAG/AGG;rbs_spacer=5-10bp;gc_cont=0.296	WP_001217122.1 MULTISPECIES: pseudouridine synthase [Staphylococcus]	100	99.6	7.86e-163
BAAHTQ010000004.1_61|63188|63610|1|ID=1_61;partial=00;start_type=ATG;rbs_motif=GGAG/GAGG;rbs_spacer=5-10bp;gc_cont=0.310	WP_001051856.1 MULTISPECIES: YtxH domain-containing protein [Staphylococcus]	100	99.3	4.32e-77
BAAHTQ010000004.1_62|64192|65619|-1|ID=1_62;partial=00;start_type=ATG;rbs_motif=AGGAG;rbs_spacer=5-10bp;gc_cont=0.347	WP_000545370.1 MULTISPECIES: Asp-tRNA(Asn)/Glu-tRNA(Gln) amidotransferase subunit GatB [Staphylococcus]	100	99.8	0.0
BAAHTQ010000004.1_63|65632|67089|-1|ID=1_63;partial=00;start_type=ATG;rbs_motif=AGGAG;rbs_spacer=5-10bp;gc_cont=0.342	WP_000027917.1 MULTISPECIES: Asp-tRNA(Asn)/Glu-tRNA(Gln) amidotransferase subunit GatA [Staphylococcus]	100	99.8	0.0
BAAHTQ010000004.1_64|67091|67393|-1|ID=1_64;partial=00;start_type=ATG;rbs_motif=AGGAG;rbs_spacer=5-10bp;gc_cont=0.353	WP_000170162.1 MULTISPECIES: Asp-tRNA(Asn)/Glu-tRNA(Gln) amidotransferase subunit GatC [Bacilli]	100	99.0	3.92e-61
BAAHTQ010000004.1_65|67760|69298|1|ID=1_65;partial=00;start_type=ATG;rbs_motif=GGAG/GAGG;rbs_spacer=5-10bp;gc_cont=0.361	WP_000957020.1 MULTISPECIES: sodium/proline symporter PutP [Staphylococcus]	100	99.8	0.0
BAAHTQ010000004.1_66|69387|70586|-1|ID=1_66;partial=00;start_type=ATG;rbs_motif=GGAG/GAGG;rbs_spacer=5-10bp;gc_cont=0.308	WP_000831697.1 MULTISPECIES: CamS family sex pheromone protein [Staphylococcus]	100	99.8	2.39e-287
BAAHTQ010000004.1_67|70599|72602|-1|ID=1_67;partial=00;start_type=ATG;rbs_motif=AGGAG;rbs_spacer=5-10bp;gc_cont=0.341	WP_117201052.1 NAD-dependent DNA ligase LigA [Staphylococcus aureus]	100	99.9	0.0
BAAHTQ010000004.1_68|72606|74798|-1|ID=1_68;partial=00;start_type=ATG;rbs_motif=AGGAG;rbs_spacer=5-10bp;gc_cont=0.342	WP_000992921.1 MULTISPECIES: DNA helicase PcrA [Staphylococcus]	100	99.9	0.0
BAAHTQ010000004.1_69|74795|75487|-1|ID=1_69;partial=00;start_type=ATG;rbs_motif=AGGAG;rbs_spacer=5-10bp;gc_cont=0.336	WP_000272070.1 MULTISPECIES: heptaprenylglyceryl phosphate synthase [Staphylococcus]	100	99.6	3.46e-161
BAAHTQ010000004.1_70|75659|75961|-1|ID=1_70;partial=00;start_type=ATG;rbs_motif=GGA/GAG/AGG;rbs_spacer=11-12bp;gc_cont=0.323	WP_001165363.1 MULTISPECIES: YerC/YecD family TrpR-related protein [Bacilli]	100	99.0	1.42e-63
BAAHTQ010000004.1_71|76070|77365|-1|ID=1_71;partial=00;start_type=ATG;rbs_motif=AGGAG;rbs_spacer=5-10bp;gc_cont=0.355	WP_000572878.1 MULTISPECIES: adenylosuccinate lyase [Staphylococcus]	100	99.8	1.20e-310
BAAHTQ010000004.1_72|78226|79392|1|ID=1_72;partial=00;start_type=ATG;rbs_motif=AGGAG;rbs_spacer=5-10bp;gc_cont=0.314	WP_000827761.1 MULTISPECIES: cysteine protease staphopain A [Staphylococcus]	100	99.7	4.94e-279
BAAHTQ010000004.1_73|79423|79749|1|ID=1_73;partial=00;start_type=ATG;rbs_motif=GGA/GAG/AGG;rbs_spacer=11-12bp;gc_cont=0.260	WP_000434534.1 MULTISPECIES: staphostatin A [Staphylococcus]	100	99.1	1.26e-72
BAAHTQ010000004.1_74|80041|80214|-1|ID=1_74;partial=00;start_type=ATG;rbs_motif=None;rbs_spacer=None;gc_cont=0.339	WP_000669861.1 MULTISPECIES: NETI motif-containing protein [Staphylococcus]	100	98.3	4.39e-32
BAAHTQ010000004.1_75|80195|80797|-1|ID=1_75;partial=00;start_type=ATG;rbs_motif=GGA/GAG/AGG;rbs_spacer=11-12bp;gc_cont=0.323	WP_000011542.1 MULTISPECIES: DUF2179 domain-containing protein [Staphylococcus]	100	99.5	1.01e-136
BAAHTQ010000004.1_76|81068|81889|-1|ID=1_76;partial=00;start_type=ATG;rbs_motif=GGA/GAG/AGG;rbs_spacer=5-10bp;gc_cont=0.342	WP_000040866.1 MULTISPECIES: ammonia-dependent NAD(+) synthetase [Staphylococcus]	100	99.6	8.83e-190
BAAHTQ010000004.1_77|81882|83396|-1|ID=1_77;partial=00;start_type=ATG;rbs_motif=None;rbs_spacer=None;gc_cont=0.332	WP_065317107.1 nicotinate phosphoribosyltransferase [Staphylococcus aureus]	96.5	96.8	0.0
BAAHTQ010000004.1_78|83535|84611|1|ID=1_78;partial=00;start_type=ATG;rbs_motif=GGAG/GAGG;rbs_spacer=5-10bp;gc_cont=0.334	WP_000897635.1 MULTISPECIES: nitric oxide synthase oxygenase [Staphylococcus]	100	99.7	7.17e-275
BAAHTQ010000004.1_79|84631|85425|1|ID=1_79;partial=00;start_type=ATG;rbs_motif=GGAG/GAGG;rbs_spacer=5-10bp;gc_cont=0.328	WP_001177816.1 MULTISPECIES: prephenate dehydratase [Staphylococcus]	100	99.6	2.09e-188
BAAHTQ010000004.1_80|85615|87177|-1|ID=1_80;partial=00;start_type=ATG;rbs_motif=GGAG/GAGG;rbs_spacer=5-10bp;gc_cont=0.344	WP_000323164.1 MULTISPECIES: SLC13 family permease [Staphylococcus]	100	99.8	0.0
BAAHTQ010000004.1_81|87382|88479|-1|ID=1_81;partial=00;start_type=ATG;rbs_motif=AGGA;rbs_spacer=5-10bp;gc_cont=0.328	WP_000275710.1 MULTISPECIES: glycosyl hydrolase family 28-related protein [Staphylococcus]	100	99.7	3.05e-275
BAAHTQ010000004.1_82|88851|89411|1|ID=1_82;partial=00;start_type=ATG;rbs_motif=AGGAG;rbs_spacer=5-10bp;gc_cont=0.344	WP_000149686.1 MULTISPECIES: cysteine hydrolase family protein [Staphylococcus]	100	99.5	5.72e-136
BAAHTQ010000004.1_83|89464|90393|1|ID=1_83;partial=00;start_type=ATG;rbs_motif=GGAG/GAGG;rbs_spacer=5-10bp;gc_cont=0.339	WP_001140871.1 MULTISPECIES: manganese-dependent inorganic pyrophosphatase [Staphylococcus]	100	99.7	5.01e-214
BAAHTQ010000004.1_84|90813|92192|1|ID=1_84;partial=00;start_type=ATG;rbs_motif=AGGA/GGAG/GAGG;rbs_spacer=11-12bp;gc_cont=0.336	WP_001021214.1 MULTISPECIES: aldehyde dehydrogenase [Staphylococcus]	100	99.8	0.0
BAAHTQ010000004.1_85|92312|93340|-1|ID=1_85;partial=00;start_type=ATG;rbs_motif=GGAG/GAGG;rbs_spacer=5-10bp;gc_cont=0.332	WP_000181322.1 MULTISPECIES: 6-phosphogluconolactonase [Staphylococcus]	100	99.7	1.84e-253
BAAHTQ010000004.1_86|93610|94011|1|ID=1_86;partial=00;start_type=ATG;rbs_motif=None;rbs_spacer=None;gc_cont=0.333	WP_000205106.1 MULTISPECIES: YolD-like family protein [Staphylococcus]	100	99.3	1.19e-91
BAAHTQ010000004.1_87|94584|94757|-1|ID=1_87;partial=00;start_type=ATG;rbs_motif=GGAG/GAGG;rbs_spacer=5-10bp;gc_cont=0.241	WP_000267034.1 MULTISPECIES: hypothetical protein [Bacteria]	100	98.3	2.98e-30
BAAHTQ010000004.1_89|95136|96248|1|ID=1_89;partial=00;start_type=ATG;rbs_motif=None;rbs_spacer=None;gc_cont=0.332	WP_001188043.1 MULTISPECIES: C45 family autoproteolytic acyltransferase/hydolase [Staphylococcus]	100	93.3	3.20e-260
BAAHTQ010000004.1_90|96305|97147|-1|ID=1_90;partial=00;start_type=ATG;rbs_motif=AGGA/GGAG/GAGG;rbs_spacer=11-12bp;gc_cont=0.293	WP_141061032.1 DUF4097 family beta strand repeat-containing protein [Staphylococcus aureus]	86.1	99.6	3.57e-149
BAAHTQ010000004.1_91|97144|97701|-1|ID=1_91;partial=00;start_type=ATG;rbs_motif=GGA/GAG/AGG;rbs_spacer=5-10bp;gc_cont=0.289	WP_001033971.1 MULTISPECIES: HAAS signaling domain-containing protein [Staphylococcus]	100	99.5	2.14e-101
BAAHTQ010000004.1_92|97761|98285|-1|ID=1_92;partial=00;start_type=ATG;rbs_motif=GGA/GAG/AGG;rbs_spacer=5-10bp;gc_cont=0.278	WP_000966288.1 MULTISPECIES: membrane protein [Staphylococcus]	100	99.4	3.35e-120
BAAHTQ010000004.1_93|98406|98969|1|ID=1_93;partial=00;start_type=ATG;rbs_motif=AGGAG;rbs_spacer=5-10bp;gc_cont=0.317	WP_000182842.1 MULTISPECIES: thioredoxin family protein [Staphylococcus]	100	99.5	2.94e-134
BAAHTQ010000004.1_94|99035|99775|-1|ID=1_94;partial=00;start_type=ATG;rbs_motif=GGAG/GAGG;rbs_spacer=5-10bp;gc_cont=0.269	WP_001221657.1 MULTISPECIES: phenol-soluble modulin export ABC transporter permease subunit PmtD [Staphylococcus]	100	99.6	1.61e-158
BAAHTQ010000004.1_95|99775|100647|-1|ID=1_95;partial=00;start_type=ATG;rbs_motif=AGGAG;rbs_spacer=5-10bp;gc_cont=0.293	WP_000763048.1 MULTISPECIES: phenol-soluble modulin export ABC transporter ATP-binding protein PmtC [Staphylococcus]	100	99.7	1.13e-205
BAAHTQ010000004.1_96|100644|101324|-1|ID=1_96;partial=00;start_type=ATG;rbs_motif=GGA/GAG/AGG;rbs_spacer=5-10bp;gc_cont=0.266	WP_000645726.1 MULTISPECIES: phenol-soluble modulin export ABC transporter permease subunit PmtB [Staphylococcus]	100	99.6	6.36e-146
BAAHTQ010000004.1_97|101325|102221|-1|ID=1_97;partial=00;start_type=ATG;rbs_motif=AGGAG;rbs_spacer=5-10bp;gc_cont=0.310	WP_000991301.1 MULTISPECIES: phenol-soluble modulin export ABC transporter ATP-binding protein PmtA [Staphylococcus]	100	99.7	7.13e-213
BAAHTQ010000004.1_98|102218|102673|-1|ID=1_98;partial=00;start_type=ATG;rbs_motif=None;rbs_spacer=None;gc_cont=0.318	WP_218790478.1 PSM export ABC transporter transcriptional regulator PmtR, partial [Escherichia coli]	100	88.2	1.71e-85
BAAHTQ010000004.1_99|103276|103374|-1|ID=1_99;partial=00;start_type=ATG;rbs_motif=GGAG/GAGG;rbs_spacer=5-10bp;gc_cont=0.333	WP_000990056.1 MULTISPECIES: Trp-rich small protein [Staphylococcus]	100	97.0	1.93e-16
BAAHTQ010000004.1_100|103574|104860|1|ID=1_100;partial=00;start_type=ATG;rbs_motif=GGAG/GAGG;rbs_spacer=5-10bp;gc_cont=0.333	WP_117218898.1 aminotransferase class I/II-fold pyridoxal phosphate-dependent enzyme [Staphylococcus aureus]	100	99.8	9.48e-311
BAAHTQ010000004.1_101|105184|105474|-1|ID=1_101;partial=00;start_type=GTG;rbs_motif=None;rbs_spacer=None;gc_cont=0.261	WP_001792929.1 MULTISPECIES: MAP domain-containing protein [Staphylococcus]	100	99.0	9.84e-60
BAAHTQ010000004.1_102|105485|107233|-1|ID=1_102;partial=00;start_type=ATG;rbs_motif=AGGAG;rbs_spacer=5-10bp;gc_cont=0.275	WP_001792928.1 MULTISPECIES: extracellular adherence protein Eap/Map [Staphylococcus]	100	99.8	0.0
BAAHTQ010000004.1_103|107619|107819|1|ID=1_103;partial=00;start_type=ATG;rbs_motif=AGGAG;rbs_spacer=5-10bp;gc_cont=0.313	WP_000239610.1 MULTISPECIES: phospholipase [Staphylococcus]	100	97.0	5.98e-36
BAAHTQ010000004.1_104|108994|109344|-1|ID=1_104;partial=00;start_type=ATG;rbs_motif=AGGAG;rbs_spacer=5-10bp;gc_cont=0.288	WP_000702263.1 MULTISPECIES: complement inhibitor SCIN-A [Bacteria]	100	99.1	1.48e-68
BAAHTQ010000004.1_105|109856|110152|-1|ID=1_105;partial=00;start_type=GTG;rbs_motif=None;rbs_spacer=None;gc_cont=0.367	WP_001110820.1 SH3 domain-containing protein [Stutzerimonas nitrititolerans]	100	99.0	6.55e-68
BAAHTQ010000004.1_106|110842|111333|-1|ID=1_106;partial=00;start_type=ATG;rbs_motif=GGAG/GAGG;rbs_spacer=5-10bp;gc_cont=0.327	WP_000920038.1 MULTISPECIES: staphylokinase [Bacteria]	100	99.4	2.81e-109
BAAHTQ010000004.1_107|111524|112279|-1|ID=1_107;partial=00;start_type=ATG;rbs_motif=AGGAG;rbs_spacer=5-10bp;gc_cont=0.351	WP_000861038.1 MULTISPECIES: CHAP domain-containing protein [Bacteria]	100	99.6	4.10e-193
BAAHTQ010000004.1_108|112291|112545|-1|ID=1_108;partial=00;start_type=ATG;rbs_motif=AGGAG;rbs_spacer=5-10bp;gc_cont=0.322	WP_000611512.1 MULTISPECIES: phage holin [Bacteria]	100	98.8	2.14e-53
BAAHTQ010000004.1_109|113038|113811|-1|ID=1_109;partial=00;start_type=ATG;rbs_motif=GGAG/GAGG;rbs_spacer=5-10bp;gc_cont=0.310	WP_000750412.1 MULTISPECIES: staphylococcal enterotoxin type A [Staphylococcus]	100	99.6	1.59e-184
BAAHTQ010000004.1_110|114184|114558|-1|ID=1_110;partial=00;start_type=TTG;rbs_motif=GGA/GAG/AGG;rbs_spacer=5-10bp;gc_cont=0.331	WP_060544752.1 hypothetical protein [Staphylococcus aureus]	94.4	99.2	3.19e-60
BAAHTQ010000004.1_111|114614|114901|-1|ID=1_111;partial=00;start_type=ATG;rbs_motif=AGGAG;rbs_spacer=5-10bp;gc_cont=0.323	WP_001262621.1 MULTISPECIES: hypothetical protein [Staphylococcus]	100	99.0	2.08e-56
BAAHTQ010000004.1_112|114947|115099|-1|ID=1_112;partial=00;start_type=ATG;rbs_motif=GGAG/GAGG;rbs_spacer=5-10bp;gc_cont=0.301	WP_001000058.1 MULTISPECIES: hypothetical protein [Bacteria]	100	98.0	3.40e-24
BAAHTQ010000004.1_113|115092|118874|-1|ID=1_113;partial=00;start_type=GTG;rbs_motif=AGGAG;rbs_spacer=5-10bp;gc_cont=0.347	WP_117219101.1 phage tail spike protein [Staphylococcus aureus]	100	99.9	0.0
BAAHTQ010000004.1_114|118890|120380|-1|ID=1_114;partial=00;start_type=ATG;rbs_motif=AGGAG(G)/GGAGG;rbs_spacer=13-15bp;gc_cont=0.347	WP_001154317.1 MULTISPECIES: phage distal tail protein [Staphylococcus]	100	99.8	0.0
BAAHTQ010000004.1_115|120380|125029|-1|ID=1_115;partial=00;start_type=ATG;rbs_motif=AGGAG;rbs_spacer=5-10bp;gc_cont=0.377	WP_070957578.1 phage tail tape measure protein [Staphylococcus aureus]	100	99.9	0.0
BAAHTQ010000004.1_116|125267|125713|-1|ID=1_116;partial=00;start_type=ATG;rbs_motif=AGGA;rbs_spacer=5-10bp;gc_cont=0.327	WP_000442601.1 MULTISPECIES: phage tail assembly chaperone G [Bacteria]	100	99.3	5.01e-98
BAAHTQ010000004.1_117|125778|126731|-1|ID=1_117;partial=00;start_type=ATG;rbs_motif=GGAG/GAGG;rbs_spacer=5-10bp;gc_cont=0.378	WP_000570652.1 MULTISPECIES: major tail protein [Bacteria]	100	99.7	6.38e-221
BAAHTQ010000004.1_118|126732|127112|-1|ID=1_118;partial=00;start_type=ATG;rbs_motif=GGAG/GAGG;rbs_spacer=5-10bp;gc_cont=0.328	YP_918935.1 tail terminator [Staphylococcus phage phiPVL108]	99.2	99.2	4.41e-86
BAAHTQ010000004.1_119|127109|127486|-1|ID=1_119;partial=00;start_type=ATG;rbs_motif=GGAG/GAGG;rbs_spacer=5-10bp;gc_cont=0.339	WP_000501244.1 MULTISPECIES: HK97-gp10 family putative phage morphogenesis protein [Bacteria]	100	99.2	1.48e-79
BAAHTQ010000004.1_120|127486|127821|-1|ID=1_120;partial=00;start_type=ATG;rbs_motif=GGAG/GAGG;rbs_spacer=5-10bp;gc_cont=0.324	WP_000975314.1 MULTISPECIES: phage head completion protein [Bacteria]	100	99.1	8.72e-79
BAAHTQ010000004.1_121|127808|128140|-1|ID=1_121;partial=00;start_type=ATG;rbs_motif=GGA/GAG/AGG;rbs_spacer=5-10bp;gc_cont=0.339	WP_001177483.1 MULTISPECIES: head-tail connector protein [Bacilli]	100	99.1	1.07e-74
BAAHTQ010000004.1_122|128149|128307|-1|ID=1_122;partial=00;start_type=ATG;rbs_motif=GGAG/GAGG;rbs_spacer=5-10bp;gc_cont=0.340	NP_061633.1 phi PVL ORF 8 homologue [Staphylococcus prophage phiPV83]	100	98.1	1.64e-25
BAAHTQ010000004.1_123|128343|129590|-1|ID=1_123;partial=00;start_type=ATG;rbs_motif=AGGAG;rbs_spacer=5-10bp;gc_cont=0.332	WP_432480042.1 phage major capsid protein [Staphylococcus aureus]	96.9	99.8	7.49e-274
BAAHTQ010000004.1_124|129678|130262|-1|ID=1_124;partial=00;start_type=ATG;rbs_motif=AGxAGG/AGGxGG;rbs_spacer=5-10bp;gc_cont=0.352	WP_000032525.1 MULTISPECIES: HK97 family phage prohead protease [Staphylococcus]	100	99.5	1.23e-134
BAAHTQ010000004.1_125|130255|131505|-1|ID=1_125;partial=00;start_type=GTG;rbs_motif=AGGAG;rbs_spacer=5-10bp;gc_cont=0.337	WP_000511067.1 MULTISPECIES: phage portal protein [Staphylococcus]	100	99.8	4.76e-298
BAAHTQ010000004.1_126|131511|131750|-1|ID=1_126;partial=00;start_type=ATG;rbs_motif=GGA/GAG/AGG;rbs_spacer=5-10bp;gc_cont=0.287	WP_000644964.1 membrane protein [Staphylococcus aureus]	100	98.8	4.50e-46
BAAHTQ010000004.1_127|131725|133419|-1|ID=1_127;partial=00;start_type=ATG;rbs_motif=GGA/GAG/AGG;rbs_spacer=5-10bp;gc_cont=0.344	WP_000133304.1 MULTISPECIES: terminase large subunit [Staphylococcus]	100	99.8	0.0
BAAHTQ010000004.1_128|133422|133889|-1|ID=1_128;partial=00;start_type=ATG;rbs_motif=AGGAG;rbs_spacer=5-10bp;gc_cont=0.333	WP_000919026.1 MULTISPECIES: phage terminase small subunit P27 family [Bacteria]	100	99.4	1.93e-103
BAAHTQ010000004.1_129|134018|134362|-1|ID=1_129;partial=00;start_type=ATG;rbs_motif=None;rbs_spacer=None;gc_cont=0.319	WP_000817289.1 MULTISPECIES: HNH endonuclease [Bacilli]	100	99.1	1.00e-83
BAAHTQ010000004.1_130|134378|134830|-1|ID=1_130;partial=00;start_type=ATG;rbs_motif=GGAG/GAGG;rbs_spacer=5-10bp;gc_cont=0.320	WP_000406191.1 MULTISPECIES: nucleoside triphosphate pyrophosphohydrolase family protein [Bacilli]	100	99.3	7.37e-101
BAAHTQ010000004.1_131|134945|135415|-1|ID=1_131;partial=00;start_type=ATG;rbs_motif=GGAG/GAGG;rbs_spacer=5-10bp;gc_cont=0.321	WP_000282755.1 MULTISPECIES: hypothetical protein [Staphylococcus]	99.4	99.4	4.00e-92
BAAHTQ010000004.1_132|135438|135641|-1|ID=1_132;partial=00;start_type=ATG;rbs_motif=AGGAG;rbs_spacer=5-10bp;gc_cont=0.289	WP_000989990.1 MULTISPECIES: DUF1514 family protein [Bacteria]	98.5	98.5	3.96e-37
BAAHTQ010000004.1_133|135638|136288|-1|ID=1_133;partial=00;start_type=ATG;rbs_motif=GGAG/GAGG;rbs_spacer=5-10bp;gc_cont=0.233	NP_958667.1 77ORF019 [Staphylococcus phage 77]	100	99.5	5.33e-149
BAAHTQ010000004.1_134|136295|136447|-1|ID=1_134;partial=00;start_type=ATG;rbs_motif=GGAG/GAGG;rbs_spacer=5-10bp;gc_cont=0.222	NP_958666.1 77ORF108 [Staphylococcus phage 77]	100	98.0	8.04e-23
BAAHTQ010000004.1_135|136447|136596|-1|ID=1_135;partial=00;start_type=ATG;rbs_motif=GGAG/GAGG;rbs_spacer=5-10bp;gc_cont=0.373	WP_000595265.1 MULTISPECIES: transcriptional activator RinB [Bacteria]	100	98.0	4.52e-24
BAAHTQ010000004.1_136|136610|136924|-1|ID=1_136;partial=00;start_type=ATG;rbs_motif=GGAG/GAGG;rbs_spacer=5-10bp;gc_cont=0.381	WP_064140836.1 SA1788 family PVL leukocidin-associated protein [Staphylococcus aureus]	100	72.4	5.42e-44
BAAHTQ010000004.1_137|136937|137341|-1|ID=1_137;partial=00;start_type=ATG;rbs_motif=GGAG/GAGG;rbs_spacer=5-10bp;gc_cont=0.356	WP_000401978.1 MULTISPECIES: RusA family crossover junction endodeoxyribonuclease [Staphylococcus]	100	99.3	3.82e-93
BAAHTQ010000004.1_138|137350|137568|-1|ID=1_138;partial=00;start_type=ATG;rbs_motif=GGAG/GAGG;rbs_spacer=5-10bp;gc_cont=0.292	WP_000338527.1 MULTISPECIES: hypothetical protein [Staphylococcus]	100	98.6	8.45e-50
BAAHTQ010000004.1_139|137575|138468|-1|ID=1_139;partial=00;start_type=ATG;rbs_motif=GGAG/GAGG;rbs_spacer=5-10bp;gc_cont=0.340	WP_000148328.1 MULTISPECIES: DnaD domain-containing protein [Staphylococcus]	100	99.7	9.71e-190
BAAHTQ010000004.1_140|138498|138968|-1|ID=1_140;partial=00;start_type=ATG;rbs_motif=GGAG/GAGG;rbs_spacer=5-10bp;gc_cont=0.365	WP_000934765.1 MULTISPECIES: single-stranded DNA-binding protein [Staphylococcus]	100	99.4	4.38e-105
BAAHTQ010000004.1_141|138969|139454|-1|ID=1_141;partial=00;start_type=ATG;rbs_motif=None;rbs_spacer=None;gc_cont=0.348	WP_000123900.1 MBL fold metallo-hydrolase [Staphylococcus aureus]	100	99.4	3.57e-111
BAAHTQ010000004.1_142|139667|140587|-1|ID=1_142;partial=00;start_type=ATG;rbs_motif=GGAG/GAGG;rbs_spacer=5-10bp;gc_cont=0.338	WP_000138475.1 MULTISPECIES: recombinase RecT [Bacteria]	100	99.7	4.96e-208
BAAHTQ010000004.1_143|140589|142538|-1|ID=1_143;partial=00;start_type=ATG;rbs_motif=AGGAG;rbs_spacer=5-10bp;gc_cont=0.307	WP_064138715.1 AAA family ATPase [Staphylococcus aureus]	100	99.8	0.0
BAAHTQ010000004.1_144|142541|142804|-1|ID=1_144;partial=00;start_type=ATG;rbs_motif=GGA/GAG/AGG;rbs_spacer=5-10bp;gc_cont=0.330	WP_001205732.1 MULTISPECIES: hypothetical protein [Staphylococcus]	100	98.9	1.36e-55
BAAHTQ010000004.1_145|142813|143073|-1|ID=1_145;partial=00;start_type=ATG;rbs_motif=AGGA;rbs_spacer=5-10bp;gc_cont=0.303	WP_000291488.1 MULTISPECIES: DUF1108 family protein [Bacteria]	100	98.9	2.19e-56
BAAHTQ010000004.1_146|143324|143644|-1|ID=1_146;partial=00;start_type=ATG;rbs_motif=AGGA;rbs_spacer=5-10bp;gc_cont=0.324	WP_001120197.1 MULTISPECIES: DUF771 domain-containing protein [Staphylococcus]	100	99.1	1.32e-73
BAAHTQ010000004.1_147|143703|144335|1|ID=1_147;partial=00;start_type=GTG;rbs_motif=AGGAG;rbs_spacer=5-10bp;gc_cont=0.280	WP_000275058.1 MULTISPECIES: hypothetical protein [Staphylococcus]	100	99.5	1.87e-146
BAAHTQ010000004.1_148|144350|144490|-1|ID=1_148;partial=00;start_type=ATG;rbs_motif=AGGAG;rbs_spacer=5-10bp;gc_cont=0.291	WP_000939496.1 MULTISPECIES: hypothetical protein [Staphylococcus]	100	97.9	7.25e-22
BAAHTQ010000004.1_149|144521|144718|-1|ID=1_149;partial=00;start_type=ATG;rbs_motif=AGGAG;rbs_spacer=5-10bp;gc_cont=0.323	WP_031825227.1 hypothetical protein [Staphylococcus aureus]	95.4	98.5	4.33e-40
BAAHTQ010000004.1_150|144734|145483|-1|ID=1_150;partial=00;start_type=ATG;rbs_motif=AGGAG;rbs_spacer=5-10bp;gc_cont=0.341	WP_001148337.1 MULTISPECIES: phage antirepressor KilAC domain-containing protein [Staphylococcus]	100	99.6	4.03e-174
BAAHTQ010000004.1_151|145540|146079|1|ID=1_151;partial=00;start_type=ATG;rbs_motif=AGGAG;rbs_spacer=5-10bp;gc_cont=0.319	NP_803361.1 phi PVL orf 33-like protein [Staphylococcus phage phi 13]	99.4	99.4	1.59e-125
BAAHTQ010000004.1_152|146103|146363|-1|ID=1_152;partial=00;start_type=ATG;rbs_motif=AGGAG;rbs_spacer=5-10bp;gc_cont=0.310	WP_000435341.1 MULTISPECIES: transcriptional regulator [Staphylococcus]	100	98.9	5.84e-52
BAAHTQ010000004.1_153|146381|146605|-1|ID=1_153;partial=00;start_type=ATG;rbs_motif=AGGAG;rbs_spacer=5-10bp;gc_cont=0.324	WP_000338186.1 MULTISPECIES: DUF739 family protein [Staphylococcus]	100	98.7	1.56e-46
BAAHTQ010000004.1_154|146764|147534|1|ID=1_154;partial=00;start_type=ATG;rbs_motif=GGAG/GAGG;rbs_spacer=5-10bp;gc_cont=0.323	WP_001208482.1 MULTISPECIES: S24 family peptidase [Staphylococcus]	100	99.6	8.78e-177
BAAHTQ010000004.1_155|147730|148458|1|ID=1_155;partial=00;start_type=ATG;rbs_motif=AGGAG;rbs_spacer=5-10bp;gc_cont=0.276	WP_001033320.1 MULTISPECIES: staphylococcal enterotoxin type Q [Staphylococcus]	100	99.6	2.63e-171
BAAHTQ010000004.1_156|148482|149210|1|ID=1_156;partial=00;start_type=ATG;rbs_motif=AGGAG;rbs_spacer=5-10bp;gc_cont=0.263	WP_000733771.1 MULTISPECIES: staphylococcal enterotoxin type K [Staphylococcus]	100	99.6	1.59e-172
BAAHTQ010000004.1_157|149294|150331|1|ID=1_157;partial=00;start_type=ATG;rbs_motif=AGGAG;rbs_spacer=5-10bp;gc_cont=0.309	WP_000857182.1 MULTISPECIES: tyrosine-type recombinase/integrase [Staphylococcus]	100	99.7	1.02e-247
BAAHTQ010000004.1_158|150388|151212|1|ID=1_158;partial=00;start_type=ATG;rbs_motif=GGA/GAG/AGG;rbs_spacer=5-10bp;gc_cont=0.337	WP_000283440.1 sphingomyelin phosphodiesterase [Staphylococcus aureus]	100	99.6	3.26e-206
BAAHTQ010000004.1_159|151450|152466|-1|ID=1_159;partial=00;start_type=ATG;rbs_motif=AGGA;rbs_spacer=5-10bp;gc_cont=0.303	WP_000595401.1 MULTISPECIES: bi-component leukocidin LukGH subunit G [Staphylococcus]	100	99.7	1.02e-248
BAAHTQ010000004.1_160|152488|153540|-1|ID=1_160;partial=00;start_type=ATG;rbs_motif=GGA/GAG/AGG;rbs_spacer=5-10bp;gc_cont=0.298	WP_000791417.1 MULTISPECIES: bi-component leukocidin LukGH subunit H [Staphylococcus]	100	99.7	4.31e-247
BAAHTQ010000004.1_161|153976|155199|1|ID=1_161;partial=00;start_type=ATG;rbs_motif=GGA/GAG/AGG;rbs_spacer=5-10bp;gc_cont=0.338	WP_000206623.1 MULTISPECIES: ArgE/DapE family deacylase [Staphylococcus]	100	99.8	6.92e-291
BAAHTQ010000004.1_162|155571|156416|-1|ID=1_162;partial=00;start_type=ATG;rbs_motif=AGGAG;rbs_spacer=5-10bp;gc_cont=0.268	WP_000812008.1 MULTISPECIES: class I SAM-dependent methyltransferase [Bacilli]	100	99.6	5.17e-202
BAAHTQ010000004.1_163|156478|157389|-1|ID=1_163;partial=00;start_type=ATG;rbs_motif=AGGA;rbs_spacer=5-10bp;gc_cont=0.276	WP_000825510.1 MULTISPECIES: iron-hydroxamate ABC transporter substrate-binding protein [Bacilli]	100	99.7	1.98e-217
BAAHTQ010000004.1_164|157550|158857|1|ID=1_164;partial=00;start_type=ATG;rbs_motif=AGGA/GGAG/GAGG;rbs_spacer=11-12bp;gc_cont=0.287	WP_001045079.1 MULTISPECIES: TrkH family potassium uptake protein [Staphylococcus]	100	99.8	5.73e-279
BAAHTQ010000004.1_165|159702|160145|-1|ID=1_165;partial=00;start_type=ATG;rbs_motif=GGA/GAG/AGG;rbs_spacer=5-10bp;gc_cont=0.268	WP_000022887.1 MULTISPECIES: GNAT family N-acetyltransferase [Staphylococcus]	100	99.3	1.69e-100
BAAHTQ010000004.1_166|160251|160769|-1|ID=1_166;partial=00;start_type=ATG;rbs_motif=GGA/GAG/AGG;rbs_spacer=5-10bp;gc_cont=0.250	WP_072419900.1 MULTISPECIES: hypothetical protein [Staphylococcus]	99.3	83.8	1.64e-79
BAAHTQ010000004.1_167|161005|161595|-1|ID=1_167;partial=00;start_type=ATG;rbs_motif=None;rbs_spacer=None;gc_cont=0.345	WP_001293059.1 MULTISPECIES: terminase small subunit [Staphylococcus]	100	99.5	4.29e-136
BAAHTQ010000004.1_168|161592|161804|-1|ID=1_168;partial=00;start_type=ATG;rbs_motif=None;rbs_spacer=None;gc_cont=0.305	WP_000128898.1 MULTISPECIES: LuxR C-terminal-related transcriptional regulator [Staphylococcus]	100	98.6	4.48e-42
BAAHTQ010000004.1_169|162145|162411|1|ID=1_169;partial=00;start_type=ATG;rbs_motif=None;rbs_spacer=None;gc_cont=0.345	WP_271287712.1 tyrosine-type recombinase/integrase [Staphylococcus aureus]	100	98.9	9.66e-51
BAAHTQ010000004.1_170|162506|164122|-1|ID=1_170;partial=00;start_type=ATG;rbs_motif=GGAG/GAGG;rbs_spacer=5-10bp;gc_cont=0.378	WP_000240642.1 MULTISPECIES: chaperonin GroEL [Staphylococcus]	100	99.8	0.0
BAAHTQ010000004.1_171|164198|164482|-1|ID=1_171;partial=00;start_type=ATG;rbs_motif=AGGAG;rbs_spacer=5-10bp;gc_cont=0.344	WP_000917289.1 MULTISPECIES: co-chaperone GroES [Bacteria]	100	98.9	1.36e-56
BAAHTQ010000004.1_172|164657|165400|1|ID=1_172;partial=00;start_type=ATG;rbs_motif=GGAG/GAGG;rbs_spacer=5-10bp;gc_cont=0.289	WP_000197635.1 MULTISPECIES: CPBP family intramembrane glutamic endopeptidase MroQ [Staphylococcus]	100	99.6	1.55e-161
BAAHTQ010000004.1_173|165426|166685|-1|ID=1_173;partial=00;start_type=ATG;rbs_motif=AGGA/GGAG/GAGG;rbs_spacer=11-12bp;gc_cont=0.364	WP_371091867.1 SdrH family protein [Staphylococcus aureus]	100	99.8	5.43e-185
BAAHTQ010000004.1_174|166882|167508|1|ID=1_174;partial=00;start_type=ATG;rbs_motif=AGGAG;rbs_spacer=5-10bp;gc_cont=0.311	WP_000522384.1 MULTISPECIES: nitroreductase family protein [Staphylococcus]	100	99.5	3.93e-147
BAAHTQ010000004.1_175|167869|168654|1|ID=1_175;partial=00;start_type=ATG;rbs_motif=AGGA;rbs_spacer=5-10bp;gc_cont=0.319	WP_000867941.1 MULTISPECIES: carbon-nitrogen family hydrolase [Staphylococcus]	100	99.6	3.34e-188
BAAHTQ010000004.1_176|169253|169387|-1|ID=1_176;partial=00;start_type=ATG;rbs_motif=GGA/GAG/AGG;rbs_spacer=5-10bp;gc_cont=0.274	WP_000046022.1 MULTISPECIES: delta-hemolysin [Bacteria]	96.2	57.8	7.66e-08
BAAHTQ010000004.1_177|169569|170186|1|ID=1_177;partial=00;start_type=ATG;rbs_motif=GGA/GAG/AGG;rbs_spacer=5-10bp;gc_cont=0.288	WP_103146534.1 accessory gene regulator AgrB [Staphylococcus aureus]	99.5	99.5	1.41e-134
BAAHTQ010000004.1_178|170190|170330|1|ID=1_178;partial=00;start_type=ATG;rbs_motif=AGGAG;rbs_spacer=5-10bp;gc_cont=0.312	WP_000735197.1 MULTISPECIES: cyclic lactone autoinducer peptide AgrD [Staphylococcus]	100	97.9	2.61e-24
BAAHTQ010000004.1_179|170355|171647|1|ID=1_179;partial=00;start_type=GTG;rbs_motif=None;rbs_spacer=None;gc_cont=0.269	WP_172576662.1 quorum-sensing sensor histidine kinase AgrC [Staphylococcus aureus]	100	99.8	3.10e-269
BAAHTQ010000004.1_180|171666|172382|1|ID=1_180;partial=00;start_type=ATG;rbs_motif=AGGA;rbs_spacer=5-10bp;gc_cont=0.311	WP_000688492.1 MULTISPECIES: quorum-sensing response regulator AgrA [Staphylococcus]	100	99.6	1.12e-170
BAAHTQ010000004.1_181|172751|173710|-1|ID=1_181;partial=00;start_type=ATG;rbs_motif=AGGA;rbs_spacer=5-10bp;gc_cont=0.347	WP_117201054.1 carbohydrate kinase family protein [Staphylococcus aureus]	100	99.7	3.59e-228
BAAHTQ010000004.1_182|173707|175191|-1|ID=1_182;partial=00;start_type=ATG;rbs_motif=AGGAG(G)/GGAGG;rbs_spacer=13-15bp;gc_cont=0.340	WP_000141427.1 MULTISPECIES: sucrose-6-phosphate hydrolase [Staphylococcus]	100	99.8	0.0
BAAHTQ010000004.1_183|175340|176290|-1|ID=1_183;partial=00;start_type=ATG;rbs_motif=GGA/GAG/AGG;rbs_spacer=5-10bp;gc_cont=0.327	WP_000790329.1 MULTISPECIES: LacI family DNA-binding transcriptional regulator [Staphylococcus]	100	99.7	4.34e-223
BAAHTQ010000004.1_184|176473|177723|-1|ID=1_184;partial=00;start_type=ATG;rbs_motif=GGAG/GAGG;rbs_spacer=5-10bp;gc_cont=0.331	WP_001052267.1 MULTISPECIES: ammonium transporter [Staphylococcus]	100	99.8	2.64e-295
BAAHTQ010000004.1_185|177931|178155|-1|ID=1_185;partial=00;start_type=ATG;rbs_motif=AGGAG;rbs_spacer=5-10bp;gc_cont=0.347	WP_000581077.1 MULTISPECIES: sulfurtransferase TusA family protein [Staphylococcus]	100	98.7	5.65e-49
BAAHTQ010000004.1_186|178215|179288|-1|ID=1_186;partial=00;start_type=ATG;rbs_motif=AGGA;rbs_spacer=5-10bp;gc_cont=0.358	WP_000266878.1 MULTISPECIES: YeeE/YedE family protein [Staphylococcus]	100	99.7	9.11e-253
BAAHTQ010000004.1_187|179598|180233|-1|ID=1_187;partial=00;start_type=ATG;rbs_motif=AGGAG;rbs_spacer=5-10bp;gc_cont=0.341	WP_001283612.1 MULTISPECIES: redox-sensing transcriptional repressor Rex [Staphylococcus]	100	99.5	1.86e-142
BAAHTQ010000004.1_188|180486|182414|1|ID=1_188;partial=00;start_type=ATG;rbs_motif=GGA/GAG/AGG;rbs_spacer=5-10bp;gc_cont=0.320	WP_259696426.1 ABC-F family ATP-binding cassette domain-containing protein [Staphylococcus aureus]	99.5	99.8	0.0
BAAHTQ010000004.1_189|182776|184386|1|ID=1_189;partial=00;start_type=ATG;rbs_motif=AGGAG;rbs_spacer=5-10bp;gc_cont=0.304	WP_000106336.1 MULTISPECIES: MutS family DNA mismatch repair protein [Staphylococcus]	100	99.8	0.0
BAAHTQ010000004.1_190|184488|185513|-1|ID=1_190;partial=00;start_type=ATG;rbs_motif=None;rbs_spacer=None;gc_cont=0.374	WP_000159032.1 MULTISPECIES: tRNA (adenosine(37)-N6)-threonylcarbamoyltransferase complex transferase subunit TsaD [Staphylococcus]	100	99.7	1.19e-244
BAAHTQ010000004.1_191|185506|185970|-1|ID=1_191;partial=00;start_type=TTG;rbs_motif=GGAG/GAGG;rbs_spacer=5-10bp;gc_cont=0.316	WP_000372755.1 MULTISPECIES: ribosomal protein S18-alanine N-acetyltransferase [Staphylococcus]	100	99.4	9.99e-110
BAAHTQ010000004.1_192|185943|186605|-1|ID=1_192;partial=00;start_type=ATG;rbs_motif=AGGAG;rbs_spacer=5-10bp;gc_cont=0.351	WP_001086731.1 MULTISPECIES: tRNA (adenosine(37)-N6)-threonylcarbamoyltransferase complex dimerization subunit type 1 TsaB [Staphylococcus]	100	99.5	3.74e-151
BAAHTQ010000004.1_193|186586|187080|-1|ID=1_193;partial=00;start_type=ATG;rbs_motif=GGA/GAG/AGG;rbs_spacer=11-12bp;gc_cont=0.301	WP_000590798.1 MULTISPECIES: tRNA (adenosine(37)-N6)-threonylcarbamoyltransferase complex ATPase subunit type 1 TsaE [Staphylococcus]	99.3	92.7	5.25e-103
BAAHTQ010000004.1_194|187558|189246|1|ID=1_194;partial=00;start_type=ATG;rbs_motif=GGA/GAG/AGG;rbs_spacer=5-10bp;gc_cont=0.404	WP_001255780.1 MULTISPECIES: dihydroxy-acid dehydratase [Staphylococcus]	100	99.8	0.0
BAAHTQ010000004.1_195|189274|191043|1|ID=1_195;partial=00;start_type=ATG;rbs_motif=GGAG/GAGG;rbs_spacer=5-10bp;gc_cont=0.366	WP_000047810.1 MULTISPECIES: biosynthetic-type acetolactate synthase large subunit [Staphylococcus]	100	99.8	0.0
BAAHTQ010000004.1_196|191043|191297|1|ID=1_196;partial=00;start_type=ATG;rbs_motif=GGAG/GAGG;rbs_spacer=5-10bp;gc_cont=0.310	WP_000196911.1 MULTISPECIES: ACT domain-containing protein [Staphylococcus]	100	98.8	5.92e-51
BAAHTQ010000004.1_197|191434|192438|1|ID=1_197;partial=00;start_type=ATG;rbs_motif=GGAG/GAGG;rbs_spacer=5-10bp;gc_cont=0.350	WP_000214552.1 MULTISPECIES: ketol-acid reductoisomerase [Staphylococcus]	100	99.7	1.49e-239
BAAHTQ010000004.1_198|192468|193997|1|ID=1_198;partial=00;start_type=ATG;rbs_motif=AGGAG;rbs_spacer=5-10bp;gc_cont=0.364	WP_000094582.1 MULTISPECIES: 2-isopropylmalate synthase [Staphylococcus]	100	99.8	0.0
BAAHTQ010000004.1_199|194000|195046|1|ID=1_199;partial=00;start_type=ATG;rbs_motif=GGA/GAG/AGG;rbs_spacer=5-10bp;gc_cont=0.356	WP_000221945.1 MULTISPECIES: 3-isopropylmalate dehydrogenase [Staphylococcus]	100	99.7	4.19e-253
BAAHTQ010000004.1_200|195060|196430|1|ID=1_200;partial=00;start_type=ATG;rbs_motif=GGAG/GAGG;rbs_spacer=5-10bp;gc_cont=0.381	WP_000531834.1 MULTISPECIES: 3-isopropylmalate dehydratase large subunit [Staphylococcus]	100	99.8	0.0
BAAHTQ010000004.1_201|196431|197003|1|ID=1_201;partial=00;start_type=ATG;rbs_motif=AGxAGG/AGGxGG;rbs_spacer=5-10bp;gc_cont=0.332	WP_000718948.1 MULTISPECIES: 3-isopropylmalate dehydratase small subunit [Staphylococcus]	100	99.5	1.70e-139
BAAHTQ010000004.1_202|197018|198286|1|ID=1_202;partial=00;start_type=ATG;rbs_motif=GGAG/GAGG;rbs_spacer=5-10bp;gc_cont=0.319	WP_000216855.1 MULTISPECIES: threonine ammonia-lyase IlvA [Staphylococcus]	100	99.8	5.22e-305
