BAAHSQ010000001.1_1|101|1462|1|ID=1_1;partial=00;start_type=ATG;rbs_motif=GGAG/GAGG;rbs_spacer=5-10bp;gc_cont=0.327	WP_001290433.1 MULTISPECIES: chromosomal replication initiator protein DnaA [Staphylococcus]	100	99.8	0.0
BAAHSQ010000001.1_2|1740|2873|1|ID=1_2;partial=00;start_type=ATG;rbs_motif=AGGAG;rbs_spacer=5-10bp;gc_cont=0.327	WP_000969811.1 MULTISPECIES: DNA polymerase III subunit beta [Staphylococcus]	100	99.7	9.37e-267
BAAHSQ010000001.1_3|3263|3499|1|ID=1_3;partial=00;start_type=TTG;rbs_motif=GGAG/GAGG;rbs_spacer=5-10bp;gc_cont=0.359	WP_000249647.1 S4 domain-containing protein YaaA [Staphylococcus aureus]	100	98.7	2.61e-49
BAAHSQ010000001.1_4|3496|4608|1|ID=1_4;partial=00;start_type=ATG;rbs_motif=GGA/GAG/AGG;rbs_spacer=5-10bp;gc_cont=0.338	WP_000775113.1 MULTISPECIES: DNA replication/repair protein RecF [Staphylococcus]	100	99.7	9.64e-261
BAAHSQ010000001.1_5|4618|6552|1|ID=1_5;partial=00;start_type=ATG;rbs_motif=None;rbs_spacer=None;gc_cont=0.370	WP_000255586.1 MULTISPECIES: DNA topoisomerase (ATP-hydrolyzing) subunit B [Staphylococcus]	100	99.8	0.0
BAAHSQ010000001.1_6|6589|9252|1|ID=1_6;partial=00;start_type=ATG;rbs_motif=AGGAG;rbs_spacer=5-10bp;gc_cont=0.369	WP_024936933.1 MULTISPECIES: DNA gyrase subunit A [Staphylococcus]	100	99.9	0.0
BAAHSQ010000001.1_7|9339|10169|-1|ID=1_7;partial=00;start_type=ATG;rbs_motif=GGA/GAG/AGG;rbs_spacer=5-10bp;gc_cont=0.371	WP_000449218.1 MULTISPECIES: NAD(P)H-hydrate dehydratase [Staphylococcus]	100	97.5	9.30e-192
BAAHSQ010000001.1_8|10477|11991|1|ID=1_8;partial=00;start_type=ATG;rbs_motif=AGxAGG/AGGxGG;rbs_spacer=5-10bp;gc_cont=0.368	WP_000177468.1 MULTISPECIES: histidine ammonia-lyase [Staphylococcus]	100	99.8	0.0
BAAHSQ010000001.1_9|12370|13656|1|ID=1_9;partial=00;start_type=ATG;rbs_motif=AGGA;rbs_spacer=5-10bp;gc_cont=0.345	WP_000884342.1 MULTISPECIES: serine--tRNA ligase [Staphylococcus]	100	99.8	7.79e-310
BAAHSQ010000001.1_10|14308|15003|1|ID=1_10;partial=00;start_type=ATG;rbs_motif=AGGAG;rbs_spacer=5-10bp;gc_cont=0.374	WP_000207110.1 MULTISPECIES: AzlC family ABC transporter permease [Staphylococcus]	100	99.6	1.27e-143
BAAHSQ010000001.1_11|15000|15329|1|ID=1_11;partial=00;start_type=ATG;rbs_motif=AGGAG(G)/GGAGG;rbs_spacer=13-15bp;gc_cont=0.345	WP_000628050.1 MULTISPECIES: AzlD domain-containing protein [Bacillales]	100	99.1	4.37e-60
BAAHSQ010000001.1_12|15691|16659|1|ID=1_12;partial=00;start_type=ATG;rbs_motif=AGGAG;rbs_spacer=5-10bp;gc_cont=0.358	WP_000186492.1 MULTISPECIES: homoserine O-acetyltransferase MetX [Staphylococcus]	100	99.7	1.09e-244
BAAHSQ010000001.1_13|16952|17890|1|ID=1_13;partial=00;start_type=ATG;rbs_motif=None;rbs_spacer=None;gc_cont=0.330	WP_021286023.1 MULTISPECIES: YybS family protein [Staphylococcus]	100	99.7	2.21e-198
BAAHSQ010000001.1_14|17905|19872|1|ID=1_14;partial=00;start_type=ATG;rbs_motif=GGAG/GAGG;rbs_spacer=5-10bp;gc_cont=0.355	WP_001081643.1 MULTISPECIES: cyclic-di-AMP phosphodiesterase GdpP [Staphylococcus]	100	99.8	0.0
BAAHSQ010000001.1_15|19869|20315|1|ID=1_15;partial=00;start_type=ATG;rbs_motif=AGGAG;rbs_spacer=5-10bp;gc_cont=0.318	WP_000864305.1 MULTISPECIES: 50S ribosomal protein L9 [Staphylococcus]	100	99.3	1.38e-95
BAAHSQ010000001.1_16|20347|21747|1|ID=1_16;partial=00;start_type=ATG;rbs_motif=AGGA/GGAG/GAGG;rbs_spacer=11-12bp;gc_cont=0.383	WP_047213056.1 replicative DNA helicase [Staphylococcus aureus]	100	99.8	0.0
BAAHSQ010000001.1_17|22027|23310|1|ID=1_17;partial=00;start_type=ATG;rbs_motif=GGAG/GAGG;rbs_spacer=5-10bp;gc_cont=0.364	WP_000095327.1 MULTISPECIES: adenylosuccinate synthase [Staphylococcus]	100	99.8	1.46e-315
BAAHSQ010000001.1_18|24514|25215|1|ID=1_18;partial=00;start_type=ATG;rbs_motif=GGAG/GAGG;rbs_spacer=5-10bp;gc_cont=0.365	WP_000101976.1 MULTISPECIES: response regulator YycF [Staphylococcus]	100	99.6	6.25e-170
BAAHSQ010000001.1_19|25228|27054|1|ID=1_19;partial=00;start_type=ATG;rbs_motif=GGAG/GAGG;rbs_spacer=5-10bp;gc_cont=0.348	WP_000871607.1 MULTISPECIES: cell wall metabolism sensor histidine kinase WalK [Staphylococcus]	100	99.8	0.0
BAAHSQ010000001.1_20|27098|28381|1|ID=1_20;partial=00;start_type=ATG;rbs_motif=None;rbs_spacer=None;gc_cont=0.353	WP_061393811.1 two-component system activity regulator YycH [Staphylococcus aureus]	100	99.8	3.52e-312
BAAHSQ010000001.1_21|28382|29170|1|ID=1_21;partial=00;start_type=ATG;rbs_motif=GGAG/GAGG;rbs_spacer=5-10bp;gc_cont=0.322	WP_001104167.1 MULTISPECIES: two-component system regulatory protein YycI [Bacilli]	100	99.6	6.91e-177
BAAHSQ010000001.1_22|29577|30359|1|ID=1_22;partial=00;start_type=ATG;rbs_motif=None;rbs_spacer=None;gc_cont=0.355	WP_000114395.1 MBL fold metallo-hydrolase [Staphylococcus aureus]	100	99.6	2.18e-188
BAAHSQ010000001.1_23|30545|32905|1|ID=1_23;partial=00;start_type=ATG;rbs_motif=None;rbs_spacer=None;gc_cont=0.383	WP_000645781.1 MULTISPECIES: LPXTG-anchored adenosine synthase AdsA [Staphylococcus]	100	98.1	0.0
BAAHSQ010000001.1_24|33273|33752|1|ID=1_24;partial=00;start_type=ATG;rbs_motif=GGAG/GAGG;rbs_spacer=5-10bp;gc_cont=0.392	WP_000704777.1 MULTISPECIES: 23S rRNA (pseudouridine(1915)-N(3))-methyltransferase RlmH [Staphylococcus]	100	99.4	2.61e-103
BAAHSQ010000001.1_25|34074|35330|1|ID=1_25;partial=00;start_type=ATG;rbs_motif=AGGAG;rbs_spacer=5-10bp;gc_cont=0.284	WP_261921138.1 MrcB family domain-containing protein [Staphylococcus aureus]	100	99.8	8.66e-286
BAAHSQ010000001.1_26|35802|36431|-1|ID=1_26;partial=00;start_type=ATG;rbs_motif=None;rbs_spacer=None;gc_cont=0.297	WP_216805812.1 DDE-type integrase/transposase/recombinase, partial [Staphylococcus aureus]	100	99.5	9.35e-144
BAAHSQ010000001.1_27|36599|36709|-1|ID=1_27;partial=00;start_type=ATG;rbs_motif=None;rbs_spacer=None;gc_cont=0.342	WP_000251972.1 helix-turn-helix domain-containing protein [Staphylococcus aureus]	100	97.3	1.07e-19
BAAHSQ010000001.1_28|37085|37810|1|ID=1_28;partial=00;start_type=ATG;rbs_motif=AGGAG;rbs_spacer=5-10bp;gc_cont=0.260	WP_000608674.1 MULTISPECIES: staphylococcal enterotoxin type H [Staphylococcus]	100	99.6	3.19e-167
BAAHSQ010000001.1_29|38377|38565|1|ID=1_29;partial=00;start_type=ATG;rbs_motif=None;rbs_spacer=None;gc_cont=0.238	WP_411393032.1 exotoxin beta-grasp domain-containing protein [Staphylococcus aureus]	100	98.4	2.49e-37
BAAHSQ010000001.1_30|38706|39179|1|ID=1_30;partial=00;start_type=TTG;rbs_motif=AGxAG;rbs_spacer=5-10bp;gc_cont=0.281	WP_000455974.1 MULTISPECIES: GNAT family N-acetyltransferase [Staphylococcus]	100	99.4	1.65e-105
BAAHSQ010000001.1_31|39284|39379|-1|ID=1_31;partial=00;start_type=ATG;rbs_motif=None;rbs_spacer=None;gc_cont=0.375	WP_078071968.1 tRNA-dihydrouridine synthase, partial [Staphylococcus aureus]	100	90.6	9.45e-09
BAAHSQ010000001.1_32|39730|40485|-1|ID=1_32;partial=00;start_type=ATG;rbs_motif=None;rbs_spacer=None;gc_cont=0.315	WP_000355844.1 MULTISPECIES: sulfite exporter TauE/SafE family protein [Staphylococcus]	100	99.6	2.75e-157
BAAHSQ010000001.1_33|40485|40745|-1|ID=1_33;partial=00;start_type=ATG;rbs_motif=GGAG/GAGG;rbs_spacer=5-10bp;gc_cont=0.310	WP_001105087.1 MULTISPECIES: persulfide-sensing transcriptional repressor CstR [Staphylococcus]	100	98.9	1.96e-50
BAAHSQ010000001.1_34|40882|41949|1|ID=1_34;partial=00;start_type=ATG;rbs_motif=GGAG/GAGG;rbs_spacer=5-10bp;gc_cont=0.318	WP_000816129.1 MULTISPECIES: persulfide response sulfurtransferase CstA [Staphylococcus]	100	99.7	4.88e-251
BAAHSQ010000001.1_35|41980|43314|1|ID=1_35;partial=00;start_type=ATG;rbs_motif=AGGAG;rbs_spacer=5-10bp;gc_cont=0.336	WP_000465472.1 MULTISPECIES: persulfide dioxygenase-sulfurtransferase CstB [Staphylococcus]	100	99.8	0.0
BAAHSQ010000001.1_36|43333|44526|1|ID=1_36;partial=00;start_type=ATG;rbs_motif=AGGA;rbs_spacer=5-10bp;gc_cont=0.326	WP_001033018.1 MULTISPECIES: type II sulfide:quinone oxidoreductase Sqr [Staphylococcus]	100	99.7	1.78e-297
BAAHSQ010000001.1_37|45193|46179|-1|ID=1_37;partial=00;start_type=ATG;rbs_motif=None;rbs_spacer=None;gc_cont=0.389	WP_000662031.1 MULTISPECIES: tRNA dihydrouridine synthase [Staphylococcus]	100	99.7	1.88e-239
BAAHSQ010000001.1_38|46488|46691|1|ID=1_38;partial=00;start_type=ATG;rbs_motif=GGA/GAG/AGG;rbs_spacer=5-10bp;gc_cont=0.265	WP_000398679.1 MULTISPECIES: DUF6007 family protein [Staphylococcus]	100	98.5	4.80e-38
BAAHSQ010000001.1_39|46740|47036|1|ID=1_39;partial=00;start_type=ATG;rbs_motif=AGGAG;rbs_spacer=5-10bp;gc_cont=0.316	WP_000201640.1 MULTISPECIES: TfoX/Sxy family protein [Staphylococcus]	100	99.0	3.52e-63
BAAHSQ010000001.1_40|47108|48328|-1|ID=1_40;partial=00;start_type=ATG;rbs_motif=GGA/GAG/AGG;rbs_spacer=5-10bp;gc_cont=0.290	WP_000130763.1 MULTISPECIES: MFS transporter [Staphylococcus]	100	99.8	6.16e-273
BAAHSQ010000001.1_41|48321|48872|-1|ID=1_41;partial=00;start_type=ATG;rbs_motif=AGGAG;rbs_spacer=5-10bp;gc_cont=0.312	WP_000627024.1 MULTISPECIES: flavodoxin family protein [Staphylococcus]	100	99.5	9.51e-129
BAAHSQ010000001.1_42|48985|49845|1|ID=1_42;partial=00;start_type=TTG;rbs_motif=AGGAG;rbs_spacer=5-10bp;gc_cont=0.276	WP_001052510.1 MULTISPECIES: LysR family transcriptional regulator [Staphylococcus]	100	99.7	2.35e-196
BAAHSQ010000001.1_43|50200|50733|-1|ID=1_43;partial=00;start_type=ATG;rbs_motif=AGxAGG/AGGxGG;rbs_spacer=5-10bp;gc_cont=0.262	WP_000543163.1 MULTISPECIES: DUF4865 family protein [Staphylococcus]	100	99.4	2.35e-126
BAAHSQ010000001.1_44|50824|51567|1|ID=1_44;partial=00;start_type=GTG;rbs_motif=None;rbs_spacer=None;gc_cont=0.262	WP_001793250.1 MULTISPECIES: LysR family transcriptional regulator [Staphylococcus]	100	99.6	3.56e-167
BAAHSQ010000001.1_45|52001|52603|1|ID=1_45;partial=00;start_type=ATG;rbs_motif=GGA/GAG/AGG;rbs_spacer=5-10bp;gc_cont=0.299	WP_000908953.1 MULTISPECIES: hypothetical protein [Staphylococcus]	100	99.5	4.40e-131
BAAHSQ010000001.1_46|52870|56022|1|ID=1_46;partial=00;start_type=ATG;rbs_motif=GGA/GAG/AGG;rbs_spacer=5-10bp;gc_cont=0.313	WP_000080559.1 MULTISPECIES: DEAD/DEAH box helicase [Staphylococcus]	100	99.9	0.0
BAAHSQ010000001.1_47|56079|56561|1|ID=1_47;partial=00;start_type=ATG;rbs_motif=None;rbs_spacer=None;gc_cont=0.321	WP_000410568.1 MULTISPECIES: hypothetical protein [Staphylococcus]	100	99.4	4.67e-102
BAAHSQ010000001.1_48|56766|57752|1|ID=1_48;partial=00;start_type=ATG;rbs_motif=AGxAG;rbs_spacer=5-10bp;gc_cont=0.332	WP_000710575.1 MULTISPECIES: phosphatidylinositol-specific phospholipase C [Staphylococcus]	100	99.7	2.67e-239
BAAHSQ010000001.1_49|57973|58743|1|ID=1_49;partial=00;start_type=ATG;rbs_motif=GGA/GAG/AGG;rbs_spacer=5-10bp;gc_cont=0.294	WP_000977768.1 tandem-type lipoprotein [Staphylococcus aureus]	100	99.6	1.65e-181
BAAHSQ010000001.1_50|58762|59565|1|ID=1_50;partial=00;start_type=ATG;rbs_motif=None;rbs_spacer=None;gc_cont=0.284	WP_000597213.1 MULTISPECIES: tandem-type lipoprotein [Staphylococcus]	100	95.5	1.01e-178
BAAHSQ010000001.1_51|59844|60608|1|ID=1_51;partial=00;start_type=GTG;rbs_motif=GGA/GAG/AGG;rbs_spacer=5-10bp;gc_cont=0.275	WP_001793247.1 MULTISPECIES: tandem-type lipoprotein [Staphylococcus]	100	99.6	1.72e-182
BAAHSQ010000001.1_52|60611|61987|1|ID=1_52;partial=00;start_type=ATG;rbs_motif=GGAG/GAGG;rbs_spacer=5-10bp;gc_cont=0.339	WP_001029555.1 MULTISPECIES: hypothetical protein [Staphylococcus]	100	99.8	0.0
BAAHSQ010000001.1_53|61984|62313|1|ID=1_53;partial=00;start_type=ATG;rbs_motif=GGA/GAG/AGG;rbs_spacer=5-10bp;gc_cont=0.276	WP_001804823.1 MULTISPECIES: hypothetical protein [Staphylococcus]	100	98.2	4.58e-64
BAAHSQ010000001.1_54|62317|62628|1|ID=1_54;partial=00;start_type=ATG;rbs_motif=AGGA/GGAG/GAGG;rbs_spacer=11-12bp;gc_cont=0.321	WP_000512631.1 MULTISPECIES: hypothetical protein [Staphylococcus]	100	99.0	1.91e-67
BAAHSQ010000001.1_56|62880|65117|1|ID=1_56;partial=00;start_type=ATG;rbs_motif=GGAG/GAGG;rbs_spacer=5-10bp;gc_cont=0.336	WP_001188468.1 MULTISPECIES: transcriptional regulator AryK [Staphylococcus]	100	99.9	0.0
BAAHSQ010000001.1_57|65268|66446|1|ID=1_57;partial=00;start_type=ATG;rbs_motif=AGGAG;rbs_spacer=5-10bp;gc_cont=0.370	WP_001075820.1 MULTISPECIES: M20 family metallopeptidase [Staphylococcus]	100	99.7	3.96e-287
BAAHSQ010000001.1_58|66448|67836|1|ID=1_58;partial=00;start_type=ATG;rbs_motif=AGGAG;rbs_spacer=5-10bp;gc_cont=0.371	WP_001006425.1 MULTISPECIES: multidrug efflux MFS transporter NorC [Staphylococcus]	100	99.8	4.05e-311
BAAHSQ010000001.1_59|68323|69990|-1|ID=1_59;partial=00;start_type=ATG;rbs_motif=GGAG/GAGG;rbs_spacer=5-10bp;gc_cont=0.358	WP_001800966.1 MULTISPECIES: Na/Pi cotransporter family protein [Staphylococcus]	100	99.5	0.0
BAAHSQ010000001.1_60|70308|72083|-1|ID=1_60;partial=00;start_type=ATG;rbs_motif=AGGA;rbs_spacer=5-10bp;gc_cont=0.358	WP_000291838.1 MULTISPECIES: oleate hydratase [Staphylococcus]	100	99.8	0.0
BAAHSQ010000001.1_61|72434|72907|1|ID=1_61;partial=00;start_type=ATG;rbs_motif=GGAG/GAGG;rbs_spacer=5-10bp;gc_cont=0.297	WP_000036329.1 MULTISPECIES: DUF1648 domain-containing protein [Staphylococcus]	100	99.4	8.49e-108
BAAHSQ010000001.1_62|73169|74761|1|ID=1_62;partial=00;start_type=ATG;rbs_motif=GGAG/GAGG;rbs_spacer=5-10bp;gc_cont=0.346	WP_000173904.1 MULTISPECIES: L-lactate permease [Staphylococcus]	100	99.8	0.0
BAAHSQ010000001.1_63|75090|76508|-1|ID=1_63;partial=00;start_type=ATG;rbs_motif=None;rbs_spacer=None;gc_cont=0.372	WP_049882064.1 staphylococcal protein A [Staphylococcus aureus]	99.8	99.8	6.92e-285
BAAHSQ010000001.1_64|76893|77645|-1|ID=1_64;partial=00;start_type=ATG;rbs_motif=AGGAG;rbs_spacer=5-10bp;gc_cont=0.276	WP_000876756.1 MULTISPECIES: HTH-type transcriptional regulator SarS [Staphylococcus]	100	99.6	3.84e-168
BAAHSQ010000001.1_65|78014|79012|-1|ID=1_65;partial=00;start_type=ATG;rbs_motif=AGGA/GGAG/GAGG;rbs_spacer=11-12bp;gc_cont=0.371	WP_000136643.1 MULTISPECIES: staphyloferrin B ABC transporter permease subunit SirC [Staphylococcus]	100	99.7	2.43e-212
BAAHSQ010000001.1_66|79009|80004|-1|ID=1_66;partial=00;start_type=ATG;rbs_motif=AGGAG;rbs_spacer=5-10bp;gc_cont=0.387	WP_000924993.1 MULTISPECIES: staphyloferrin B ABC transporter permease subunit SirB [Staphylococcus]	100	99.7	7.19e-209
BAAHSQ010000001.1_67|80020|81012|-1|ID=1_67;partial=00;start_type=ATG;rbs_motif=AGGA/GGAG/GAGG;rbs_spacer=11-12bp;gc_cont=0.323	WP_001045111.1 MULTISPECIES: staphyloferrin B ABC transporter substrate-binding protein SirA [Staphylococcus]	100	99.7	1.25e-229
BAAHSQ010000001.1_68|81243|82223|1|ID=1_68;partial=00;start_type=TTG;rbs_motif=AGGAG;rbs_spacer=5-10bp;gc_cont=0.368	WP_000570808.1 MULTISPECIES: 2,3-diaminopropionate biosynthesis protein SbnA [Staphylococcus]	100	99.7	1.27e-236
BAAHSQ010000001.1_69|82220|83230|1|ID=1_69;partial=00;start_type=ATG;rbs_motif=AGGAG;rbs_spacer=5-10bp;gc_cont=0.374	WP_001078456.1 MULTISPECIES: N-[(2S)-2-amino-2-carboxyethyl]-L-glutamate dehydrogenase SbnB [Staphylococcus]	100	99.7	9.37e-244
BAAHSQ010000001.1_70|83251|85005|1|ID=1_70;partial=00;start_type=TTG;rbs_motif=GGAG/GAGG;rbs_spacer=5-10bp;gc_cont=0.356	WP_001179388.1 MULTISPECIES: staphyloferrin B biosynthesis protein SbnC [Staphylococcus]	100	99.8	0.0
BAAHSQ010000001.1_71|84998|86254|1|ID=1_71;partial=00;start_type=ATG;rbs_motif=None;rbs_spacer=None;gc_cont=0.391	WP_000610051.1 MULTISPECIES: staphyloferrin B export MFS transporter [Staphylococcus]	100	99.8	4.29e-286
BAAHSQ010000001.1_72|86244|87980|1|ID=1_72;partial=00;start_type=GTG;rbs_motif=None;rbs_spacer=None;gc_cont=0.367	WP_001179888.1 MULTISPECIES: L-2,3-diaminopropanoate--citrate ligase SbnE [Staphylococcus]	99.8	99.8	0.0
BAAHSQ010000001.1_73|87961|89739|1|ID=1_73;partial=00;start_type=GTG;rbs_motif=AGGAG;rbs_spacer=5-10bp;gc_cont=0.360	WP_078368440.1 3-(L-alanin-3-ylcarbamoyl)-2-[(2-aminoethylcarbamoyl)methyl]-2-hydroxypropanoate synthase SbnF [Staphylococcus aureus]	100	99.7	0.0
BAAHSQ010000001.1_74|89711|90490|1|ID=1_74;partial=00;start_type=ATG;rbs_motif=AGGAG;rbs_spacer=5-10bp;gc_cont=0.401	WP_001186804.1 MULTISPECIES: staphyloferrin B biosynthesis citrate synthase SbnG [Staphylococcus]	100	99.2	3.32e-180
BAAHSQ010000001.1_75|90490|91692|1|ID=1_75;partial=00;start_type=ATG;rbs_motif=GGA/GAG/AGG;rbs_spacer=5-10bp;gc_cont=0.364	WP_001223697.1 MULTISPECIES: staphyloferrin B biosynthesis decarboxylase SbnH [Staphylococcus]	100	99.8	1.47e-302
BAAHSQ010000001.1_76|91696|92460|1|ID=1_76;partial=00;start_type=TTG;rbs_motif=AGGA;rbs_spacer=5-10bp;gc_cont=0.373	WP_001015549.1 MULTISPECIES: bifunctional transcriptional regulator/O-phospho-L-serine synthase SbnI [Staphylococcus]	100	99.6	8.58e-192
BAAHSQ010000001.1_77|92656|93063|1|ID=1_77;partial=00;start_type=ATG;rbs_motif=GGA/GAG/AGG;rbs_spacer=5-10bp;gc_cont=0.294	WP_000094898.1 MULTISPECIES: hypothetical protein [Staphylococcus]	100	99.3	5.60e-82
BAAHSQ010000001.1_78|93113|93823|1|ID=1_78;partial=00;start_type=ATG;rbs_motif=GGA/GAG/AGG;rbs_spacer=5-10bp;gc_cont=0.308	WP_123213148.1 MFS transporter [Staphylococcus aureus]	99.5	79.7	5.47e-111
BAAHSQ010000001.1_79|93950|94726|1|ID=1_79;partial=00;start_type=ATG;rbs_motif=AGGAG;rbs_spacer=5-10bp;gc_cont=0.408	WP_117179539.1 (S)-acetoin forming diacetyl reductase [Staphylococcus aureus]	99.2	99.6	1.26e-161
BAAHSQ010000001.1_80|95071|96042|1|ID=1_80;partial=00;start_type=TTG;rbs_motif=GGAG/GAGG;rbs_spacer=5-10bp;gc_cont=0.319	WP_000442712.1 NAD-dependent epimerase/dehydratase family protein [Staphylococcus aureus]	100	99.7	1.86e-232
BAAHSQ010000001.1_81|96005|96697|1|ID=1_81;partial=00;start_type=TTG;rbs_motif=GGAG/GAGG;rbs_spacer=5-10bp;gc_cont=0.346	WP_117200942.1 sugar transferase [Staphylococcus aureus]	100	99.6	2.84e-160
BAAHSQ010000001.1_82|96907|98073|1|ID=1_82;partial=00;start_type=TTG;rbs_motif=GGA/GAG/AGG;rbs_spacer=11-12bp;gc_cont=0.332	WP_000692489.1 MULTISPECIES: glycosyltransferase family 4 protein [Staphylococcus]	100	99.7	1.72e-279
BAAHSQ010000001.1_83|98054|99292|1|ID=1_83;partial=00;start_type=ATG;rbs_motif=GGA/GAG/AGG;rbs_spacer=11-12bp;gc_cont=0.302	WP_117200944.1 O-antigen ligase family protein [Staphylococcus aureus]	100	99.8	3.43e-273
BAAHSQ010000001.1_84|99282|100712|1|ID=1_84;partial=00;start_type=ATG;rbs_motif=GGA/GAG/AGG;rbs_spacer=5-10bp;gc_cont=0.317	WP_000834090.1 MULTISPECIES: oligosaccharide flippase family protein [Staphylococcus]	99.8	99.8	6.24e-313
BAAHSQ010000001.1_85|100980|101579|1|ID=1_85;partial=00;start_type=ATG;rbs_motif=AGGAG;rbs_spacer=5-10bp;gc_cont=0.353	WP_000874681.1 MULTISPECIES: superoxide dismutase [Staphylococcus]	100	99.5	2.49e-150
BAAHSQ010000001.1_86|101947|102672|1|ID=1_86;partial=00;start_type=ATG;rbs_motif=GGA/GAG/AGG;rbs_spacer=5-10bp;gc_cont=0.351	WP_061823604.1 LPXTG cell wall anchor domain-containing protein [Staphylococcus aureus]	86.7	99.6	4.53e-123
BAAHSQ010000001.1_87|102863|103618|-1|ID=1_87;partial=00;start_type=ATG;rbs_motif=None;rbs_spacer=None;gc_cont=0.357	WP_001789411.1 MULTISPECIES: GntR family transcriptional regulator [Staphylococcus]	100	99.6	3.35e-183
BAAHSQ010000001.1_88|103854|104561|1|ID=1_88;partial=00;start_type=ATG;rbs_motif=GGAG/GAGG;rbs_spacer=5-10bp;gc_cont=0.374	WP_000843294.1 MULTISPECIES: purine-nucleoside phosphorylase [Staphylococcus]	100	99.6	4.05e-167
BAAHSQ010000001.1_89|104568|105920|1|ID=1_89;partial=00;start_type=ATG;rbs_motif=None;rbs_spacer=None;gc_cont=0.322	WP_001100294.1 MULTISPECIES: tetracycline efflux MFS transporter Tet(38) [Staphylococcus]	100	99.8	1.30e-294
BAAHSQ010000001.1_90|106001|106663|1|ID=1_90;partial=00;start_type=ATG;rbs_motif=AGGAG;rbs_spacer=5-10bp;gc_cont=0.398	WP_000667279.1 MULTISPECIES: deoxyribose-phosphate aldolase [Staphylococcus]	100	99.5	8.46e-148
BAAHSQ010000001.1_91|106691|107869|1|ID=1_91;partial=00;start_type=ATG;rbs_motif=GGAG/GAGG;rbs_spacer=5-10bp;gc_cont=0.368	WP_000197806.1 MULTISPECIES: phosphopentomutase [Staphylococcus]	100	99.7	4.49e-293
BAAHSQ010000001.1_92|107978|108793|-1|ID=1_92;partial=00;start_type=ATG;rbs_motif=AGGA/GGAG/GAGG;rbs_spacer=11-12bp;gc_cont=0.369	WP_000191089.1 MULTISPECIES: phosphonate ABC transporter, permease protein PhnE [Staphylococcus]	100	99.6	8.33e-178
BAAHSQ010000001.1_93|108790|109590|-1|ID=1_93;partial=00;start_type=ATG;rbs_motif=AGGAG;rbs_spacer=5-10bp;gc_cont=0.345	WP_001127863.1 MULTISPECIES: phosphonate ABC transporter, permease protein PhnE [Staphylococcus]	100	99.6	3.99e-178
BAAHSQ010000001.1_94|109592|110365|-1|ID=1_94;partial=00;start_type=ATG;rbs_motif=GGA/GAG/AGG;rbs_spacer=5-10bp;gc_cont=0.351	WP_000078092.1 MULTISPECIES: phosphonate ABC transporter ATP-binding protein [Staphylococcus]	100	99.6	6.96e-179
BAAHSQ010000001.1_95|110579|111535|-1|ID=1_95;partial=00;start_type=ATG;rbs_motif=GGA/GAG/AGG;rbs_spacer=5-10bp;gc_cont=0.311	WP_000713597.1 MULTISPECIES: phosphate/phosphite/phosphonate ABC transporter substrate-binding protein [Staphylococcus]	100	99.7	3.01e-215
BAAHSQ010000001.1_97|111764|113308|1|ID=1_97;partial=00;start_type=ATG;rbs_motif=AGGAG;rbs_spacer=5-10bp;gc_cont=0.368	WP_072527587.1 DNA-binding protein [Staphylococcus aureus]	99.6	99.8	0.0
BAAHSQ010000001.1_98|113359|114894|1|ID=1_98;partial=00;start_type=ATG;rbs_motif=AGGAG;rbs_spacer=5-10bp;gc_cont=0.365	WP_000065036.1 MULTISPECIES: bifunctional metallophosphatase/5'-nucleotidase [Staphylococcus]	100	99.8	0.0
BAAHSQ010000001.1_99|114981|115175|1|ID=1_99;partial=00;start_type=ATG;rbs_motif=None;rbs_spacer=None;gc_cont=0.221	WP_301557689.1 ImmA/IrrE family metallo-endopeptidase, partial [Staphylococcus aureus]	100	98.5	9.65e-36
BAAHSQ010000001.1_100|115488|116033|1|ID=1_100;partial=00;start_type=ATG;rbs_motif=None;rbs_spacer=None;gc_cont=0.308	WP_001550007.1 replication initiation protein [Staphylococcus aureus]	98.8	88.5	4.85e-112
BAAHSQ010000001.1_101|116018|116308|1|ID=1_101;partial=00;start_type=GTG;rbs_motif=None;rbs_spacer=None;gc_cont=0.271	WP_267246680.1 replication initiation factor domain-containing protein [Staphylococcus aureus]	95.8	99.0	2.39e-57
BAAHSQ010000001.1_102|116497|116784|1|ID=1_102;partial=00;start_type=ATG;rbs_motif=AGxAG;rbs_spacer=5-10bp;gc_cont=0.198	WP_000469917.1 MULTISPECIES: hypothetical protein [Staphylococcus]	100	99.0	2.43e-55
BAAHSQ010000001.1_103|117314|117535|1|ID=1_103;partial=00;start_type=ATG;rbs_motif=AGGA/GGAG/GAGG;rbs_spacer=11-12bp;gc_cont=0.270	WP_001550009.1 transposase [Staphylococcus aureus]	100	98.6	5.07e-47
BAAHSQ010000001.1_104|117985|120594|1|ID=1_104;partial=00;start_type=ATG;rbs_motif=AGGAG;rbs_spacer=5-10bp;gc_cont=0.362	WP_000955781.1 MULTISPECIES: bifunctional acetaldehyde-CoA/alcohol dehydrogenase [Staphylococcus]	100	99.9	0.0
BAAHSQ010000001.1_105|120939|121631|1|ID=1_105;partial=00;start_type=ATG;rbs_motif=GGAG/GAGG;rbs_spacer=5-10bp;gc_cont=0.294	WP_117218869.1 capsular polysaccharide type 5/8 biosynthesis protein CapA [Staphylococcus aureus]	100	99.6	2.42e-136
BAAHSQ010000001.1_106|121647|122333|1|ID=1_106;partial=00;start_type=ATG;rbs_motif=AGGA/GGAG/GAGG;rbs_spacer=11-12bp;gc_cont=0.333	WP_000037328.1 MULTISPECIES: type 8 capsular polysaccharide synthesis protein Cap8B [Staphylococcus]	100	99.6	1.45e-152
BAAHSQ010000001.1_107|122336|123100|1|ID=1_107;partial=00;start_type=ATG;rbs_motif=GGAG/GAGG;rbs_spacer=5-10bp;gc_cont=0.322	WP_000565297.1 MULTISPECIES: type 8 capsular polysaccharide synthesis protein Cap8C [Staphylococcus]	100	99.6	7.29e-184
BAAHSQ010000001.1_108|123120|124943|1|ID=1_108;partial=00;start_type=ATG;rbs_motif=GGAG/GAGG;rbs_spacer=5-10bp;gc_cont=0.351	WP_117200947.1 type 8 capsular polysaccharide synthesis protein Cap8D [Staphylococcus aureus]	100	99.8	0.0
BAAHSQ010000001.1_109|124933|125961|1|ID=1_109;partial=00;start_type=ATG;rbs_motif=GGAG/GAGG;rbs_spacer=5-10bp;gc_cont=0.339	WP_000459062.1 MULTISPECIES: type 8 capsular polysaccharide synthesis protein Cap8E [Staphylococcus]	100	99.7	4.11e-241
BAAHSQ010000001.1_110|125974|127083|1|ID=1_110;partial=00;start_type=TTG;rbs_motif=AGGAG;rbs_spacer=5-10bp;gc_cont=0.350	WP_001028293.1 MULTISPECIES: type 8 capsular polysaccharide synthesis protein Cap8F [Staphylococcus]	100	99.7	9.83e-274
BAAHSQ010000001.1_111|127087|128211|1|ID=1_111;partial=00;start_type=ATG;rbs_motif=GGAG/GAGG;rbs_spacer=5-10bp;gc_cont=0.336	WP_000413169.1 MULTISPECIES: type 8 capsular polysaccharide synthesis protein Cap8G [Staphylococcus]	100	99.7	2.31e-270
BAAHSQ010000001.1_112|128214|129293|1|ID=1_112;partial=00;start_type=ATG;rbs_motif=GGAG/GAGG;rbs_spacer=5-10bp;gc_cont=0.272	WP_001216935.1 MULTISPECIES: type 8 capsular polysaccharide synthesis protein Cap8H [Staphylococcus]	100	99.7	3.12e-265
BAAHSQ010000001.1_113|129286|130680|1|ID=1_113;partial=00;start_type=ATG;rbs_motif=AGGA;rbs_spacer=5-10bp;gc_cont=0.285	WP_001034053.1 MULTISPECIES: type 8 capsular polysaccharide synthesis protein Cap8I [Staphylococcus]	100	99.8	2.01e-312
BAAHSQ010000001.1_114|130677|131234|1|ID=1_114;partial=00;start_type=ATG;rbs_motif=GGA/GAG/AGG;rbs_spacer=5-10bp;gc_cont=0.319	WP_000636149.1 MULTISPECIES: type 8 capsular polysaccharide synthesis protein Cap8J [Staphylococcus]	100	99.5	3.44e-132
BAAHSQ010000001.1_115|131243|132481|1|ID=1_115;partial=00;start_type=ATG;rbs_motif=GGAG/GAGG;rbs_spacer=5-10bp;gc_cont=0.269	WP_117200949.1 type 8 capsular polysaccharide synthesis protein Cap8K [Staphylococcus aureus]	100	99.8	9.58e-264
BAAHSQ010000001.1_116|132515|133720|1|ID=1_116;partial=00;start_type=ATG;rbs_motif=AGGA;rbs_spacer=5-10bp;gc_cont=0.350	WP_001291010.1 MULTISPECIES: type 8 capsular polysaccharide synthesis protein Cap8L [Staphylococcus]	100	99.8	4.71e-295
BAAHSQ010000001.1_117|133731|134288|1|ID=1_117;partial=00;start_type=ATG;rbs_motif=AGGAG;rbs_spacer=5-10bp;gc_cont=0.324	WP_000825101.1 MULTISPECIES: type 8 capsular polysaccharide synthesis protein Cap8M [Staphylococcus]	100	99.5	8.74e-126
BAAHSQ010000001.1_118|134288|135175|1|ID=1_118;partial=00;start_type=ATG;rbs_motif=AGxAGG/AGGxGG;rbs_spacer=11-12bp;gc_cont=0.339	WP_001230681.1 MULTISPECIES: capsular polysaccharide type 5/8 biosynthesis epimerase CapN [Staphylococcus]	100	99.7	1.09e-210
BAAHSQ010000001.1_119|135229|136491|1|ID=1_119;partial=00;start_type=ATG;rbs_motif=GGAG/GAGG;rbs_spacer=5-10bp;gc_cont=0.343	WP_000779494.1 MULTISPECIES: type 8 capsular polysaccharide synthesis protein Cap8O [Staphylococcus]	100	99.8	1.28e-304
BAAHSQ010000001.1_120|136568|137713|1|ID=1_120;partial=00;start_type=ATG;rbs_motif=GGAG/GAGG;rbs_spacer=5-10bp;gc_cont=0.363	WP_000723452.1 MULTISPECIES: type 8 capsular polysaccharide synthesis protein Cap8P [Staphylococcus]	100	99.7	2.25e-276
BAAHSQ010000001.1_121|137778|138104|-1|ID=1_121;partial=00;start_type=ATG;rbs_motif=AGGAG;rbs_spacer=5-10bp;gc_cont=0.309	WP_000480603.1 MULTISPECIES: staphylobilin-forming heme oxygenase IsdI [Staphylococcus]	100	99.1	4.22e-71
BAAHSQ010000001.1_122|138111|138494|-1|ID=1_122;partial=00;start_type=ATG;rbs_motif=GGAG/GAGG;rbs_spacer=5-10bp;gc_cont=0.315	WP_001237002.1 MULTISPECIES: YbaN family protein [Staphylococcus]	100	99.2	2.26e-75
BAAHSQ010000001.1_123|138921|140408|1|ID=1_123;partial=00;start_type=ATG;rbs_motif=AGGAG;rbs_spacer=5-10bp;gc_cont=0.362	WP_000290397.1 MULTISPECIES: aldehyde dehydrogenase family protein [Staphylococcus]	100	99.8	0.0
BAAHSQ010000001.1_124|140535|140645|1|ID=1_124;partial=00;start_type=ATG;rbs_motif=GGA/GAG/AGG;rbs_spacer=5-10bp;gc_cont=0.297	WP_000161255.1 hypothetical protein [Staphylococcus aureus]	76.5	91.9	1.21e-08
BAAHSQ010000001.1_125|140949|142013|1|ID=1_125;partial=00;start_type=ATG;rbs_motif=None;rbs_spacer=None;gc_cont=0.315	WP_001013481.1 MULTISPECIES: cation diffusion facilitator family transporter [Staphylococcus]	100	89.9	1.38e-216
BAAHSQ010000001.1_126|142124|142327|-1|ID=1_126;partial=00;start_type=ATG;rbs_motif=AGxAGG/AGGxGG;rbs_spacer=5-10bp;gc_cont=0.304	WP_000356963.1 MULTISPECIES: hypothetical protein [Staphylococcus]	100	98.5	8.29e-39
BAAHSQ010000001.1_127|142505|143017|1|ID=1_127;partial=00;start_type=ATG;rbs_motif=AGGAG;rbs_spacer=5-10bp;gc_cont=0.341	WP_000171919.1 MULTISPECIES: DUF4242 domain-containing protein [Staphylococcus]	100	99.4	9.30e-116
BAAHSQ010000001.1_128|143359|144099|1|ID=1_128;partial=00;start_type=ATG;rbs_motif=GGA/GAG/AGG;rbs_spacer=5-10bp;gc_cont=0.355	WP_000590847.1 MULTISPECIES: ABC transporter ATP-binding protein [Staphylococcus]	100	99.6	4.22e-179
BAAHSQ010000001.1_129|144113|145087|1|ID=1_129;partial=00;start_type=ATG;rbs_motif=AGGAG;rbs_spacer=5-10bp;gc_cont=0.368	WP_000826671.1 MULTISPECIES: ABC transporter substrate-binding protein [Staphylococcus]	100	99.7	2.89e-241
BAAHSQ010000001.1_130|145084|145845|1|ID=1_130;partial=00;start_type=ATG;rbs_motif=AGGAGG;rbs_spacer=5-10bp;gc_cont=0.353	WP_000197961.1 MULTISPECIES: ABC transporter permease [Staphylococcus]	100	99.6	7.26e-179
BAAHSQ010000001.1_131|145858|146889|1|ID=1_131;partial=00;start_type=ATG;rbs_motif=AGGAG;rbs_spacer=5-10bp;gc_cont=0.352	WP_000171644.1 MULTISPECIES: acyl-CoA/acyl-ACP dehydrogenase [Staphylococcus]	100	99.7	2.05e-246
BAAHSQ010000001.1_132|147106|147465|1|ID=1_132;partial=00;start_type=GTG;rbs_motif=None;rbs_spacer=None;gc_cont=0.325	WP_001092004.1 MULTISPECIES: DUF2294 domain-containing protein [Staphylococcus]	100	99.2	5.50e-79
BAAHSQ010000001.1_133|147638|148663|1|ID=1_133;partial=00;start_type=ATG;rbs_motif=AGGAG;rbs_spacer=5-10bp;gc_cont=0.349	WP_117218871.1 NAD-dependent formate dehydrogenase [Staphylococcus aureus]	100	99.7	4.31e-247
BAAHSQ010000001.1_134|149049|150299|1|ID=1_134;partial=00;start_type=ATG;rbs_motif=None;rbs_spacer=None;gc_cont=0.325	WP_000826862.1 MULTISPECIES: MDR family MFS transporter [Staphylococcus]	100	99.8	1.15e-273
BAAHSQ010000001.1_135|150728|157921|1|ID=1_135;partial=00;start_type=ATG;rbs_motif=GGA/GAG/AGG;rbs_spacer=5-10bp;gc_cont=0.352	WP_000605278.1 aureusimine non-ribosomal peptide synthetase AusA [Staphylococcus aureus]	100	99.7	0.0
BAAHSQ010000001.1_136|157934|158578|1|ID=1_136;partial=00;start_type=ATG;rbs_motif=GGA/GAG/AGG;rbs_spacer=5-10bp;gc_cont=0.338	WP_000215724.1 MULTISPECIES: aureusimine biosynthesis 4'-phosphopantetheinyl transferase AusB [Staphylococcus]	100	99.5	1.88e-157
BAAHSQ010000001.1_137|158906|159385|-1|ID=1_137;partial=00;start_type=ATG;rbs_motif=None;rbs_spacer=None;gc_cont=0.365	WP_001802886.1 MULTISPECIES: YagU family protein [Staphylococcus]	100	99.4	3.07e-111
BAAHSQ010000001.1_138|159655|160419|-1|ID=1_138;partial=00;start_type=ATG;rbs_motif=AGxAGG/AGGxGG;rbs_spacer=5-10bp;gc_cont=0.346	WP_000668894.1 MULTISPECIES: acetylglutamate kinase [Staphylococcus]	100	99.6	2.85e-181
BAAHSQ010000001.1_139|160435|161676|-1|ID=1_139;partial=00;start_type=ATG;rbs_motif=GGA/GAG/AGG;rbs_spacer=5-10bp;gc_cont=0.381	WP_000682611.1 MULTISPECIES: bifunctional glutamate N-acetyltransferase/amino-acid acetyltransferase ArgJ [Staphylococcus]	100	99.8	2.08e-295
BAAHSQ010000001.1_140|161688|162722|-1|ID=1_140;partial=00;start_type=ATG;rbs_motif=AGGAG;rbs_spacer=5-10bp;gc_cont=0.355	WP_000598483.1 MULTISPECIES: N-acetyl-gamma-glutamyl-phosphate reductase [Staphylococcus]	100	99.4	1.91e-249
BAAHSQ010000001.1_141|162758|163969|-1|ID=1_141;partial=00;start_type=ATG;rbs_motif=None;rbs_spacer=None;gc_cont=0.378	WP_001084436.1 MULTISPECIES: ornithine--oxo-acid transaminase [Staphylococcus]	100	97.5	8.12e-288
BAAHSQ010000001.1_142|164195|165550|-1|ID=1_142;partial=00;start_type=ATG;rbs_motif=AGGAG(G)/GGAGG;rbs_spacer=13-15bp;gc_cont=0.329	WP_000728180.1 MULTISPECIES: branched-chain amino acid transport system II carrier protein BrnQ1 [Staphylococcus]	100	99.8	6.40e-307
BAAHSQ010000001.1_143|165826|166383|-1|ID=1_143;partial=00;start_type=ATG;rbs_motif=AGGA/GGAG/GAGG;rbs_spacer=11-12bp;gc_cont=0.351	WP_000606890.1 MULTISPECIES: isochorismatase family protein [Staphylococcus]	100	99.5	2.83e-131
BAAHSQ010000001.1_144|166450|168090|-1|ID=1_144;partial=00;start_type=ATG;rbs_motif=GGA/GAG/AGG;rbs_spacer=5-10bp;gc_cont=0.364	WP_117200951.1 alpha-keto acid decarboxylase family protein [Staphylococcus aureus]	100	99.8	0.0
BAAHSQ010000001.1_145|168363|170408|-1|ID=1_145;partial=00;start_type=GTG;rbs_motif=GGAG/GAGG;rbs_spacer=5-10bp;gc_cont=0.377	WP_001227724.1 MULTISPECIES: glucose-specific PTS transporter subunit IIBC [Staphylococcus]	100	99.9	0.0
BAAHSQ010000001.1_146|171008|172048|1|ID=1_146;partial=00;start_type=GTG;rbs_motif=GGA/GAG/AGG;rbs_spacer=5-10bp;gc_cont=0.354	WP_001802887.1 6-phospho-N-acetylmuramidase [Staphylococcus aureus]	99.7	99.7	3.73e-255
BAAHSQ010000001.1_147|172048|172944|1|ID=1_147;partial=00;start_type=ATG;rbs_motif=AGGA/GGAG/GAGG;rbs_spacer=11-12bp;gc_cont=0.381	WP_117200953.1 N-acetylmuramic acid 6-phosphate etherase [Staphylococcus aureus]	100	99.7	3.48e-204
BAAHSQ010000001.1_148|172956|174410|1|ID=1_148;partial=00;start_type=ATG;rbs_motif=AGGAG;rbs_spacer=5-10bp;gc_cont=0.381	WP_000159750.1 MULTISPECIES: PTS transporter subunit EIIC [Staphylococcus]	100	99.8	0.0
BAAHSQ010000001.1_149|174410|175288|1|ID=1_149;partial=00;start_type=ATG;rbs_motif=None;rbs_spacer=None;gc_cont=0.344	WP_000181827.1 MurR/RpiR family transcriptional regulator [Staphylococcus aureus]	92.4	99.3	6.81e-185
BAAHSQ010000001.1_150|175976|178765|1|ID=1_150;partial=00;start_type=ATG;rbs_motif=GGA/GAG/AGG;rbs_spacer=5-10bp;gc_cont=0.333	WP_341261315.1 type I restriction endonuclease subunit R [Staphylococcus aureus]	100	99.9	0.0
BAAHSQ010000001.1_151|178912|179511|-1|ID=1_151;partial=00;start_type=ATG;rbs_motif=AGGAG;rbs_spacer=5-10bp;gc_cont=0.292	WP_000059054.1 MULTISPECIES: hypothetical protein [Staphylococcus]	100	99.5	3.03e-117
BAAHSQ010000001.1_152|179637|180392|1|ID=1_152;partial=00;start_type=TTG;rbs_motif=AGGAG;rbs_spacer=5-10bp;gc_cont=0.317	WP_108947512.1 RND transporter [Staphylococcus aureus]	99.6	99.6	5.05e-169
BAAHSQ010000001.1_153|180389|181069|1|ID=1_153;partial=00;start_type=ATG;rbs_motif=GGA/GAG/AGG;rbs_spacer=5-10bp;gc_cont=0.314	WP_000571407.1 MULTISPECIES: ABC transporter ATP-binding protein [Staphylococcus]	100	99.6	2.34e-157
BAAHSQ010000001.1_154|181066|182244|1|ID=1_154;partial=00;start_type=ATG;rbs_motif=GGAG/GAGG;rbs_spacer=5-10bp;gc_cont=0.307	WP_001233397.1 MULTISPECIES: ABC transporter permease [Staphylococcus]	100	99.7	4.99e-265
BAAHSQ010000001.1_155|182451|182672|1|ID=1_155;partial=00;start_type=ATG;rbs_motif=AGGAGG;rbs_spacer=5-10bp;gc_cont=0.414	WP_000915920.1 MULTISPECIES: putative cyclic bacteriocin [Staphylococcus]	100	98.6	3.32e-43
BAAHSQ010000001.1_156|182743|184428|1|ID=1_156;partial=00;start_type=ATG;rbs_motif=AGGAG;rbs_spacer=5-10bp;gc_cont=0.234	WP_031899927.1 membrane protein [Staphylococcus aureus]	99.8	99.8	0.0
BAAHSQ010000001.1_157|184466|184930|1|ID=1_157;partial=00;start_type=GTG;rbs_motif=None;rbs_spacer=None;gc_cont=0.256	WP_001793228.1 MULTISPECIES: stage II sporulation protein M [Staphylococcus]	100	99.4	6.39e-88
BAAHSQ010000001.1_158|184942|185664|1|ID=1_158;partial=00;start_type=ATG;rbs_motif=AGGA;rbs_spacer=5-10bp;gc_cont=0.266	WP_000960712.1 MULTISPECIES: ATP-binding cassette domain-containing protein [Staphylococcus]	100	99.6	6.95e-166
BAAHSQ010000001.1_159|185651|185839|1|ID=1_159;partial=00;start_type=ATG;rbs_motif=GGAG/GAGG;rbs_spacer=5-10bp;gc_cont=0.222	WP_368409519.1 hypothetical protein [Staphylococcus aureus]	98.4	98.4	1.29e-33
BAAHSQ010000001.1_160|185829|186026|1|ID=1_160;partial=00;start_type=GTG;rbs_motif=GGA/GAG/AGG;rbs_spacer=5-10bp;gc_cont=0.308	WP_000794565.1 MULTISPECIES: helix-turn-helix transcriptional regulator [Staphylococcus]	100	98.5	1.20e-37
BAAHSQ010000001.1_161|186536|187438|-1|ID=1_161;partial=00;start_type=ATG;rbs_motif=None;rbs_spacer=None;gc_cont=0.371	WP_423143752.1 ATP-binding cassette domain-containing protein, partial [Staphylococcus aureus]	99.3	95.3	6.41e-199
BAAHSQ010000001.1_162|187395|188129|-1|ID=1_162;partial=00;start_type=ATG;rbs_motif=GGAG/GAGG;rbs_spacer=5-10bp;gc_cont=0.337	WP_142300295.1 ABC transporter ATP-binding protein, partial [Staphylococcus aureus]	99.6	99.6	5.29e-166
BAAHSQ010000001.1_163|188131|189564|1|ID=1_163;partial=00;start_type=ATG;rbs_motif=None;rbs_spacer=None;gc_cont=0.326	WP_001557565.1 ABC transporter permease [Staphylococcus aureus]	100	99.8	3.40e-306
BAAHSQ010000001.1_164|189570|190733|1|ID=1_164;partial=00;start_type=ATG;rbs_motif=AGGA;rbs_spacer=5-10bp;gc_cont=0.345	WP_000240104.1 MULTISPECIES: ABC transporter permease [Staphylococcus]	100	99.7	3.70e-253
BAAHSQ010000001.1_165|190750|192525|1|ID=1_165;partial=00;start_type=GTG;rbs_motif=GGA/GAG/AGG;rbs_spacer=5-10bp;gc_cont=0.334	WP_000720804.1 MULTISPECIES: ABC transporter substrate-binding protein [Staphylococcus]	100	99.8	0.0
BAAHSQ010000001.1_166|192563|194569|1|ID=1_166;partial=00;start_type=ATG;rbs_motif=AGGAG;rbs_spacer=5-10bp;gc_cont=0.379	WP_000236409.1 MULTISPECIES: gamma-glutamyltransferase [Staphylococcus]	100	99.9	0.0
BAAHSQ010000001.1_167|194882|195655|-1|ID=1_167;partial=00;start_type=ATG;rbs_motif=GGA/GAG/AGG;rbs_spacer=5-10bp;gc_cont=0.298	WP_000643623.1 MULTISPECIES: tandem-type lipoprotein [Staphylococcus]	100	99.6	5.96e-180
BAAHSQ010000001.1_168|195845|196471|-1|ID=1_168;partial=00;start_type=ATG;rbs_motif=AGGAG;rbs_spacer=5-10bp;gc_cont=0.321	WP_001151450.1 MULTISPECIES: FMN-dependent NADH-azoreductase [Staphylococcus]	100	99.5	1.17e-148
BAAHSQ010000001.1_169|196680|197258|1|ID=1_169;partial=00;start_type=ATG;rbs_motif=GGA/GAG/AGG;rbs_spacer=5-10bp;gc_cont=0.363	WP_000166919.1 MULTISPECIES: M23 family metallopeptidase [Staphylococcus]	100	99.5	3.70e-144
BAAHSQ010000001.1_170|197641|198738|1|ID=1_170;partial=00;start_type=ATG;rbs_motif=GGAG/GAGG;rbs_spacer=5-10bp;gc_cont=0.351	WP_000818914.1 MULTISPECIES: ABC transporter ATP-binding protein [Staphylococcus]	100	99.7	7.94e-262
BAAHSQ010000001.1_171|198751|200022|1|ID=1_171;partial=00;start_type=ATG;rbs_motif=GGAG/GAGG;rbs_spacer=5-10bp;gc_cont=0.340	WP_000034961.1 MULTISPECIES: maltodextrin ABC transporter substrate-binding protein [Staphylococcus]	100	99.8	1.29e-310
BAAHSQ010000001.1_172|200025|201293|1|ID=1_172;partial=00;start_type=ATG;rbs_motif=AGGAG;rbs_spacer=5-10bp;gc_cont=0.355	WP_086098788.1 sugar ABC transporter permease [Staphylococcus aureus]	98.8	99.8	5.35e-298
BAAHSQ010000001.1_173|201295|202134|1|ID=1_173;partial=00;start_type=ATG;rbs_motif=GGAG/GAGG;rbs_spacer=5-10bp;gc_cont=0.339	WP_000162661.1 MULTISPECIES: sugar ABC transporter permease [Staphylococcus]	100	99.6	1.91e-187
BAAHSQ010000001.1_174|202205|203284|1|ID=1_174;partial=00;start_type=ATG;rbs_motif=AGGAG;rbs_spacer=5-10bp;gc_cont=0.389	WP_000153466.1 MULTISPECIES: Gfo/Idh/MocA family protein [Staphylococcus]	100	99.4	4.99e-264
BAAHSQ010000001.1_175|203309|204349|1|ID=1_175;partial=00;start_type=ATG;rbs_motif=AGGAG;rbs_spacer=5-10bp;gc_cont=0.394	WP_000163809.1 MULTISPECIES: Gfo/Idh/MocA family protein [Staphylococcus]	100	99.7	1.52e-254
BAAHSQ010000001.1_176|204404|205372|1|ID=1_176;partial=00;start_type=ATG;rbs_motif=AGGAG;rbs_spacer=5-10bp;gc_cont=0.359	WP_000690419.1 MULTISPECIES: sugar phosphate isomerase/epimerase family protein [Staphylococcus]	100	99.7	6.59e-246
BAAHSQ010000001.1_177|205733|206227|-1|ID=1_177;partial=00;start_type=ATG;rbs_motif=GGAG/GAGG;rbs_spacer=5-10bp;gc_cont=0.267	WP_000603755.1 MULTISPECIES: isoprenylcysteine carboxyl methyltransferase family protein [Staphylococcus]	100	99.4	8.00e-105
BAAHSQ010000001.1_178|206442|207839|1|ID=1_178;partial=00;start_type=ATG;rbs_motif=None;rbs_spacer=None;gc_cont=0.363	WP_001008722.1 MULTISPECIES: hexose-6-phosphate:phosphate antiporter [Staphylococcus]	100	98.5	0.0
BAAHSQ010000001.1_179|208198|208956|-1|ID=1_179;partial=00;start_type=ATG;rbs_motif=GGA/GAG/AGG;rbs_spacer=5-10bp;gc_cont=0.323	WP_000477521.1 MULTISPECIES: response regulator transcription factor [Staphylococcus]	100	99.6	7.30e-183
BAAHSQ010000001.1_180|208949|210505|-1|ID=1_180;partial=00;start_type=ATG;rbs_motif=GGAG/GAGG;rbs_spacer=5-10bp;gc_cont=0.328	WP_000127997.1 MULTISPECIES: sensor histidine kinase [Staphylococcus]	100	99.8	0.0
BAAHSQ010000001.1_181|210502|211470|-1|ID=1_181;partial=00;start_type=ATG;rbs_motif=None;rbs_spacer=None;gc_cont=0.344	WP_000837105.1 MULTISPECIES: ABC transporter substrate-binding protein [Staphylococcus]	100	99.7	1.93e-229
BAAHSQ010000001.1_182|212058|214307|1|ID=1_182;partial=00;start_type=ATG;rbs_motif=GGAG/GAGG;rbs_spacer=5-10bp;gc_cont=0.367	WP_000894660.1 MULTISPECIES: formate C-acetyltransferase [Staphylococcus]	100	99.9	0.0
BAAHSQ010000001.1_183|214330|215085|1|ID=1_183;partial=00;start_type=ATG;rbs_motif=GGA/GAG/AGG;rbs_spacer=5-10bp;gc_cont=0.364	WP_000911657.1 MULTISPECIES: pyruvate formate-lyase-activating protein [Staphylococcus]	100	99.6	5.37e-189
BAAHSQ010000001.1_184|215048|215383|1|ID=1_184;partial=00;start_type=ATG;rbs_motif=AGxAG;rbs_spacer=5-10bp;gc_cont=0.324	WP_224108010.1 hypothetical protein [Staphylococcus aureus]	100	99.1	6.91e-76
BAAHSQ010000001.1_185|215421|217184|1|ID=1_185;partial=00;start_type=ATG;rbs_motif=GGAG/GAGG;rbs_spacer=5-10bp;gc_cont=0.311	WP_001806672.1 MULTISPECIES: glycerophosphoryl diester phosphodiesterase membrane domain-containing protein [Staphylococcus]	100	99.8	0.0
BAAHSQ010000001.1_186|217348|217692|-1|ID=1_186;partial=00;start_type=ATG;rbs_motif=AGGAG;rbs_spacer=5-10bp;gc_cont=0.330	WP_000211596.1 MULTISPECIES: complement inhibitor SCIN family protein [Bacillales]	100	99.1	3.96e-72
BAAHSQ010000001.1_187|217882|219702|1|ID=1_187;partial=00;start_type=ATG;rbs_motif=AGGA/GGAG/GAGG;rbs_spacer=11-12bp;gc_cont=0.342	WP_367949401.1 staphylocoagulase [Staphylococcus aureus]	100	84.5	0.0
BAAHSQ010000001.1_188|220305|221489|-1|ID=1_188;partial=00;start_type=ATG;rbs_motif=GGAG/GAGG;rbs_spacer=5-10bp;gc_cont=0.431	WP_001154616.1 MULTISPECIES: thiolase family protein [Staphylococcus]	100	99.7	3.75e-277
BAAHSQ010000001.1_189|221519|223780|-1|ID=1_189;partial=00;start_type=ATG;rbs_motif=GGAG/GAGG;rbs_spacer=5-10bp;gc_cont=0.376	WP_000154532.1 MULTISPECIES: 3-hydroxyacyl-CoA dehydrogenase/crotonase FadB [Staphylococcus]	100	99.9	0.0
BAAHSQ010000001.1_190|223967|225178|-1|ID=1_190;partial=00;start_type=ATG;rbs_motif=AGGAG;rbs_spacer=5-10bp;gc_cont=0.393	WP_000142189.1 MULTISPECIES: acyl-CoA dehydrogenase FadE [Staphylococcus]	100	99.8	5.28e-293
BAAHSQ010000001.1_191|225290|226795|-1|ID=1_191;partial=00;start_type=ATG;rbs_motif=GGA/GAG/AGG;rbs_spacer=5-10bp;gc_cont=0.374	WP_001008395.1 MULTISPECIES: long-chain-fatty-acid--CoA ligase FadD [Staphylococcus]	100	99.8	0.0
BAAHSQ010000001.1_192|226821|228398|-1|ID=1_192;partial=00;start_type=ATG;rbs_motif=None;rbs_spacer=None;gc_cont=0.372	WP_001793221.1 MULTISPECIES: fatty acid degradation protein FadX [Staphylococcus]	100	99.8	0.0
BAAHSQ010000001.1_193|228752|229981|1|ID=1_193;partial=00;start_type=ATG;rbs_motif=GGA/GAG/AGG;rbs_spacer=5-10bp;gc_cont=0.344	WP_010956622.1 MULTISPECIES: PrsW family intramembrane metalloprotease [Staphylococcus]	100	92.7	4.05e-261
BAAHSQ010000001.1_194|230295|231770|-1|ID=1_194;partial=00;start_type=ATG;rbs_motif=GGA/GAG/AGG;rbs_spacer=5-10bp;gc_cont=0.312	WP_000669654.1 MULTISPECIES: nickel ABC transporter substrate-binding protein [Staphylococcus]	100	99.8	0.0
BAAHSQ010000001.1_195|231968|232324|-1|ID=1_195;partial=00;start_type=ATG;rbs_motif=AGGAG;rbs_spacer=5-10bp;gc_cont=0.350	WP_000215216.1 MULTISPECIES: DUF488 domain-containing protein [Staphylococcus]	100	99.2	8.82e-80
BAAHSQ010000001.1_196|232481|232654|-1|ID=1_196;partial=00;start_type=ATG;rbs_motif=AGGA/GGAG/GAGG;rbs_spacer=11-12bp;gc_cont=0.247	WP_000773989.1 MULTISPECIES: hypothetical protein [Staphylococcus]	100	98.3	2.46e-29
BAAHSQ010000001.1_197|232680|233825|-1|ID=1_197;partial=00;start_type=ATG;rbs_motif=AGGAG;rbs_spacer=5-10bp;gc_cont=0.351	WP_000954808.1 MULTISPECIES: globin domain-containing protein [Staphylococcus]	100	99.7	5.08e-273
BAAHSQ010000001.1_198|234398|235351|1|ID=1_198;partial=00;start_type=ATG;rbs_motif=GGAG/GAGG;rbs_spacer=5-10bp;gc_cont=0.372	WP_001031880.1 MULTISPECIES: L-lactate dehydrogenase [Staphylococcus]	100	99.7	5.47e-222
BAAHSQ010000001.1_199|235671|237200|-1|ID=1_199;partial=00;start_type=ATG;rbs_motif=AGGAG;rbs_spacer=5-10bp;gc_cont=0.393	WP_000838204.1 MULTISPECIES: PTS transporter subunit EIIC [Staphylococcus]	100	99.8	0.0
BAAHSQ010000001.1_200|237562|238497|1|ID=1_200;partial=00;start_type=ATG;rbs_motif=GGA/GAG/AGG;rbs_spacer=5-10bp;gc_cont=0.396	WP_000823215.1 MULTISPECIES: nucleoside hydrolase [Staphylococcus]	100	99.7	2.07e-223
BAAHSQ010000001.1_201|238834|240930|1|ID=1_201;partial=00;start_type=ATG;rbs_motif=AGGAG;rbs_spacer=5-10bp;gc_cont=0.329	WP_001012755.1 MULTISPECIES: BglG family transcription antiterminator [Staphylococcus]	100	99.9	0.0
BAAHSQ010000001.1_202|240915|241382|1|ID=1_202;partial=00;start_type=ATG;rbs_motif=GGAG/GAGG;rbs_spacer=5-10bp;gc_cont=0.353	WP_000531476.1 MULTISPECIES: PTS sugar transporter subunit IIA [Staphylococcus]	100	99.4	2.64e-101
BAAHSQ010000001.1_203|241405|241683|1|ID=1_203;partial=00;start_type=ATG;rbs_motif=GGAG/GAGG;rbs_spacer=5-10bp;gc_cont=0.312	WP_000815795.1 MULTISPECIES: PTS sugar transporter subunit IIB [Bacilli]	100	98.9	5.84e-57
BAAHSQ010000001.1_204|241910|243169|1|ID=1_204;partial=00;start_type=ATG;rbs_motif=GGAG/GAGG;rbs_spacer=5-10bp;gc_cont=0.368	WP_000120109.1 MULTISPECIES: PTS galactitol transporter subunit IIC [Staphylococcus]	100	99.8	6.59e-286
BAAHSQ010000001.1_205|243184|244242|1|ID=1_205;partial=00;start_type=GTG;rbs_motif=GGAG/GAGG;rbs_spacer=5-10bp;gc_cont=0.367	WP_000646203.1 MULTISPECIES: zinc-binding dehydrogenase [Staphylococcus]	99.7	99.4	1.26e-258
BAAHSQ010000001.1_206|244244|244390|1|ID=1_206;partial=00;start_type=ATG;rbs_motif=AGGAG;rbs_spacer=5-10bp;gc_cont=0.299	WP_000230358.1 MULTISPECIES: hypothetical protein [Bacteria]	100	98.0	3.61e-25
BAAHSQ010000001.1_207|244414|245457|1|ID=1_207;partial=00;start_type=GTG;rbs_motif=GGAG/GAGG;rbs_spacer=5-10bp;gc_cont=0.378	WP_000645608.1 MULTISPECIES: galactitol-1-phosphate 5-dehydrogenase [Staphylococcus]	100	99.7	2.00e-255
BAAHSQ010000001.1_208|245985|246701|1|ID=1_208;partial=00;start_type=ATG;rbs_motif=GGAG/GAGG;rbs_spacer=5-10bp;gc_cont=0.328	WP_000638479.1 MULTISPECIES: 2-C-methyl-D-erythritol 4-phosphate cytidylyltransferase [Staphylococcus]	100	99.6	3.45e-165
BAAHSQ010000001.1_209|246694|247719|1|ID=1_209;partial=00;start_type=ATG;rbs_motif=GGA/GAG/AGG;rbs_spacer=11-12bp;gc_cont=0.354	WP_000610171.1 MULTISPECIES: alcohol dehydrogenase catalytic domain-containing protein [Staphylococcus]	100	99.7	1.83e-248
BAAHSQ010000001.1_210|247741|249435|1|ID=1_210;partial=00;start_type=ATG;rbs_motif=GGA/GAG/AGG;rbs_spacer=5-10bp;gc_cont=0.326	WP_000167974.1 MULTISPECIES: teichoic acid ribitol-phosphate polymerase TarK [Staphylococcus]	100	99.8	0.0
BAAHSQ010000001.1_211|249747|249881|-1|ID=1_211;partial=00;start_type=ATG;rbs_motif=None;rbs_spacer=None;gc_cont=0.496	WP_254612298.1 deoxyribose-phosphate aldolase [Staphylococcus aureus]	56.9	93.3	5.81e-05
BAAHSQ010000001.1_212|250351|251415|-1|ID=1_212;partial=00;start_type=TTG;rbs_motif=GGA/GAG/AGG;rbs_spacer=5-10bp;gc_cont=0.366	WP_000958531.1 MULTISPECIES: Mrp/NBP35 family ATP-binding protein [Staphylococcus]	100	99.7	9.11e-251
BAAHSQ010000001.1_213|251563|253008|-1|ID=1_213;partial=00;start_type=ATG;rbs_motif=AGGAG;rbs_spacer=5-10bp;gc_cont=0.333	WP_001141006.1 MULTISPECIES: multidrug efflux MFS transporter LmrS [Staphylococcus]	100	99.6	0.0
BAAHSQ010000001.1_214|253328|253801|-1|ID=1_214;partial=00;start_type=ATG;rbs_motif=AGGAG;rbs_spacer=3-4bp;gc_cont=0.274	WP_001793373.1 MULTISPECIES: multidrug efflux transporter SepA [Staphylococcus]	100	99.4	2.00e-106
BAAHSQ010000001.1_215|253900|255243|-1|ID=1_215;partial=00;start_type=ATG;rbs_motif=AGGAG;rbs_spacer=5-10bp;gc_cont=0.307	WP_001237503.1 MULTISPECIES: multidrug efflux MFS transporter SdrM [Staphylococcus]	100	99.8	2.53e-295
BAAHSQ010000001.1_216|255420|256106|-1|ID=1_216;partial=00;start_type=ATG;rbs_motif=GGA/GAG/AGG;rbs_spacer=5-10bp;gc_cont=0.316	WP_000047255.1 MULTISPECIES: PAQR family membrane homeostasis protein TrhA [Staphylococcus]	100	99.1	6.95e-153
BAAHSQ010000001.1_217|256122|257309|-1|ID=1_217;partial=00;start_type=ATG;rbs_motif=AGGAG;rbs_spacer=5-10bp;gc_cont=0.313	WP_000884735.1 MULTISPECIES: UTP--glucose-1-phosphate uridylyltransferase [Staphylococcus]	100	99.7	1.32e-282
BAAHSQ010000001.1_218|257353|257868|-1|ID=1_218;partial=00;start_type=ATG;rbs_motif=AGGAG;rbs_spacer=5-10bp;gc_cont=0.343	WP_000147095.1 MULTISPECIES: metal-dependent hydrolase [Staphylococcus]	100	99.4	5.81e-115
BAAHSQ010000001.1_219|258045|258305|1|ID=1_219;partial=00;start_type=ATG;rbs_motif=AGGA/GGAG/GAGG;rbs_spacer=11-12bp;gc_cont=0.307	WP_001251935.1 MULTISPECIES: SunI/YnzG family protein [Staphylococcus]	100	98.9	2.11e-54
BAAHSQ010000001.1_220|258437|259807|-1|ID=1_220;partial=00;start_type=ATG;rbs_motif=GGA/GAG/AGG;rbs_spacer=5-10bp;gc_cont=0.358	WP_001549577.1 MULTISPECIES: YjiH family protein [Staphylococcus]	100	99.8	1.20e-309
BAAHSQ010000001.1_221|260043|261011|-1|ID=1_221;partial=00;start_type=ATG;rbs_motif=GGA/GAG/AGG;rbs_spacer=11-12bp;gc_cont=0.336	WP_000989091.1 MULTISPECIES: FecCD family ABC transporter permease [Staphylococcus]	100	99.7	2.95e-208
BAAHSQ010000001.1_222|261008|262039|-1|ID=1_222;partial=00;start_type=ATG;rbs_motif=GGA/GAG/AGG;rbs_spacer=5-10bp;gc_cont=0.342	WP_000974914.1 MULTISPECIES: FecCD family ABC transporter permease [Staphylococcus]	100	99.7	8.81e-232
BAAHSQ010000001.1_223|262051|263034|-1|ID=1_223;partial=00;start_type=ATG;rbs_motif=AGGAG;rbs_spacer=5-10bp;gc_cont=0.309	WP_001214662.1 MULTISPECIES: ABC transporter substrate-binding protein [Staphylococcus]	100	99.7	3.05e-224
BAAHSQ010000001.1_224|263426|264496|-1|ID=1_224;partial=00;start_type=ATG;rbs_motif=AGGA/GGAG/GAGG;rbs_spacer=11-12bp;gc_cont=0.309	WP_000951637.1 MULTISPECIES: staphyloferrin A biosynthesis protein SfaC [Staphylococcus]	100	99.7	1.65e-254
BAAHSQ010000001.1_225|264503|266260|-1|ID=1_225;partial=00;start_type=ATG;rbs_motif=GGAG/GAGG;rbs_spacer=5-10bp;gc_cont=0.327	WP_117200880.1 staphyloferrin A synthetase SfaB [Staphylococcus aureus]	100	99.8	0.0
BAAHSQ010000001.1_226|266247|267440|-1|ID=1_226;partial=00;start_type=ATG;rbs_motif=None;rbs_spacer=None;gc_cont=0.319	WP_000170408.1 MULTISPECIES: staphyloferrin A export MFS transporter [Staphylococcus]	100	99.7	6.44e-275
BAAHSQ010000001.1_227|267542|269518|1|ID=1_227;partial=00;start_type=ATG;rbs_motif=GGAG/GAGG;rbs_spacer=5-10bp;gc_cont=0.326	WP_117200881.1 D-ornithine--citrate ligase SfaD [Staphylococcus aureus]	100	99.8	0.0
BAAHSQ010000001.1_228|269678|270187|-1|ID=1_228;partial=00;start_type=ATG;rbs_motif=AGGAG;rbs_spacer=5-10bp;gc_cont=0.318	WP_250755507.1 Asp23/Gls24 family envelope stress response protein [Staphylococcus aureus]	94.1	99.4	2.16e-100
BAAHSQ010000001.1_229|270250|270489|-1|ID=1_229;partial=00;start_type=ATG;rbs_motif=GGAG/GAGG;rbs_spacer=5-10bp;gc_cont=0.304	WP_000002683.1 MULTISPECIES: DUF2273 domain-containing protein [Staphylococcus]	100	98.8	8.06e-49
BAAHSQ010000001.1_230|270502|271038|-1|ID=1_230;partial=00;start_type=GTG;rbs_motif=AGGA/GGAG/GAGG;rbs_spacer=11-12bp;gc_cont=0.330	WP_000825819.1 MULTISPECIES: alkaline shock response membrane anchor protein AmaP [Staphylococcus]	100	99.4	1.07e-118
BAAHSQ010000001.1_231|271213|272775|-1|ID=1_231;partial=00;start_type=ATG;rbs_motif=GGA/GAG/AGG;rbs_spacer=5-10bp;gc_cont=0.357	WP_000792342.1 MULTISPECIES: BCCT family transporter [Staphylococcus]	100	99.8	0.0
BAAHSQ010000001.1_232|273083|274090|-1|ID=1_232;partial=00;start_type=ATG;rbs_motif=GGAG/GAGG;rbs_spacer=5-10bp;gc_cont=0.342	WP_000781934.1 MULTISPECIES: zinc-binding alcohol dehydrogenase family protein [Staphylococcus]	100	99.7	4.12e-242
BAAHSQ010000001.1_233|274324|275328|-1|ID=1_233;partial=00;start_type=ATG;rbs_motif=GGA/GAG/AGG;rbs_spacer=5-10bp;gc_cont=0.382	WP_001180228.1 MULTISPECIES: NADP-dependent oxidoreductase [Staphylococcus]	100	99.4	5.83e-239
BAAHSQ010000001.1_234|275608|276492|-1|ID=1_234;partial=00;start_type=ATG;rbs_motif=None;rbs_spacer=None;gc_cont=0.337	WP_001797631.1 alpha/beta hydrolase [Staphylococcus aureus]	99.7	99.7	3.63e-204
BAAHSQ010000001.1_235|276743|278155|-1|ID=1_235;partial=00;start_type=ATG;rbs_motif=AGGAG;rbs_spacer=5-10bp;gc_cont=0.350	WP_000169224.1 MULTISPECIES: 6-phospho-beta-galactosidase [Staphylococcus]	100	99.8	0.0
BAAHSQ010000001.1_236|278173|279885|-1|ID=1_236;partial=00;start_type=ATG;rbs_motif=GGAG/GAGG;rbs_spacer=5-10bp;gc_cont=0.359	WP_000983330.1 MULTISPECIES: lactose-specific PTS transporter subunit EIIC [Staphylococcus]	100	99.8	0.0
BAAHSQ010000001.1_237|279891|280202|-1|ID=1_237;partial=00;start_type=ATG;rbs_motif=GGA/GAG/AGG;rbs_spacer=5-10bp;gc_cont=0.356	WP_001078309.1 MULTISPECIES: PTS lactose/cellobiose transporter subunit IIA [Bacillales]	100	99.0	1.51e-64
BAAHSQ010000001.1_238|280224|281204|-1|ID=1_238;partial=00;start_type=ATG;rbs_motif=GGAG/GAGG;rbs_spacer=5-10bp;gc_cont=0.352	WP_000047015.1 MULTISPECIES: tagatose-bisphosphate aldolase [Staphylococcus]	100	99.7	1.17e-232
BAAHSQ010000001.1_239|281208|282140|-1|ID=1_239;partial=00;start_type=ATG;rbs_motif=GGA/GAG/AGG;rbs_spacer=5-10bp;gc_cont=0.353	WP_000604135.1 MULTISPECIES: tagatose-6-phosphate kinase [Staphylococcus]	100	99.7	8.72e-220
BAAHSQ010000001.1_240|282153|282668|-1|ID=1_240;partial=00;start_type=ATG;rbs_motif=GGAG/GAGG;rbs_spacer=5-10bp;gc_cont=0.345	WP_000684746.1 MULTISPECIES: galactose-6-phosphate isomerase subunit LacB [Staphylococcus]	100	99.4	2.28e-121
BAAHSQ010000001.1_241|282684|283112|-1|ID=1_241;partial=00;start_type=ATG;rbs_motif=AGGAG;rbs_spacer=5-10bp;gc_cont=0.364	WP_000974608.1 MULTISPECIES: galactose-6-phosphate isomerase subunit LacA [Staphylococcus]	100	99.3	8.46e-94
BAAHSQ010000001.1_242|283480|284271|-1|ID=1_242;partial=00;start_type=ATG;rbs_motif=None;rbs_spacer=None;gc_cont=0.341	WP_001793365.1 DeoR/GlpR family DNA-binding transcription regulator [Staphylococcus aureus]	99.6	99.6	1.15e-180
BAAHSQ010000001.1_243|284477|285217|1|ID=1_243;partial=00;start_type=GTG;rbs_motif=None;rbs_spacer=None;gc_cont=0.356	WP_001793364.1 MULTISPECIES: NAD-dependent protein deacylase [Staphylococcus]	100	99.6	1.47e-179
BAAHSQ010000001.1_244|285508|286116|-1|ID=1_244;partial=00;start_type=ATG;rbs_motif=GGA/GAG/AGG;rbs_spacer=11-12bp;gc_cont=0.230	WP_000333465.1 MULTISPECIES: DUF3885 domain-containing protein [Staphylococcus]	100	99.5	1.32e-142
BAAHSQ010000001.1_245|286722|287570|-1|ID=1_245;partial=00;start_type=ATG;rbs_motif=AGGAG;rbs_spacer=5-10bp;gc_cont=0.335	WP_001015500.1 MULTISPECIES: aldo/keto reductase [Staphylococcus]	100	99.6	1.41e-195
BAAHSQ010000001.1_246|287640|288056|-1|ID=1_246;partial=00;start_type=ATG;rbs_motif=AGGA;rbs_spacer=5-10bp;gc_cont=0.302	WP_000850008.1 MULTISPECIES: MerR family transcriptional regulator [Staphylococcus]	100	99.3	2.10e-92
BAAHSQ010000001.1_247|288465|290912|1|ID=1_247;partial=00;start_type=ATG;rbs_motif=AGGAG;rbs_spacer=5-10bp;gc_cont=0.335	WP_000222233.1 MULTISPECIES: polysaccharide lyase 8 family protein [Staphylococcus]	100	99.9	0.0
BAAHSQ010000001.1_248|291101|291526|1|ID=1_248;partial=00;start_type=ATG;rbs_motif=AGGAG;rbs_spacer=5-10bp;gc_cont=0.317	WP_000769705.1 MULTISPECIES: MAP domain-containing protein [Staphylococcus]	100	99.3	1.03e-89
BAAHSQ010000001.1_249|291913|292617|-1|ID=1_249;partial=00;start_type=ATG;rbs_motif=GGA/GAG/AGG;rbs_spacer=5-10bp;gc_cont=0.342	WP_000179065.1 MULTISPECIES: acetolactate decarboxylase [Staphylococcus]	100	99.6	8.48e-164
BAAHSQ010000001.1_250|292654|294318|-1|ID=1_250;partial=00;start_type=ATG;rbs_motif=GGA/GAG/AGG;rbs_spacer=11-12bp;gc_cont=0.356	WP_000130138.1 MULTISPECIES: acetolactate synthase AlsS [Staphylococcus]	100	99.8	0.0
BAAHSQ010000001.1_251|295294|295692|-1|ID=1_251;partial=00;start_type=ATG;rbs_motif=GGA/GAG/AGG;rbs_spacer=5-10bp;gc_cont=0.404	WP_000170975.1 30S ribosomal protein S9 [Staphylococcus aureus]	100	99.2	9.80e-86
BAAHSQ010000001.1_252|295706|296143|-1|ID=1_252;partial=00;start_type=ATG;rbs_motif=AGGAG;rbs_spacer=5-10bp;gc_cont=0.363	WP_001250038.1 MULTISPECIES: 50S ribosomal protein L13 [Bacilli]	100	99.3	3.04e-102
BAAHSQ010000001.1_253|296383|297186|-1|ID=1_253;partial=00;start_type=ATG;rbs_motif=AGGAG;rbs_spacer=5-10bp;gc_cont=0.343	WP_001221855.1 MULTISPECIES: tRNA pseudouridine(38-40) synthase TruA [Staphylococcus]	100	99.6	2.56e-195
BAAHSQ010000001.1_254|297191|297997|-1|ID=1_254;partial=00;start_type=ATG;rbs_motif=AGGAG;rbs_spacer=5-10bp;gc_cont=0.316	WP_000791621.1 MULTISPECIES: energy-coupling factor transporter transmembrane component T family protein [Staphylococcus]	100	99.6	3.14e-176
BAAHSQ010000001.1_255|297987|298847|-1|ID=1_255;partial=00;start_type=ATG;rbs_motif=GGA/GAG/AGG;rbs_spacer=5-10bp;gc_cont=0.341	WP_000155386.1 MULTISPECIES: energy-coupling factor transporter ATPase [Staphylococcus]	100	99.7	6.53e-203
BAAHSQ010000001.1_256|298844|299764|-1|ID=1_256;partial=00;start_type=ATG;rbs_motif=None;rbs_spacer=None;gc_cont=0.342	WP_024936955.1 energy-coupling factor transporter ATPase [Staphylococcus aureus]	98.7	99.7	6.86e-215
BAAHSQ010000001.1_257|300191|300559|-1|ID=1_257;partial=00;start_type=ATG;rbs_motif=AGGAG;rbs_spacer=5-10bp;gc_cont=0.377	WP_000542274.1 MULTISPECIES: 50S ribosomal protein L17 [Staphylococcus]	100	99.2	1.28e-74
BAAHSQ010000001.1_258|300576|301520|-1|ID=1_258;partial=00;start_type=ATG;rbs_motif=AGGAG;rbs_spacer=5-10bp;gc_cont=0.338	WP_000569649.1 MULTISPECIES: DNA-directed RNA polymerase subunit alpha [Staphylococcus]	100	99.7	4.98e-212
BAAHSQ010000001.1_259|301595|301984|-1|ID=1_259;partial=00;start_type=ATG;rbs_motif=AGGAGG;rbs_spacer=5-10bp;gc_cont=0.400	WP_000101625.1 MULTISPECIES: 30S ribosomal protein S11 [Bacilli]	100	99.2	2.08e-81
BAAHSQ010000001.1_260|302008|302373|-1|ID=1_260;partial=00;start_type=ATG;rbs_motif=AGGA/GGAG/GAGG;rbs_spacer=11-12bp;gc_cont=0.391	WP_000090796.1 MULTISPECIES: 30S ribosomal protein S13 [Bacilli]	100	99.2	8.39e-75
BAAHSQ010000001.1_261|302396|302509|-1|ID=1_261;partial=00;start_type=ATG;rbs_motif=GGAG/GAGG;rbs_spacer=5-10bp;gc_cont=0.281	WP_000868342.1 MULTISPECIES: 50S ribosomal protein L36 [Bacteria]	100	97.4	2.69e-18
BAAHSQ010000001.1_262|302541|302759|-1|ID=1_262;partial=00;start_type=ATG;rbs_motif=GGA/GAG/AGG;rbs_spacer=5-10bp;gc_cont=0.338	WP_001118443.1 MULTISPECIES: translation initiation factor IF-1 [Bacilli]	100	98.6	1.86e-44
BAAHSQ010000001.1_263|302952|303599|-1|ID=1_263;partial=00;start_type=ATG;rbs_motif=AGGAG;rbs_spacer=5-10bp;gc_cont=0.355	WP_001021468.1 MULTISPECIES: adenylate kinase [Staphylococcus]	100	99.5	3.62e-151
BAAHSQ010000001.1_264|303616|304908|-1|ID=1_264;partial=00;start_type=ATG;rbs_motif=GGAG/GAGG;rbs_spacer=5-10bp;gc_cont=0.345	WP_000616784.1 MULTISPECIES: preprotein translocase subunit SecY [Bacilli]	100	99.8	3.90e-295
BAAHSQ010000001.1_265|304908|305348|-1|ID=1_265;partial=00;start_type=ATG;rbs_motif=AGGAG;rbs_spacer=5-10bp;gc_cont=0.385	WP_000766074.1 MULTISPECIES: 50S ribosomal protein L15 [Bacilli]	100	99.3	1.97e-94
BAAHSQ010000001.1_266|305365|305544|-1|ID=1_266;partial=00;start_type=ATG;rbs_motif=GGA/GAG/AGG;rbs_spacer=5-10bp;gc_cont=0.356	WP_001096577.1 MULTISPECIES: 50S ribosomal protein L30 [Bacilli]	100	98.3	5.89e-31
BAAHSQ010000001.1_267|305561|306061|-1|ID=1_267;partial=00;start_type=ATG;rbs_motif=AGGAG;rbs_spacer=5-10bp;gc_cont=0.409	WP_000113851.1 MULTISPECIES: 30S ribosomal protein S5 [Bacilli]	100	99.4	2.04e-108
BAAHSQ010000001.1_268|306082|306441|-1|ID=1_268;partial=00;start_type=ATG;rbs_motif=AGGAG;rbs_spacer=5-10bp;gc_cont=0.356	WP_000623881.1 MULTISPECIES: 50S ribosomal protein L18 [Bacilli]	100	99.2	1.71e-73
BAAHSQ010000001.1_269|306472|307008|-1|ID=1_269;partial=00;start_type=ATG;rbs_motif=AGGAG;rbs_spacer=5-10bp;gc_cont=0.354	WP_000091975.1 MULTISPECIES: 50S ribosomal protein L6 [Staphylococcus]	100	99.4	2.25e-120
BAAHSQ010000001.1_270|307033|307431|-1|ID=1_270;partial=00;start_type=ATG;rbs_motif=AGGAG;rbs_spacer=5-10bp;gc_cont=0.338	WP_000178881.1 MULTISPECIES: 30S ribosomal protein S8 [Bacilli]	100	99.2	4.86e-86
BAAHSQ010000001.1_271|307463|307633|-1|ID=1_271;partial=00;start_type=ATG;rbs_motif=None;rbs_spacer=None;gc_cont=0.380	WP_052997528.1 type Z 30S ribosomal protein S14 [Staphylococcus aureus]	100	98.2	5.85e-35
BAAHSQ010000001.1_272|307671|308210|-1|ID=1_272;partial=00;start_type=TTG;rbs_motif=AGGAG;rbs_spacer=5-10bp;gc_cont=0.344	WP_001080824.1 MULTISPECIES: 50S ribosomal protein L5 [Bacilli]	100	99.4	2.43e-120
BAAHSQ010000001.1_273|308237|308554|-1|ID=1_273;partial=00;start_type=ATG;rbs_motif=AGGAG;rbs_spacer=5-10bp;gc_cont=0.340	WP_000547687.1 MULTISPECIES: 50S ribosomal protein L24 [Bacteria]	100	99.1	5.42e-68
BAAHSQ010000001.1_274|308590|308958|-1|ID=1_274;partial=00;start_type=ATG;rbs_motif=GGAG/GAGG;rbs_spacer=5-10bp;gc_cont=0.409	WP_000615921.1 MULTISPECIES: 50S ribosomal protein L14 [Bacteria]	100	99.2	4.14e-80
BAAHSQ010000001.1_275|308990|309253|-1|ID=1_275;partial=00;start_type=GTG;rbs_motif=AGGAG;rbs_spacer=5-10bp;gc_cont=0.303	WP_000004086.1 MULTISPECIES: 30S ribosomal protein S17 [Bacteria]	100	98.9	3.11e-52
BAAHSQ010000001.1_276|309277|309486|-1|ID=1_276;partial=00;start_type=ATG;rbs_motif=None;rbs_spacer=None;gc_cont=0.343	WP_000644737.1 MULTISPECIES: 50S ribosomal protein L29 [Bacteria]	100	98.6	5.14e-34
BAAHSQ010000001.1_277|309476|309910|-1|ID=1_277;partial=00;start_type=ATG;rbs_motif=AGGAG;rbs_spacer=5-10bp;gc_cont=0.400	WP_000926310.1 MULTISPECIES: 50S ribosomal protein L16 [Bacteria]	100	99.3	2.61e-98
BAAHSQ010000001.1_278|309913|310566|-1|ID=1_278;partial=00;start_type=GTG;rbs_motif=AGGAG;rbs_spacer=5-10bp;gc_cont=0.382	WP_000529877.1 MULTISPECIES: 30S ribosomal protein S3 [Bacilli]	99.5	99.5	5.52e-147
BAAHSQ010000001.1_279|310590|310943|-1|ID=1_279;partial=00;start_type=ATG;rbs_motif=AGGAG;rbs_spacer=5-10bp;gc_cont=0.370	WP_000387527.1 MULTISPECIES: 50S ribosomal protein L22 [Bacteria]	100	99.2	2.01e-71
BAAHSQ010000001.1_280|310972|311250|-1|ID=1_280;partial=00;start_type=ATG;rbs_motif=GGAG/GAGG;rbs_spacer=5-10bp;gc_cont=0.373	WP_000124353.1 MULTISPECIES: 30S ribosomal protein S19 [Bacteria]	100	98.9	1.54e-61
BAAHSQ010000001.1_281|311317|312150|-1|ID=1_281;partial=00;start_type=ATG;rbs_motif=AGGAG;rbs_spacer=5-10bp;gc_cont=0.406	WP_000985472.1 MULTISPECIES: 50S ribosomal protein L2 [Staphylococcus]	100	99.6	7.89e-195
BAAHSQ010000001.1_282|312183|312458|-1|ID=1_282;partial=00;start_type=ATG;rbs_motif=AGGAGG;rbs_spacer=5-10bp;gc_cont=0.348	WP_000388082.1 MULTISPECIES: 50S ribosomal protein L23 [Bacillales]	100	98.9	1.82e-55
BAAHSQ010000001.1_283|312458|313081|-1|ID=1_283;partial=00;start_type=ATG;rbs_motif=AGGAG;rbs_spacer=5-10bp;gc_cont=0.388	WP_000024827.1 MULTISPECIES: 50S ribosomal protein L4 [Bacteria]	100	99.5	3.09e-139
BAAHSQ010000001.1_284|313108|313770|-1|ID=1_284;partial=00;start_type=ATG;rbs_motif=AGGAGG;rbs_spacer=5-10bp;gc_cont=0.383	WP_000160212.1 MULTISPECIES: 50S ribosomal protein L3 [Bacteria]	100	99.5	2.16e-150
BAAHSQ010000001.1_285|313798|314106|-1|ID=1_285;partial=00;start_type=ATG;rbs_motif=AGGAG;rbs_spacer=5-10bp;gc_cont=0.375	WP_001118667.1 MULTISPECIES: 30S ribosomal protein S10 [Bacteria]	100	99.0	1.41e-64
BAAHSQ010000001.1_286|314463|314852|1|ID=1_286;partial=00;start_type=ATG;rbs_motif=None;rbs_spacer=None;gc_cont=0.292	WP_000788441.1 MULTISPECIES: hypothetical protein [Staphylococcus]	100	99.2	2.43e-80
BAAHSQ010000001.1_287|315043|316377|-1|ID=1_287;partial=00;start_type=GTG;rbs_motif=AGGAG;rbs_spacer=5-10bp;gc_cont=0.356	WP_000800700.1 MULTISPECIES: 6-thioguanine permease StgP [Staphylococcus]	100	99.8	2.10e-297
BAAHSQ010000001.1_288|316490|318625|-1|ID=1_288;partial=00;start_type=ATG;rbs_motif=AGGA;rbs_spacer=5-10bp;gc_cont=0.331	WP_000838479.1 MULTISPECIES: DNA topoisomerase III [Staphylococcus]	100	99.9	0.0
BAAHSQ010000001.1_289|318812|319699|1|ID=1_289;partial=00;start_type=ATG;rbs_motif=GGAG/GAGG;rbs_spacer=5-10bp;gc_cont=0.316	WP_000029536.1 MULTISPECIES: GNAT family N-acetyltransferase [Staphylococcus]	100	99.7	2.30e-212
BAAHSQ010000001.1_290|319880|320743|1|ID=1_290;partial=00;start_type=TTG;rbs_motif=GGA/GAG/AGG;rbs_spacer=5-10bp;gc_cont=0.362	WP_001159898.1 MULTISPECIES: GRP family sugar transporter [Staphylococcus]	100	99.7	4.20e-195
BAAHSQ010000001.1_291|321162|322070|-1|ID=1_291;partial=00;start_type=GTG;rbs_motif=GGA/GAG/AGG;rbs_spacer=5-10bp;gc_cont=0.325	WP_000139188.1 MULTISPECIES: AEC family transporter [Staphylococcus]	99.7	99.7	2.63e-201
BAAHSQ010000001.1_292|322203|322367|1|ID=1_292;partial=00;start_type=ATG;rbs_motif=AGGAG;rbs_spacer=5-10bp;gc_cont=0.333	WP_000051210.1 MULTISPECIES: SE1832 family protein [Bacilli]	100	98.2	5.57e-27
BAAHSQ010000001.1_293|322612|322929|1|ID=1_293;partial=00;start_type=ATG;rbs_motif=GGAG/GAGG;rbs_spacer=5-10bp;gc_cont=0.274	WP_001161085.1 MULTISPECIES: membrane stabilizing protein MspA [Staphylococcus]	100	99.1	3.53e-55
BAAHSQ010000001.1_294|323113|326280|-1|ID=1_294;partial=00;start_type=GTG;rbs_motif=GGAG/GAGG;rbs_spacer=5-10bp;gc_cont=0.339	WP_000592298.1 MULTISPECIES: efflux RND transporter permease subunit [Staphylococcus]	100	99.9	0.0
BAAHSQ010000001.1_295|326397|327662|-1|ID=1_295;partial=00;start_type=ATG;rbs_motif=AGGA/GGAG/GAGG;rbs_spacer=11-12bp;gc_cont=0.343	WP_000413863.1 MULTISPECIES: lipid II:glycine glycyltransferase [Staphylococcus]	100	99.8	1.61e-303
BAAHSQ010000001.1_296|328294|329058|-1|ID=1_296;partial=00;start_type=ATG;rbs_motif=GGA/GAG/AGG;rbs_spacer=5-10bp;gc_cont=0.298	WP_000600973.1 MULTISPECIES: VOC family protein [Staphylococcus]	100	99.6	2.85e-181
BAAHSQ010000001.1_297|329220|329660|1|ID=1_297;partial=00;start_type=ATG;rbs_motif=AGGAG;rbs_spacer=5-10bp;gc_cont=0.313	WP_000951060.1 MULTISPECIES: MarR family winged helix-turn-helix transcriptional regulator [Staphylococcus]	100	99.3	4.31e-98
BAAHSQ010000001.1_298|329653|330864|1|ID=1_298;partial=00;start_type=ATG;rbs_motif=AGGAG;rbs_spacer=5-10bp;gc_cont=0.339	WP_000184413.1 MULTISPECIES: MFS transporter [Staphylococcus]	100	99.8	2.81e-256
BAAHSQ010000001.1_299|330966|331316|-1|ID=1_299;partial=00;start_type=ATG;rbs_motif=AGGAG;rbs_spacer=5-10bp;gc_cont=0.282	WP_000066900.1 MULTISPECIES: HTH-type transcriptional regulator SarV [Staphylococcus]	100	99.1	2.76e-73
BAAHSQ010000001.1_300|331899|333944|-1|ID=1_300;partial=00;start_type=ATG;rbs_motif=GGAG/GAGG;rbs_spacer=5-10bp;gc_cont=0.343	WP_387465252.1 YSIRK domain-containing triacylglycerol lipase Lip1 [Staphylococcus aureus]	100	99.7	0.0
BAAHSQ010000001.1_301|334662|334841|-1|ID=1_301;partial=00;start_type=ATG;rbs_motif=None;rbs_spacer=None;gc_cont=0.283	WP_000834346.1 MULTISPECIES: hypothetical protein [Staphylococcus]	100	98.3	1.44e-31
BAAHSQ010000001.1_302|335034|335666|-1|ID=1_302;partial=00;start_type=ATG;rbs_motif=AGGAG(G)/GGAGG;rbs_spacer=13-15bp;gc_cont=0.341	WP_000186284.1 bifunctional phosphoribosyl-AMP cyclohydrolase/phosphoribosyl-ATP diphosphatase HisIE [Staphylococcus aureus]	100	99.5	2.76e-148
BAAHSQ010000001.1_303|335663|336421|-1|ID=1_303;partial=00;start_type=ATG;rbs_motif=GGAG/GAGG;rbs_spacer=5-10bp;gc_cont=0.369	WP_000592596.1 imidazole glycerol phosphate synthase subunit HisF [Staphylococcus aureus]	98.4	99.6	3.73e-176
BAAHSQ010000001.1_304|336418|337122|-1|ID=1_304;partial=00;start_type=ATG;rbs_motif=GGA/GAG/AGG;rbs_spacer=5-10bp;gc_cont=0.390	WP_000571736.1 MULTISPECIES: 1-(5-phosphoribosyl)-5-((5-phosphoribosylamino)methylideneamino)imidazole-4-carboxamide isomerase [Staphylococcus]	100	99.6	1.07e-166
BAAHSQ010000001.1_305|337115|337693|-1|ID=1_305;partial=00;start_type=ATG;rbs_motif=GGA/GAG/AGG;rbs_spacer=5-10bp;gc_cont=0.368	WP_000635623.1 MULTISPECIES: imidazole glycerol phosphate synthase subunit HisH [Staphylococcus]	100	99.5	5.45e-137
BAAHSQ010000001.1_306|337690|338268|-1|ID=1_306;partial=00;start_type=ATG;rbs_motif=GGAG/GAGG;rbs_spacer=5-10bp;gc_cont=0.370	WP_000640266.1 MULTISPECIES: imidazoleglycerol-phosphate dehydratase HisB [Staphylococcus]	100	99.5	1.68e-131
BAAHSQ010000001.1_307|338237|339250|-1|ID=1_307;partial=00;start_type=ATG;rbs_motif=GGAG/GAGG;rbs_spacer=5-10bp;gc_cont=0.342	WP_000639180.1 MULTISPECIES: pyridoxal phosphate-dependent aminotransferase [Staphylococcus]	100	99.7	2.04e-243
BAAHSQ010000001.1_308|339266|340516|-1|ID=1_308;partial=00;start_type=ATG;rbs_motif=AGGA/GGAG/GAGG;rbs_spacer=11-12bp;gc_cont=0.361	WP_000930649.1 MULTISPECIES: histidinol dehydrogenase [Staphylococcus]	100	99.8	1.07e-294
BAAHSQ010000001.1_309|340509|341123|-1|ID=1_309;partial=00;start_type=ATG;rbs_motif=GGAG/GAGG;rbs_spacer=5-10bp;gc_cont=0.337	WP_000944149.1 MULTISPECIES: ATP phosphoribosyltransferase [Staphylococcus]	100	99.5	4.76e-137
BAAHSQ010000001.1_310|341141|341998|-1|ID=1_310;partial=00;start_type=GTG;rbs_motif=None;rbs_spacer=None;gc_cont=0.352	WP_001065591.1 MULTISPECIES: ATP phosphoribosyltransferase regulatory subunit [Staphylococcus]	99.6	95.1	1.91e-196
BAAHSQ010000001.1_311|342263|343387|-1|ID=1_311;partial=00;start_type=ATG;rbs_motif=GGAG/GAGG;rbs_spacer=5-10bp;gc_cont=0.324	WP_000549222.1 MULTISPECIES: polysaccharide deacetylase family protein [Staphylococcus]	100	99.7	1.72e-281
BAAHSQ010000001.1_312|343505|344002|-1|ID=1_312;partial=00;start_type=ATG;rbs_motif=AGGAGG;rbs_spacer=5-10bp;gc_cont=0.297	WP_000610979.1 MULTISPECIES: GNAT family N-acetyltransferase [Staphylococcus]	100	99.4	2.40e-120
BAAHSQ010000001.1_313|344049|344882|-1|ID=1_313;partial=00;start_type=ATG;rbs_motif=GGA/GAG/AGG;rbs_spacer=5-10bp;gc_cont=0.293	WP_001077829.1 MULTISPECIES: energy-coupling factor transporter transmembrane component T family protein [Staphylococcus]	100	99.6	5.15e-175
BAAHSQ010000001.1_314|344879|346591|-1|ID=1_314;partial=00;start_type=ATG;rbs_motif=GGA/GAG/AGG;rbs_spacer=11-12bp;gc_cont=0.335	WP_000138645.1 MULTISPECIES: ABC transporter ATP-binding protein [Staphylococcus]	100	99.8	0.0
BAAHSQ010000001.1_315|346644|347198|-1|ID=1_315;partial=00;start_type=ATG;rbs_motif=AGGAG;rbs_spacer=5-10bp;gc_cont=0.328	WP_000743714.1 MULTISPECIES: ECF-type riboflavin transporter substrate-binding protein [Staphylococcus]	100	99.5	8.10e-126
BAAHSQ010000001.1_316|347227|348075|-1|ID=1_316;partial=00;start_type=ATG;rbs_motif=AGGAG;rbs_spacer=5-10bp;gc_cont=0.350	WP_000528922.1 MULTISPECIES: SAM hydrolase/SAM-dependent halogenase family protein [Staphylococcus]	100	99.6	6.07e-206
BAAHSQ010000001.1_317|348455|348970|1|ID=1_317;partial=00;start_type=ATG;rbs_motif=GGAG/GAGG;rbs_spacer=5-10bp;gc_cont=0.333	WP_000181131.1 MULTISPECIES: YceI family protein [Staphylococcus]	100	99.4	1.73e-116
BAAHSQ010000001.1_318|349450|350466|-1|ID=1_318;partial=00;start_type=ATG;rbs_motif=None;rbs_spacer=None;gc_cont=0.355	WP_000082557.1 MULTISPECIES: SMP-30/gluconolactonase/LRE family protein [Staphylococcus]	100	95.3	3.46e-241
BAAHSQ010000001.1_319|350665|351621|1|ID=1_319;partial=00;start_type=ATG;rbs_motif=AGGAG;rbs_spacer=5-10bp;gc_cont=0.346	WP_117200935.1 oxygen-dependent tRNA uridine(34) hydroxylase TrhO [Staphylococcus aureus]	100	99.7	1.33e-243
BAAHSQ010000001.1_320|351773|352411|1|ID=1_320;partial=00;start_type=ATG;rbs_motif=None;rbs_spacer=None;gc_cont=0.374	WP_000547833.1 MULTISPECIES: pyroglutamyl-peptidase I [Staphylococcus]	100	99.5	1.17e-150
BAAHSQ010000001.1_321|352485|352979|1|ID=1_321;partial=00;start_type=ATG;rbs_motif=None;rbs_spacer=None;gc_cont=0.311	WP_000208919.1 MULTISPECIES: bacillithiol transferase BstA [Staphylococcus]	100	93.3	1.06e-109
BAAHSQ010000001.1_322|353140|356130|-1|ID=1_322;partial=00;start_type=ATG;rbs_motif=AGGAG;rbs_spacer=5-10bp;gc_cont=0.337	WP_430972426.1 Cna B-type domain-containing protein [Staphylococcus aureus]	100	99.9	0.0
BAAHSQ010000001.1_323|356508|357926|1|ID=1_323;partial=00;start_type=ATG;rbs_motif=AGGA;rbs_spacer=5-10bp;gc_cont=0.383	WP_117218856.1 anion permease [Staphylococcus aureus]	100	99.8	0.0
BAAHSQ010000001.1_324|358339|359247|-1|ID=1_324;partial=00;start_type=GTG;rbs_motif=AGGAG;rbs_spacer=5-10bp;gc_cont=0.339	WP_001091180.1 MULTISPECIES: EamA family transporter RarD [Staphylococcus]	100	99.7	1.48e-207
BAAHSQ010000001.1_325|359469|360044|1|ID=1_325;partial=00;start_type=ATG;rbs_motif=AGGA;rbs_spacer=5-10bp;gc_cont=0.352	WP_000174577.1 MULTISPECIES: DNA-binding protein [Staphylococcus]	100	99.5	2.81e-134
BAAHSQ010000001.1_326|360192|361226|1|ID=1_326;partial=00;start_type=ATG;rbs_motif=None;rbs_spacer=None;gc_cont=0.348	WP_000215641.1 MULTISPECIES: HoxN/HupN/NixA family nickel/cobalt transporter [Staphylococcus]	99.7	98.0	1.37e-234
BAAHSQ010000001.1_327|361463|362263|1|ID=1_327;partial=00;start_type=ATG;rbs_motif=AGGAG;rbs_spacer=5-10bp;gc_cont=0.305	WP_001017420.1 MULTISPECIES: arylamine N-acetyltransferase family protein [Staphylococcus]	100	98.9	1.22e-192
BAAHSQ010000001.1_328|362397|362909|-1|ID=1_328;partial=00;start_type=ATG;rbs_motif=AGGA;rbs_spacer=5-10bp;gc_cont=0.310	WP_001051870.1 MULTISPECIES: HdeD family acid-resistance protein [Staphylococcus]	100	99.4	6.97e-102
BAAHSQ010000001.1_329|363192|363950|1|ID=1_329;partial=00;start_type=ATG;rbs_motif=AGGAG;rbs_spacer=5-10bp;gc_cont=0.364	WP_000154162.1 MULTISPECIES: peptide resistance ABC transporter ATP-binding subunit VraD [Staphylococcus]	100	99.6	8.79e-175
BAAHSQ010000001.1_330|363940|365820|1|ID=1_330;partial=00;start_type=ATG;rbs_motif=AGxAGG/AGGxGG;rbs_spacer=5-10bp;gc_cont=0.311	WP_000143655.1 MULTISPECIES: peptide resistance ABC transporter permease subunit VraE [Staphylococcus]	100	99.8	0.0
BAAHSQ010000001.1_331|365913|366104|1|ID=1_331;partial=00;start_type=ATG;rbs_motif=AGGAG;rbs_spacer=5-10bp;gc_cont=0.323	WP_000672033.1 MULTISPECIES: peptide resistance ABC transporter activity modulator VraH [Staphylococcus]	100	98.4	1.68e-34
BAAHSQ010000001.1_332|366497|366697|1|ID=1_332;partial=00;start_type=ATG;rbs_motif=GGAG/GAGG;rbs_spacer=5-10bp;gc_cont=0.383	WP_001059079.1 MULTISPECIES: cold-shock protein [Staphylococcus]	100	98.5	1.96e-41
BAAHSQ010000001.1_333|366815|367384|-1|ID=1_333;partial=00;start_type=TTG;rbs_motif=GGAG/GAGG;rbs_spacer=5-10bp;gc_cont=0.318	WP_001054118.1 MULTISPECIES: helix-turn-helix domain-containing protein [Staphylococcus]	100	99.5	3.54e-127
BAAHSQ010000001.1_334|367644|368039|-1|ID=1_334;partial=00;start_type=ATG;rbs_motif=GGAG/GAGG;rbs_spacer=5-10bp;gc_cont=0.348	WP_000779136.1 MULTISPECIES: DUF3147 family protein [Bacteria]	100	99.2	1.51e-84
BAAHSQ010000001.1_335|368107|368460|-1|ID=1_335;partial=00;start_type=ATG;rbs_motif=GGA/GAG/AGG;rbs_spacer=5-10bp;gc_cont=0.367	WP_000491382.1 MULTISPECIES: DUF3147 family protein [Staphylococcus]	100	99.2	4.06e-71
BAAHSQ010000001.1_336|368777|369616|-1|ID=1_336;partial=00;start_type=ATG;rbs_motif=AGGAG;rbs_spacer=5-10bp;gc_cont=0.351	WP_000742837.1 MULTISPECIES: nucleoid occlusion protein [Staphylococcus]	100	99.6	6.12e-184
BAAHSQ010000001.1_337|369659|370378|-1|ID=1_337;partial=00;start_type=ATG;rbs_motif=GGA/GAG/AGG;rbs_spacer=5-10bp;gc_cont=0.335	WP_000215595.1 MULTISPECIES: 16S rRNA (guanine(527)-N(7))-methyltransferase RsmG [Staphylococcus]	100	99.6	1.35e-167
BAAHSQ010000001.1_338|370378|372255|-1|ID=1_338;partial=00;start_type=GTG;rbs_motif=AGGAG;rbs_spacer=5-10bp;gc_cont=0.353	WP_000249657.1 MULTISPECIES: tRNA uridine-5-carboxymethylaminomethyl(34) synthesis enzyme MnmG [Staphylococcus]	100	99.8	0.0
BAAHSQ010000001.1_339|372322|373701|-1|ID=1_339;partial=00;start_type=ATG;rbs_motif=GGA/GAG/AGG;rbs_spacer=5-10bp;gc_cont=0.341	WP_000362509.1 MULTISPECIES: tRNA uridine-5-carboxymethylaminomethyl(34) synthesis GTPase MnmE [Staphylococcus]	100	99.8	0.0
BAAHSQ010000001.1_340|373840|374193|-1|ID=1_340;partial=00;start_type=ATG;rbs_motif=None;rbs_spacer=None;gc_cont=0.291	WP_001789343.1 MULTISPECIES: ribonuclease P protein component [Staphylococcus]	100	99.2	1.47e-73
BAAHSQ010000001.1_341|374314|374451|-1|ID=1_341;partial=00;start_type=ATG;rbs_motif=GGAG/GAGG;rbs_spacer=5-10bp;gc_cont=0.384	WP_000240855.1 MULTISPECIES: 50S ribosomal protein L34 [Bacillati]	100	97.8	4.62e-20
