BAAHTS010000002.1_1|140|895|-1|ID=1_1;partial=00;start_type=ATG;rbs_motif=None;rbs_spacer=None;gc_cont=0.357	WP_001789411.1 MULTISPECIES: GntR family transcriptional regulator [Staphylococcus]	100	99.6	3.35e-183
BAAHTS010000002.1_2|1131|1838|1|ID=1_2;partial=00;start_type=ATG;rbs_motif=GGAG/GAGG;rbs_spacer=5-10bp;gc_cont=0.374	WP_000843294.1 MULTISPECIES: purine-nucleoside phosphorylase [Staphylococcus]	100	99.6	4.05e-167
BAAHTS010000002.1_3|1845|3197|1|ID=1_3;partial=00;start_type=ATG;rbs_motif=None;rbs_spacer=None;gc_cont=0.322	WP_001100294.1 MULTISPECIES: tetracycline efflux MFS transporter Tet(38) [Staphylococcus]	100	99.8	1.30e-294
BAAHTS010000002.1_4|3278|3940|1|ID=1_4;partial=00;start_type=ATG;rbs_motif=AGGAG;rbs_spacer=5-10bp;gc_cont=0.398	WP_000667279.1 MULTISPECIES: deoxyribose-phosphate aldolase [Staphylococcus]	100	99.5	8.46e-148
BAAHTS010000002.1_5|3968|5146|1|ID=1_5;partial=00;start_type=ATG;rbs_motif=GGAG/GAGG;rbs_spacer=5-10bp;gc_cont=0.368	WP_000197806.1 MULTISPECIES: phosphopentomutase [Staphylococcus]	100	99.7	4.49e-293
BAAHTS010000002.1_6|5255|6070|-1|ID=1_6;partial=00;start_type=ATG;rbs_motif=AGGA/GGAG/GAGG;rbs_spacer=11-12bp;gc_cont=0.369	WP_000191089.1 MULTISPECIES: phosphonate ABC transporter, permease protein PhnE [Staphylococcus]	100	99.6	8.33e-178
BAAHTS010000002.1_7|6067|6867|-1|ID=1_7;partial=00;start_type=ATG;rbs_motif=AGGAG;rbs_spacer=5-10bp;gc_cont=0.345	WP_001127863.1 MULTISPECIES: phosphonate ABC transporter, permease protein PhnE [Staphylococcus]	100	99.6	3.99e-178
BAAHTS010000002.1_8|6869|7642|-1|ID=1_8;partial=00;start_type=ATG;rbs_motif=GGA/GAG/AGG;rbs_spacer=5-10bp;gc_cont=0.351	WP_000078092.1 MULTISPECIES: phosphonate ABC transporter ATP-binding protein [Staphylococcus]	100	99.6	6.96e-179
BAAHTS010000002.1_9|7856|8812|-1|ID=1_9;partial=00;start_type=ATG;rbs_motif=GGA/GAG/AGG;rbs_spacer=5-10bp;gc_cont=0.311	WP_000713597.1 MULTISPECIES: phosphate/phosphite/phosphonate ABC transporter substrate-binding protein [Staphylococcus]	100	99.7	3.01e-215
BAAHTS010000002.1_11|9041|10585|1|ID=1_11;partial=00;start_type=ATG;rbs_motif=AGGAG;rbs_spacer=5-10bp;gc_cont=0.368	WP_072527587.1 DNA-binding protein [Staphylococcus aureus]	99.8	99.8	0.0
BAAHTS010000002.1_12|10636|12171|1|ID=1_12;partial=00;start_type=ATG;rbs_motif=AGGAG;rbs_spacer=5-10bp;gc_cont=0.365	WP_000065036.1 MULTISPECIES: bifunctional metallophosphatase/5'-nucleotidase [Staphylococcus]	100	99.8	0.0
BAAHTS010000002.1_13|12258|12452|1|ID=1_13;partial=00;start_type=ATG;rbs_motif=None;rbs_spacer=None;gc_cont=0.221	WP_301557689.1 ImmA/IrrE family metallo-endopeptidase, partial [Staphylococcus aureus]	100	98.5	9.65e-36
BAAHTS010000002.1_14|12765|13310|1|ID=1_14;partial=00;start_type=ATG;rbs_motif=None;rbs_spacer=None;gc_cont=0.308	WP_001550007.1 replication initiation protein [Staphylococcus aureus]	98.8	88.5	4.85e-112
BAAHTS010000002.1_15|13295|13585|1|ID=1_15;partial=00;start_type=GTG;rbs_motif=None;rbs_spacer=None;gc_cont=0.271	WP_267246680.1 replication initiation factor domain-containing protein [Staphylococcus aureus]	95.8	99.0	2.39e-57
BAAHTS010000002.1_16|13774|14061|1|ID=1_16;partial=00;start_type=ATG;rbs_motif=AGxAG;rbs_spacer=5-10bp;gc_cont=0.198	WP_000469917.1 MULTISPECIES: hypothetical protein [Staphylococcus]	100	99.0	2.43e-55
BAAHTS010000002.1_17|14689|14910|1|ID=1_17;partial=00;start_type=ATG;rbs_motif=AGGA/GGAG/GAGG;rbs_spacer=11-12bp;gc_cont=0.270	WP_001550009.1 transposase [Staphylococcus aureus]	100	98.6	5.07e-47
BAAHTS010000002.1_18|15360|17969|1|ID=1_18;partial=00;start_type=ATG;rbs_motif=AGGAG;rbs_spacer=5-10bp;gc_cont=0.362	WP_000955781.1 MULTISPECIES: bifunctional acetaldehyde-CoA/alcohol dehydrogenase [Staphylococcus]	100	99.9	0.0
BAAHTS010000002.1_19|18314|18982|1|ID=1_19;partial=00;start_type=ATG;rbs_motif=GGAG/GAGG;rbs_spacer=5-10bp;gc_cont=0.299	WP_000446299.1 MULTISPECIES: capsular polysaccharide type 5/8 biosynthesis protein CapA [Staphylococcus]	100	99.6	2.38e-139
BAAHTS010000002.1_20|18998|19684|1|ID=1_20;partial=00;start_type=ATG;rbs_motif=AGGA/GGAG/GAGG;rbs_spacer=11-12bp;gc_cont=0.333	WP_000037328.1 MULTISPECIES: type 8 capsular polysaccharide synthesis protein Cap8B [Staphylococcus]	100	99.6	1.45e-152
BAAHTS010000002.1_21|19687|20451|1|ID=1_21;partial=00;start_type=ATG;rbs_motif=GGAG/GAGG;rbs_spacer=5-10bp;gc_cont=0.322	WP_000565297.1 MULTISPECIES: type 8 capsular polysaccharide synthesis protein Cap8C [Staphylococcus]	100	99.6	7.29e-184
BAAHTS010000002.1_22|20471|22294|1|ID=1_22;partial=00;start_type=ATG;rbs_motif=GGAG/GAGG;rbs_spacer=5-10bp;gc_cont=0.351	WP_117200947.1 type 8 capsular polysaccharide synthesis protein Cap8D [Staphylococcus aureus]	100	99.8	0.0
BAAHTS010000002.1_23|22284|23312|1|ID=1_23;partial=00;start_type=ATG;rbs_motif=GGAG/GAGG;rbs_spacer=5-10bp;gc_cont=0.339	WP_000459062.1 MULTISPECIES: type 8 capsular polysaccharide synthesis protein Cap8E [Staphylococcus]	100	99.7	4.11e-241
BAAHTS010000002.1_24|23325|24434|1|ID=1_24;partial=00;start_type=TTG;rbs_motif=AGGAG;rbs_spacer=5-10bp;gc_cont=0.350	WP_001028293.1 MULTISPECIES: type 8 capsular polysaccharide synthesis protein Cap8F [Staphylococcus]	100	99.7	9.83e-274
BAAHTS010000002.1_25|24438|25562|1|ID=1_25;partial=00;start_type=ATG;rbs_motif=GGAG/GAGG;rbs_spacer=5-10bp;gc_cont=0.336	WP_000413169.1 MULTISPECIES: type 8 capsular polysaccharide synthesis protein Cap8G [Staphylococcus]	100	99.7	2.31e-270
BAAHTS010000002.1_26|25565|26644|1|ID=1_26;partial=00;start_type=ATG;rbs_motif=GGAG/GAGG;rbs_spacer=5-10bp;gc_cont=0.272	WP_001216935.1 MULTISPECIES: type 8 capsular polysaccharide synthesis protein Cap8H [Staphylococcus]	100	99.7	3.12e-265
BAAHTS010000002.1_27|26637|28031|1|ID=1_27;partial=00;start_type=ATG;rbs_motif=AGGA;rbs_spacer=5-10bp;gc_cont=0.285	WP_001034053.1 MULTISPECIES: type 8 capsular polysaccharide synthesis protein Cap8I [Staphylococcus]	100	99.8	2.01e-312
BAAHTS010000002.1_28|28028|28585|1|ID=1_28;partial=00;start_type=ATG;rbs_motif=GGA/GAG/AGG;rbs_spacer=5-10bp;gc_cont=0.319	WP_000636149.1 MULTISPECIES: type 8 capsular polysaccharide synthesis protein Cap8J [Staphylococcus]	100	99.5	3.44e-132
BAAHTS010000002.1_29|28594|29832|1|ID=1_29;partial=00;start_type=ATG;rbs_motif=GGAG/GAGG;rbs_spacer=5-10bp;gc_cont=0.269	WP_117200949.1 type 8 capsular polysaccharide synthesis protein Cap8K [Staphylococcus aureus]	100	99.8	9.58e-264
BAAHTS010000002.1_30|29866|31071|1|ID=1_30;partial=00;start_type=ATG;rbs_motif=AGGA;rbs_spacer=5-10bp;gc_cont=0.350	WP_001291010.1 MULTISPECIES: type 8 capsular polysaccharide synthesis protein Cap8L [Staphylococcus]	100	99.8	4.71e-295
BAAHTS010000002.1_31|31082|31639|1|ID=1_31;partial=00;start_type=ATG;rbs_motif=AGGAG;rbs_spacer=5-10bp;gc_cont=0.324	WP_000825101.1 MULTISPECIES: type 8 capsular polysaccharide synthesis protein Cap8M [Staphylococcus]	100	99.5	8.74e-126
BAAHTS010000002.1_32|31639|32526|1|ID=1_32;partial=00;start_type=ATG;rbs_motif=AGxAGG/AGGxGG;rbs_spacer=11-12bp;gc_cont=0.339	WP_001230681.1 MULTISPECIES: capsular polysaccharide type 5/8 biosynthesis epimerase CapN [Staphylococcus]	100	99.7	1.09e-210
BAAHTS010000002.1_33|32580|33842|1|ID=1_33;partial=00;start_type=ATG;rbs_motif=GGAG/GAGG;rbs_spacer=5-10bp;gc_cont=0.343	WP_000779494.1 MULTISPECIES: type 8 capsular polysaccharide synthesis protein Cap8O [Staphylococcus]	100	99.8	1.28e-304
BAAHTS010000002.1_34|33919|35064|1|ID=1_34;partial=00;start_type=ATG;rbs_motif=GGAG/GAGG;rbs_spacer=5-10bp;gc_cont=0.363	WP_000723452.1 MULTISPECIES: type 8 capsular polysaccharide synthesis protein Cap8P [Staphylococcus]	100	99.7	2.25e-276
BAAHTS010000002.1_35|35129|35455|-1|ID=1_35;partial=00;start_type=ATG;rbs_motif=AGGAG;rbs_spacer=5-10bp;gc_cont=0.309	WP_000480603.1 MULTISPECIES: staphylobilin-forming heme oxygenase IsdI [Staphylococcus]	100	99.1	4.22e-71
BAAHTS010000002.1_36|35462|35845|-1|ID=1_36;partial=00;start_type=ATG;rbs_motif=GGAG/GAGG;rbs_spacer=5-10bp;gc_cont=0.315	WP_001237002.1 MULTISPECIES: YbaN family protein [Staphylococcus]	100	99.2	2.26e-75
BAAHTS010000002.1_37|36272|37759|1|ID=1_37;partial=00;start_type=ATG;rbs_motif=AGGAG;rbs_spacer=5-10bp;gc_cont=0.362	WP_000290397.1 MULTISPECIES: aldehyde dehydrogenase family protein [Staphylococcus]	100	99.8	0.0
BAAHTS010000002.1_38|37886|37996|1|ID=1_38;partial=00;start_type=ATG;rbs_motif=GGA/GAG/AGG;rbs_spacer=5-10bp;gc_cont=0.297	WP_000161255.1 hypothetical protein [Staphylococcus aureus]	76.5	91.9	1.21e-08
BAAHTS010000002.1_39|38300|39364|1|ID=1_39;partial=00;start_type=ATG;rbs_motif=None;rbs_spacer=None;gc_cont=0.315	WP_001013481.1 MULTISPECIES: cation diffusion facilitator family transporter [Staphylococcus]	100	89.9	1.38e-216
BAAHTS010000002.1_40|39489|39692|-1|ID=1_40;partial=00;start_type=ATG;rbs_motif=AGxAGG/AGGxGG;rbs_spacer=5-10bp;gc_cont=0.304	WP_000356963.1 MULTISPECIES: hypothetical protein [Staphylococcus]	100	98.5	8.29e-39
BAAHTS010000002.1_41|39870|40382|1|ID=1_41;partial=00;start_type=ATG;rbs_motif=AGGAG;rbs_spacer=5-10bp;gc_cont=0.341	WP_000171919.1 MULTISPECIES: DUF4242 domain-containing protein [Staphylococcus]	100	99.4	9.30e-116
BAAHTS010000002.1_42|40724|41464|1|ID=1_42;partial=00;start_type=ATG;rbs_motif=GGA/GAG/AGG;rbs_spacer=5-10bp;gc_cont=0.355	WP_000590847.1 MULTISPECIES: ABC transporter ATP-binding protein [Staphylococcus]	100	99.6	4.22e-179
BAAHTS010000002.1_43|41478|42452|1|ID=1_43;partial=00;start_type=ATG;rbs_motif=AGGAG;rbs_spacer=5-10bp;gc_cont=0.368	WP_000826671.1 MULTISPECIES: ABC transporter substrate-binding protein [Staphylococcus]	100	99.7	2.89e-241
BAAHTS010000002.1_44|42449|43210|1|ID=1_44;partial=00;start_type=ATG;rbs_motif=AGGAGG;rbs_spacer=5-10bp;gc_cont=0.353	WP_000197961.1 MULTISPECIES: ABC transporter permease [Staphylococcus]	100	99.6	7.26e-179
BAAHTS010000002.1_45|43223|44254|1|ID=1_45;partial=00;start_type=ATG;rbs_motif=AGGAG;rbs_spacer=5-10bp;gc_cont=0.352	WP_000171644.1 MULTISPECIES: acyl-CoA/acyl-ACP dehydrogenase [Staphylococcus]	100	99.7	2.05e-246
BAAHTS010000002.1_46|44471|44830|1|ID=1_46;partial=00;start_type=GTG;rbs_motif=None;rbs_spacer=None;gc_cont=0.325	WP_001092004.1 MULTISPECIES: DUF2294 domain-containing protein [Staphylococcus]	100	99.2	5.50e-79
BAAHTS010000002.1_47|45003|46028|1|ID=1_47;partial=00;start_type=ATG;rbs_motif=AGGAG;rbs_spacer=5-10bp;gc_cont=0.349	WP_117218871.1 NAD-dependent formate dehydrogenase [Staphylococcus aureus]	100	99.7	4.31e-247
BAAHTS010000002.1_48|46414|47664|1|ID=1_48;partial=00;start_type=ATG;rbs_motif=None;rbs_spacer=None;gc_cont=0.325	WP_000826862.1 MULTISPECIES: MDR family MFS transporter [Staphylococcus]	100	99.8	1.15e-273
BAAHTS010000002.1_49|48093|55286|1|ID=1_49;partial=00;start_type=ATG;rbs_motif=GGA/GAG/AGG;rbs_spacer=5-10bp;gc_cont=0.352	WP_000605278.1 aureusimine non-ribosomal peptide synthetase AusA [Staphylococcus aureus]	100	99.7	0.0
BAAHTS010000002.1_50|55299|55943|1|ID=1_50;partial=00;start_type=ATG;rbs_motif=GGA/GAG/AGG;rbs_spacer=5-10bp;gc_cont=0.338	WP_000215724.1 MULTISPECIES: aureusimine biosynthesis 4'-phosphopantetheinyl transferase AusB [Staphylococcus]	100	99.5	1.88e-157
BAAHTS010000002.1_51|56271|56750|-1|ID=1_51;partial=00;start_type=ATG;rbs_motif=None;rbs_spacer=None;gc_cont=0.365	WP_001802886.1 MULTISPECIES: YagU family protein [Staphylococcus]	100	99.4	3.07e-111
BAAHTS010000002.1_52|57020|57784|-1|ID=1_52;partial=00;start_type=ATG;rbs_motif=AGxAGG/AGGxGG;rbs_spacer=5-10bp;gc_cont=0.346	WP_000668894.1 MULTISPECIES: acetylglutamate kinase [Staphylococcus]	100	99.6	2.85e-181
BAAHTS010000002.1_53|57800|59041|-1|ID=1_53;partial=00;start_type=ATG;rbs_motif=GGA/GAG/AGG;rbs_spacer=5-10bp;gc_cont=0.381	WP_000682611.1 MULTISPECIES: bifunctional glutamate N-acetyltransferase/amino-acid acetyltransferase ArgJ [Staphylococcus]	100	99.8	2.08e-295
BAAHTS010000002.1_54|59053|60087|-1|ID=1_54;partial=00;start_type=ATG;rbs_motif=AGGAG;rbs_spacer=5-10bp;gc_cont=0.355	WP_000598483.1 MULTISPECIES: N-acetyl-gamma-glutamyl-phosphate reductase [Staphylococcus]	100	99.4	1.91e-249
BAAHTS010000002.1_55|60123|61334|-1|ID=1_55;partial=00;start_type=ATG;rbs_motif=None;rbs_spacer=None;gc_cont=0.378	WP_001084436.1 MULTISPECIES: ornithine--oxo-acid transaminase [Staphylococcus]	100	97.5	8.12e-288
BAAHTS010000002.1_56|61560|62915|-1|ID=1_56;partial=00;start_type=ATG;rbs_motif=AGGAG(G)/GGAGG;rbs_spacer=13-15bp;gc_cont=0.329	WP_000728180.1 MULTISPECIES: branched-chain amino acid transport system II carrier protein BrnQ1 [Staphylococcus]	100	99.8	6.40e-307
BAAHTS010000002.1_57|63191|63748|-1|ID=1_57;partial=00;start_type=ATG;rbs_motif=AGGA/GGAG/GAGG;rbs_spacer=11-12bp;gc_cont=0.351	WP_000606890.1 MULTISPECIES: isochorismatase family protein [Staphylococcus]	100	99.5	2.83e-131
BAAHTS010000002.1_58|63815|65455|-1|ID=1_58;partial=00;start_type=ATG;rbs_motif=GGA/GAG/AGG;rbs_spacer=5-10bp;gc_cont=0.364	WP_117200951.1 alpha-keto acid decarboxylase family protein [Staphylococcus aureus]	100	99.8	0.0
BAAHTS010000002.1_59|65728|67773|-1|ID=1_59;partial=00;start_type=GTG;rbs_motif=GGAG/GAGG;rbs_spacer=5-10bp;gc_cont=0.377	WP_001227724.1 MULTISPECIES: glucose-specific PTS transporter subunit IIBC [Staphylococcus]	100	99.9	0.0
BAAHTS010000002.1_60|68373|69413|1|ID=1_60;partial=00;start_type=GTG;rbs_motif=GGA/GAG/AGG;rbs_spacer=5-10bp;gc_cont=0.354	WP_001802887.1 6-phospho-N-acetylmuramidase [Staphylococcus aureus]	99.7	99.7	3.73e-255
BAAHTS010000002.1_61|69413|70309|1|ID=1_61;partial=00;start_type=ATG;rbs_motif=AGGA/GGAG/GAGG;rbs_spacer=11-12bp;gc_cont=0.381	WP_117200953.1 N-acetylmuramic acid 6-phosphate etherase [Staphylococcus aureus]	99.7	99.7	1.17e-202
BAAHTS010000002.1_62|70321|71775|1|ID=1_62;partial=00;start_type=ATG;rbs_motif=AGGAG;rbs_spacer=5-10bp;gc_cont=0.381	WP_000159750.1 MULTISPECIES: PTS transporter subunit EIIC [Staphylococcus]	100	99.8	0.0
BAAHTS010000002.1_63|71775|72653|1|ID=1_63;partial=00;start_type=ATG;rbs_motif=None;rbs_spacer=None;gc_cont=0.344	WP_000181827.1 MurR/RpiR family transcriptional regulator [Staphylococcus aureus]	92.4	99.3	6.81e-185
BAAHTS010000002.1_64|73341|76130|1|ID=1_64;partial=00;start_type=ATG;rbs_motif=GGA/GAG/AGG;rbs_spacer=5-10bp;gc_cont=0.332	WP_000331353.1 MULTISPECIES: type I restriction endonuclease subunit R [Staphylococcus]	100	99.9	0.0
BAAHTS010000002.1_65|76277|76876|-1|ID=1_65;partial=00;start_type=ATG;rbs_motif=AGGAG;rbs_spacer=5-10bp;gc_cont=0.292	WP_000059054.1 MULTISPECIES: hypothetical protein [Staphylococcus]	100	99.5	3.03e-117
BAAHTS010000002.1_66|77002|77757|1|ID=1_66;partial=00;start_type=TTG;rbs_motif=AGGAG;rbs_spacer=5-10bp;gc_cont=0.317	WP_108947512.1 RND transporter [Staphylococcus aureus]	99.6	99.6	5.05e-169
BAAHTS010000002.1_67|77754|78434|1|ID=1_67;partial=00;start_type=ATG;rbs_motif=GGA/GAG/AGG;rbs_spacer=5-10bp;gc_cont=0.314	WP_000571407.1 MULTISPECIES: ABC transporter ATP-binding protein [Staphylococcus]	100	99.6	2.34e-157
BAAHTS010000002.1_68|78431|79609|1|ID=1_68;partial=00;start_type=ATG;rbs_motif=GGAG/GAGG;rbs_spacer=5-10bp;gc_cont=0.307	WP_001233397.1 MULTISPECIES: ABC transporter permease [Staphylococcus]	100	99.7	4.99e-265
BAAHTS010000002.1_69|79816|80037|1|ID=1_69;partial=00;start_type=ATG;rbs_motif=AGGAGG;rbs_spacer=5-10bp;gc_cont=0.414	WP_000915920.1 MULTISPECIES: putative cyclic bacteriocin [Staphylococcus]	100	98.6	3.32e-43
BAAHTS010000002.1_70|80108|81793|1|ID=1_70;partial=00;start_type=ATG;rbs_motif=AGGAG;rbs_spacer=5-10bp;gc_cont=0.234	WP_031899927.1 membrane protein [Staphylococcus aureus]	99.8	99.8	0.0
BAAHTS010000002.1_71|81831|82295|1|ID=1_71;partial=00;start_type=GTG;rbs_motif=None;rbs_spacer=None;gc_cont=0.256	WP_001793228.1 MULTISPECIES: stage II sporulation protein M [Staphylococcus]	100	99.4	6.39e-88
BAAHTS010000002.1_72|82307|83029|1|ID=1_72;partial=00;start_type=ATG;rbs_motif=AGGA;rbs_spacer=5-10bp;gc_cont=0.266	WP_000960712.1 MULTISPECIES: ATP-binding cassette domain-containing protein [Staphylococcus]	100	99.6	6.95e-166
BAAHTS010000002.1_73|83016|83204|1|ID=1_73;partial=00;start_type=ATG;rbs_motif=GGAG/GAGG;rbs_spacer=5-10bp;gc_cont=0.222	WP_368409519.1 hypothetical protein [Staphylococcus aureus]	98.4	98.4	1.29e-33
BAAHTS010000002.1_74|83194|83391|1|ID=1_74;partial=00;start_type=GTG;rbs_motif=GGA/GAG/AGG;rbs_spacer=5-10bp;gc_cont=0.308	WP_000794565.1 MULTISPECIES: helix-turn-helix transcriptional regulator [Staphylococcus]	100	98.5	1.20e-37
BAAHTS010000002.1_75|83901|84803|-1|ID=1_75;partial=00;start_type=ATG;rbs_motif=None;rbs_spacer=None;gc_cont=0.372	WP_423143752.1 ATP-binding cassette domain-containing protein, partial [Staphylococcus aureus]	99.7	95.3	6.41e-199
BAAHTS010000002.1_76|84760|85494|-1|ID=1_76;partial=00;start_type=ATG;rbs_motif=GGAG/GAGG;rbs_spacer=5-10bp;gc_cont=0.337	WP_142300295.1 ABC transporter ATP-binding protein, partial [Staphylococcus aureus]	99.6	99.6	5.29e-166
BAAHTS010000002.1_77|85496|86929|1|ID=1_77;partial=00;start_type=ATG;rbs_motif=None;rbs_spacer=None;gc_cont=0.326	WP_001557565.1 ABC transporter permease [Staphylococcus aureus]	100	99.8	3.40e-306
BAAHTS010000002.1_78|86935|88098|1|ID=1_78;partial=00;start_type=ATG;rbs_motif=AGGA;rbs_spacer=5-10bp;gc_cont=0.345	WP_000240104.1 MULTISPECIES: ABC transporter permease [Staphylococcus]	100	99.7	3.70e-253
BAAHTS010000002.1_79|88115|89890|1|ID=1_79;partial=00;start_type=GTG;rbs_motif=GGA/GAG/AGG;rbs_spacer=5-10bp;gc_cont=0.334	WP_000720804.1 MULTISPECIES: ABC transporter substrate-binding protein [Staphylococcus]	100	99.8	0.0
BAAHTS010000002.1_80|89928|91934|1|ID=1_80;partial=00;start_type=ATG;rbs_motif=AGGAG;rbs_spacer=5-10bp;gc_cont=0.379	WP_000236409.1 MULTISPECIES: gamma-glutamyltransferase [Staphylococcus]	100	99.9	0.0
BAAHTS010000002.1_81|92247|93020|-1|ID=1_81;partial=00;start_type=ATG;rbs_motif=GGA/GAG/AGG;rbs_spacer=5-10bp;gc_cont=0.298	WP_000643623.1 MULTISPECIES: tandem-type lipoprotein [Staphylococcus]	100	99.6	5.96e-180
BAAHTS010000002.1_82|93210|93836|-1|ID=1_82;partial=00;start_type=ATG;rbs_motif=AGGAG;rbs_spacer=5-10bp;gc_cont=0.321	WP_001151450.1 MULTISPECIES: FMN-dependent NADH-azoreductase [Staphylococcus]	100	99.5	1.17e-148
BAAHTS010000002.1_83|94045|94623|1|ID=1_83;partial=00;start_type=ATG;rbs_motif=GGA/GAG/AGG;rbs_spacer=5-10bp;gc_cont=0.361	WP_000166919.1 MULTISPECIES: M23 family metallopeptidase [Staphylococcus]	100	99.5	3.70e-144
BAAHTS010000002.1_84|95006|96103|1|ID=1_84;partial=00;start_type=ATG;rbs_motif=GGAG/GAGG;rbs_spacer=5-10bp;gc_cont=0.351	WP_000818914.1 MULTISPECIES: ABC transporter ATP-binding protein [Staphylococcus]	100	99.7	7.94e-262
BAAHTS010000002.1_85|96116|97387|1|ID=1_85;partial=00;start_type=ATG;rbs_motif=GGAG/GAGG;rbs_spacer=5-10bp;gc_cont=0.340	WP_000034961.1 MULTISPECIES: maltodextrin ABC transporter substrate-binding protein [Staphylococcus]	100	99.8	1.29e-310
BAAHTS010000002.1_86|97390|98658|1|ID=1_86;partial=00;start_type=ATG;rbs_motif=AGGAG;rbs_spacer=5-10bp;gc_cont=0.355	WP_086098788.1 sugar ABC transporter permease [Staphylococcus aureus]	98.8	99.8	5.35e-298
BAAHTS010000002.1_87|98660|99499|1|ID=1_87;partial=00;start_type=ATG;rbs_motif=GGAG/GAGG;rbs_spacer=5-10bp;gc_cont=0.339	WP_000162661.1 MULTISPECIES: sugar ABC transporter permease [Staphylococcus]	100	99.6	1.91e-187
BAAHTS010000002.1_88|99570|100649|1|ID=1_88;partial=00;start_type=ATG;rbs_motif=AGGAG;rbs_spacer=5-10bp;gc_cont=0.389	WP_000153466.1 MULTISPECIES: Gfo/Idh/MocA family protein [Staphylococcus]	100	99.4	4.99e-264
BAAHTS010000002.1_89|100674|101714|1|ID=1_89;partial=00;start_type=ATG;rbs_motif=AGGAG;rbs_spacer=5-10bp;gc_cont=0.394	WP_000163809.1 MULTISPECIES: Gfo/Idh/MocA family protein [Staphylococcus]	100	99.7	1.52e-254
BAAHTS010000002.1_90|101769|102737|1|ID=1_90;partial=00;start_type=ATG;rbs_motif=AGGAG;rbs_spacer=5-10bp;gc_cont=0.359	WP_000690419.1 MULTISPECIES: sugar phosphate isomerase/epimerase family protein [Staphylococcus]	100	99.7	6.59e-246
BAAHTS010000002.1_91|103098|103592|-1|ID=1_91;partial=00;start_type=ATG;rbs_motif=GGAG/GAGG;rbs_spacer=5-10bp;gc_cont=0.267	WP_000603755.1 MULTISPECIES: isoprenylcysteine carboxyl methyltransferase family protein [Staphylococcus]	100	99.4	8.00e-105
BAAHTS010000002.1_92|103807|105204|1|ID=1_92;partial=00;start_type=ATG;rbs_motif=None;rbs_spacer=None;gc_cont=0.363	WP_001008722.1 MULTISPECIES: hexose-6-phosphate:phosphate antiporter [Staphylococcus]	100	98.5	0.0
BAAHTS010000002.1_93|105563|106321|-1|ID=1_93;partial=00;start_type=ATG;rbs_motif=GGA/GAG/AGG;rbs_spacer=5-10bp;gc_cont=0.323	WP_000477521.1 MULTISPECIES: response regulator transcription factor [Staphylococcus]	100	99.6	7.30e-183
BAAHTS010000002.1_94|106314|107870|-1|ID=1_94;partial=00;start_type=ATG;rbs_motif=GGAG/GAGG;rbs_spacer=5-10bp;gc_cont=0.329	WP_000127997.1 MULTISPECIES: sensor histidine kinase [Staphylococcus]	100	99.8	0.0
BAAHTS010000002.1_95|107867|108835|-1|ID=1_95;partial=00;start_type=ATG;rbs_motif=None;rbs_spacer=None;gc_cont=0.344	WP_000837105.1 MULTISPECIES: ABC transporter substrate-binding protein [Staphylococcus]	100	99.7	1.93e-229
BAAHTS010000002.1_96|109423|111672|1|ID=1_96;partial=00;start_type=ATG;rbs_motif=GGAG/GAGG;rbs_spacer=5-10bp;gc_cont=0.367	WP_000894660.1 MULTISPECIES: formate C-acetyltransferase [Staphylococcus]	100	99.9	0.0
BAAHTS010000002.1_97|111695|112450|1|ID=1_97;partial=00;start_type=ATG;rbs_motif=GGA/GAG/AGG;rbs_spacer=5-10bp;gc_cont=0.364	WP_000911657.1 MULTISPECIES: pyruvate formate-lyase-activating protein [Staphylococcus]	100	99.6	5.37e-189
BAAHTS010000002.1_98|112413|112748|1|ID=1_98;partial=00;start_type=ATG;rbs_motif=AGxAG;rbs_spacer=5-10bp;gc_cont=0.324	WP_224108010.1 hypothetical protein [Staphylococcus aureus]	100	99.1	6.91e-76
BAAHTS010000002.1_99|112786|114549|1|ID=1_99;partial=00;start_type=ATG;rbs_motif=GGAG/GAGG;rbs_spacer=5-10bp;gc_cont=0.311	WP_001806672.1 MULTISPECIES: glycerophosphoryl diester phosphodiesterase membrane domain-containing protein [Staphylococcus]	100	99.8	0.0
BAAHTS010000002.1_100|114713|115057|-1|ID=1_100;partial=00;start_type=ATG;rbs_motif=AGGAG;rbs_spacer=5-10bp;gc_cont=0.330	WP_000211596.1 MULTISPECIES: complement inhibitor SCIN family protein [Bacillales]	100	99.1	3.96e-72
BAAHTS010000002.1_101|115247|117067|1|ID=1_101;partial=00;start_type=ATG;rbs_motif=AGGA/GGAG/GAGG;rbs_spacer=11-12bp;gc_cont=0.341	WP_367949401.1 staphylocoagulase [Staphylococcus aureus]	100	84.5	0.0
BAAHTS010000002.1_102|117670|118854|-1|ID=1_102;partial=00;start_type=ATG;rbs_motif=GGAG/GAGG;rbs_spacer=5-10bp;gc_cont=0.431	WP_001154616.1 MULTISPECIES: thiolase family protein [Staphylococcus]	100	99.7	3.75e-277
BAAHTS010000002.1_103|118884|121145|-1|ID=1_103;partial=00;start_type=ATG;rbs_motif=GGAG/GAGG;rbs_spacer=5-10bp;gc_cont=0.376	WP_000154532.1 MULTISPECIES: 3-hydroxyacyl-CoA dehydrogenase/crotonase FadB [Staphylococcus]	100	99.9	0.0
BAAHTS010000002.1_104|121332|122543|-1|ID=1_104;partial=00;start_type=ATG;rbs_motif=AGGAG;rbs_spacer=5-10bp;gc_cont=0.393	WP_000142189.1 MULTISPECIES: acyl-CoA dehydrogenase FadE [Staphylococcus]	100	99.8	5.28e-293
BAAHTS010000002.1_105|122655|124160|-1|ID=1_105;partial=00;start_type=ATG;rbs_motif=GGA/GAG/AGG;rbs_spacer=5-10bp;gc_cont=0.374	WP_001008395.1 MULTISPECIES: long-chain-fatty-acid--CoA ligase FadD [Staphylococcus]	100	99.8	0.0
BAAHTS010000002.1_106|124186|125763|-1|ID=1_106;partial=00;start_type=ATG;rbs_motif=None;rbs_spacer=None;gc_cont=0.372	WP_001793221.1 MULTISPECIES: fatty acid degradation protein FadX [Staphylococcus]	100	99.8	0.0
BAAHTS010000002.1_107|126117|127346|1|ID=1_107;partial=00;start_type=ATG;rbs_motif=GGA/GAG/AGG;rbs_spacer=5-10bp;gc_cont=0.344	WP_010956622.1 MULTISPECIES: PrsW family intramembrane metalloprotease [Staphylococcus]	100	92.7	4.05e-261
BAAHTS010000002.1_108|127660|129135|-1|ID=1_108;partial=00;start_type=ATG;rbs_motif=GGA/GAG/AGG;rbs_spacer=5-10bp;gc_cont=0.312	WP_000669654.1 MULTISPECIES: nickel ABC transporter substrate-binding protein [Staphylococcus]	100	99.8	0.0
BAAHTS010000002.1_109|129333|129689|-1|ID=1_109;partial=00;start_type=ATG;rbs_motif=AGGAG;rbs_spacer=5-10bp;gc_cont=0.350	WP_000215216.1 MULTISPECIES: DUF488 domain-containing protein [Staphylococcus]	100	99.2	8.82e-80
BAAHTS010000002.1_110|129846|130019|-1|ID=1_110;partial=00;start_type=ATG;rbs_motif=AGGA/GGAG/GAGG;rbs_spacer=11-12bp;gc_cont=0.247	WP_000773989.1 MULTISPECIES: hypothetical protein [Staphylococcus]	100	98.3	2.46e-29
BAAHTS010000002.1_111|130045|131190|-1|ID=1_111;partial=00;start_type=ATG;rbs_motif=AGGAG;rbs_spacer=5-10bp;gc_cont=0.351	WP_000954808.1 MULTISPECIES: globin domain-containing protein [Staphylococcus]	100	99.7	5.08e-273
BAAHTS010000002.1_112|131763|132716|1|ID=1_112;partial=00;start_type=ATG;rbs_motif=GGAG/GAGG;rbs_spacer=5-10bp;gc_cont=0.372	WP_001031880.1 MULTISPECIES: L-lactate dehydrogenase [Staphylococcus]	100	99.7	5.47e-222
BAAHTS010000002.1_113|133036|134565|-1|ID=1_113;partial=00;start_type=ATG;rbs_motif=AGGAG;rbs_spacer=5-10bp;gc_cont=0.393	WP_000838204.1 MULTISPECIES: PTS transporter subunit EIIC [Staphylococcus]	100	99.8	0.0
BAAHTS010000002.1_114|134927|135862|1|ID=1_114;partial=00;start_type=ATG;rbs_motif=GGA/GAG/AGG;rbs_spacer=5-10bp;gc_cont=0.395	WP_000823215.1 MULTISPECIES: nucleoside hydrolase [Staphylococcus]	99.7	99.7	5.93e-223
BAAHTS010000002.1_115|136199|138295|1|ID=1_115;partial=00;start_type=ATG;rbs_motif=AGGAG;rbs_spacer=5-10bp;gc_cont=0.329	WP_001012755.1 MULTISPECIES: BglG family transcription antiterminator [Staphylococcus]	100	99.9	0.0
BAAHTS010000002.1_116|138280|138747|1|ID=1_116;partial=00;start_type=ATG;rbs_motif=GGAG/GAGG;rbs_spacer=5-10bp;gc_cont=0.353	WP_000531476.1 MULTISPECIES: PTS sugar transporter subunit IIA [Staphylococcus]	100	99.4	2.64e-101
BAAHTS010000002.1_117|138770|139048|1|ID=1_117;partial=00;start_type=ATG;rbs_motif=GGAG/GAGG;rbs_spacer=5-10bp;gc_cont=0.312	WP_000815795.1 MULTISPECIES: PTS sugar transporter subunit IIB [Bacilli]	100	98.9	5.84e-57
BAAHTS010000002.1_118|139275|140534|1|ID=1_118;partial=00;start_type=ATG;rbs_motif=GGAG/GAGG;rbs_spacer=5-10bp;gc_cont=0.368	WP_000120109.1 MULTISPECIES: PTS galactitol transporter subunit IIC [Staphylococcus]	100	99.8	6.59e-286
BAAHTS010000002.1_119|140549|141607|1|ID=1_119;partial=00;start_type=GTG;rbs_motif=GGAG/GAGG;rbs_spacer=5-10bp;gc_cont=0.367	WP_000646203.1 MULTISPECIES: zinc-binding dehydrogenase [Staphylococcus]	99.7	99.4	1.26e-258
BAAHTS010000002.1_120|141609|141755|1|ID=1_120;partial=00;start_type=ATG;rbs_motif=AGGAG;rbs_spacer=5-10bp;gc_cont=0.299	WP_000230358.1 MULTISPECIES: hypothetical protein [Bacteria]	100	98.0	3.61e-25
BAAHTS010000002.1_121|141779|142822|1|ID=1_121;partial=00;start_type=GTG;rbs_motif=GGAG/GAGG;rbs_spacer=5-10bp;gc_cont=0.378	WP_000645608.1 MULTISPECIES: galactitol-1-phosphate 5-dehydrogenase [Staphylococcus]	100	99.7	2.00e-255
BAAHTS010000002.1_122|143350|144066|1|ID=1_122;partial=00;start_type=ATG;rbs_motif=GGAG/GAGG;rbs_spacer=5-10bp;gc_cont=0.328	WP_000638479.1 MULTISPECIES: 2-C-methyl-D-erythritol 4-phosphate cytidylyltransferase [Staphylococcus]	100	99.6	3.45e-165
BAAHTS010000002.1_123|144059|145084|1|ID=1_123;partial=00;start_type=ATG;rbs_motif=GGA/GAG/AGG;rbs_spacer=11-12bp;gc_cont=0.354	WP_000610171.1 MULTISPECIES: alcohol dehydrogenase catalytic domain-containing protein [Staphylococcus]	100	99.7	1.83e-248
BAAHTS010000002.1_124|145106|146800|1|ID=1_124;partial=00;start_type=ATG;rbs_motif=GGA/GAG/AGG;rbs_spacer=5-10bp;gc_cont=0.326	WP_000167974.1 MULTISPECIES: teichoic acid ribitol-phosphate polymerase TarK [Staphylococcus]	100	99.8	0.0
BAAHTS010000002.1_125|147112|147246|-1|ID=1_125;partial=00;start_type=ATG;rbs_motif=None;rbs_spacer=None;gc_cont=0.496	WP_254612298.1 deoxyribose-phosphate aldolase [Staphylococcus aureus]	56.9	93.3	5.81e-05
BAAHTS010000002.1_127|147768|148937|1|ID=1_127;partial=00;start_type=ATG;rbs_motif=GGAG/GAGG;rbs_spacer=5-10bp;gc_cont=0.338	WP_000594813.1 MULTISPECIES: teichoic acid glycerol-phosphate transferase TarF [Staphylococcus]	100	99.7	1.24e-293
BAAHTS010000002.1_128|149213|149929|1|ID=1_128;partial=00;start_type=ATG;rbs_motif=GGAG/GAGG;rbs_spacer=5-10bp;gc_cont=0.322	WP_000872486.1 MULTISPECIES: D-ribitol-5-phosphate cytidylyltransferase [Staphylococcus]	100	99.6	1.71e-165
BAAHTS010000002.1_129|149895|150947|1|ID=1_129;partial=00;start_type=ATG;rbs_motif=None;rbs_spacer=None;gc_cont=0.338	WP_000610203.1 MULTISPECIES: ribitol-5-phosphate dehydrogenase [Staphylococcus]	100	97.2	5.95e-245
BAAHTS010000002.1_130|150969|152657|1|ID=1_130;partial=00;start_type=TTG;rbs_motif=AGGA;rbs_spacer=5-10bp;gc_cont=0.319	WP_000240920.1 MULTISPECIES: teichoic acid ribitol-phosphate polymerase TarL [Staphylococcus]	100	99.8	0.0
BAAHTS010000002.1_131|152690|154411|1|ID=1_131;partial=00;start_type=ATG;rbs_motif=GGAG/GAGG;rbs_spacer=5-10bp;gc_cont=0.321	WP_000975365.1 MULTISPECIES: poly(ribitol-phosphate) beta-N-acetylglucosaminyltransferase [Staphylococcus]	100	99.8	0.0
BAAHTS010000002.1_132|154555|155229|1|ID=1_132;partial=00;start_type=ATG;rbs_motif=AGGAG;rbs_spacer=5-10bp;gc_cont=0.326	WP_000608831.1 MULTISPECIES: iron-sulfur cluster repair di-iron protein ScdA [Staphylococcus]	100	99.6	1.04e-159
BAAHTS010000002.1_133|155488|157227|1|ID=1_133;partial=00;start_type=ATG;rbs_motif=None;rbs_spacer=None;gc_cont=0.355	WP_000925394.1 sensor histidine kinase [Staphylococcus aureus]	100	99.8	0.0
BAAHTS010000002.1_134|157230|157970|1|ID=1_134;partial=00;start_type=ATG;rbs_motif=AGGAG;rbs_spacer=5-10bp;gc_cont=0.327	WP_000645456.1 MULTISPECIES: response regulator transcription factor LytR [Staphylococcus]	100	99.6	5.09e-171
BAAHTS010000002.1_135|158083|158526|1|ID=1_135;partial=00;start_type=ATG;rbs_motif=GGA/GAG/AGG;rbs_spacer=5-10bp;gc_cont=0.345	WP_001793213.1 MULTISPECIES: antiholin-like murein hydrolase modulator LrgA [Staphylococcus]	100	99.3	6.56e-89
BAAHTS010000002.1_136|158519|159220|1|ID=1_136;partial=00;start_type=ATG;rbs_motif=AGGAG;rbs_spacer=5-10bp;gc_cont=0.366	WP_000607067.1 MULTISPECIES: antiholin-like protein LrgB [Staphylococcus]	100	99.6	4.81e-149
BAAHTS010000002.1_137|159328|160032|-1|ID=1_137;partial=00;start_type=TTG;rbs_motif=GGAG/GAGG;rbs_spacer=5-10bp;gc_cont=0.330	WP_000922317.1 MULTISPECIES: GntR family transcriptional regulator [Staphylococcus]	100	99.6	1.53e-166
BAAHTS010000002.1_138|160181|160972|1|ID=1_138;partial=00;start_type=ATG;rbs_motif=AGGA/GGAG/GAGG;rbs_spacer=11-12bp;gc_cont=0.355	WP_000066930.1 MULTISPECIES: glucose PTS transporter subunit IIA [Staphylococcus]	100	99.6	5.48e-179
BAAHTS010000002.1_139|160988|162424|1|ID=1_139;partial=00;start_type=ATG;rbs_motif=AGGA/GGAG/GAGG;rbs_spacer=11-12bp;gc_cont=0.369	WP_000164010.1 MULTISPECIES: 6-phospho-beta-glucosidase [Staphylococcus]	100	99.8	0.0
BAAHTS010000002.1_140|162861|163622|-1|ID=1_140;partial=00;start_type=ATG;rbs_motif=AGGAG;rbs_spacer=5-10bp;gc_cont=0.339	WP_000031274.1 MULTISPECIES: class I SAM-dependent methyltransferase [Staphylococcus]	100	99.6	1.31e-181
BAAHTS010000002.1_141|163873|164787|-1|ID=1_141;partial=00;start_type=ATG;rbs_motif=AGGAG;rbs_spacer=5-10bp;gc_cont=0.376	WP_000182738.1 MULTISPECIES: ribokinase [Staphylococcus]	100	99.7	2.99e-208
BAAHTS010000002.1_142|164815|165219|-1|ID=1_142;partial=00;start_type=ATG;rbs_motif=AGGAG;rbs_spacer=5-10bp;gc_cont=0.323	WP_000747873.1 MULTISPECIES: D-ribose pyranase [Staphylococcus]	100	99.3	5.86e-88
BAAHTS010000002.1_143|165234|165653|-1|ID=1_143;partial=00;start_type=GTG;rbs_motif=None;rbs_spacer=None;gc_cont=0.338	WP_411912183.1 GRP family sugar transporter, partial [Staphylococcus aureus]	99.3	99.3	8.07e-89
BAAHTS010000002.1_144|165631|166116|-1|ID=1_144;partial=00;start_type=ATG;rbs_motif=GGAG/GAGG;rbs_spacer=5-10bp;gc_cont=0.424	WP_031915395.1 GRP family sugar transporter, partial [Staphylococcus aureus]	98.0	93.2	1.88e-100
BAAHTS010000002.1_145|166348|167346|-1|ID=1_145;partial=00;start_type=ATG;rbs_motif=AGGA;rbs_spacer=5-10bp;gc_cont=0.370	WP_000757884.1 MULTISPECIES: ribose utilization transcriptional repressor RbsR [Staphylococcus]	100	99.7	2.02e-236
BAAHTS010000002.1_146|167564|167677|1|ID=1_146;partial=00;start_type=ATG;rbs_motif=None;rbs_spacer=None;gc_cont=0.175	WP_078065205.1 NADH dehydrogenase [Staphylococcus aureus]	97.3	97.4	5.97e-16
BAAHTS010000002.1_147|167727|168119|1|ID=1_147;partial=00;start_type=ATG;rbs_motif=GGAG/GAGG;rbs_spacer=5-10bp;gc_cont=0.267	WP_001159765.1 MULTISPECIES: hypothetical protein [Staphylococcus]	100	99.2	8.78e-88
BAAHTS010000002.1_148|168247|169623|-1|ID=1_148;partial=00;start_type=GTG;rbs_motif=AGGAG;rbs_spacer=5-10bp;gc_cont=0.375	WP_001066553.1 MULTISPECIES: MFS transporter [Staphylococcus]	100	99.8	3.31e-308
BAAHTS010000002.1_149|169857|170849|1|ID=1_149;partial=00;start_type=ATG;rbs_motif=AGGAG;rbs_spacer=5-10bp;gc_cont=0.359	WP_000337383.1 MULTISPECIES: choloylglycine hydrolase family protein [Staphylococcus]	100	99.7	7.44e-247
BAAHTS010000002.1_150|171157|172125|1|ID=1_150;partial=00;start_type=ATG;rbs_motif=None;rbs_spacer=None;gc_cont=0.398	WP_000736792.1 MULTISPECIES: glycine-glycine endopeptidase LytM [Staphylococcus]	100	97.8	1.48e-227
BAAHTS010000002.1_151|172177|172836|-1|ID=1_151;partial=00;start_type=ATG;rbs_motif=AGGAG;rbs_spacer=5-10bp;gc_cont=0.323	WP_000570075.1 MULTISPECIES: ABC transporter ATP-binding protein [Staphylococcus]	100	99.5	3.22e-156
BAAHTS010000002.1_152|172850|173770|-1|ID=1_152;partial=00;start_type=ATG;rbs_motif=GGAG/GAGG;rbs_spacer=5-10bp;gc_cont=0.313	WP_000806116.1 MULTISPECIES: ABC transporter permease [Staphylococcus]	100	99.7	1.05e-193
BAAHTS010000002.1_153|173767|174933|-1|ID=1_153;partial=00;start_type=ATG;rbs_motif=AGGAG;rbs_spacer=5-10bp;gc_cont=0.321	WP_000848781.1 MULTISPECIES: ABC transporter permease [Staphylococcus]	100	99.7	1.00e-262
BAAHTS010000002.1_154|175001|176524|-1|ID=1_154;partial=00;start_type=ATG;rbs_motif=GGAG/GAGG;rbs_spacer=5-10bp;gc_cont=0.287	WP_000038541.1 MULTISPECIES: DUF6583 family protein [Staphylococcus]	100	99.8	0.0
BAAHTS010000002.1_155|176855|177757|-1|ID=1_155;partial=00;start_type=ATG;rbs_motif=GGA/GAG/AGG;rbs_spacer=5-10bp;gc_cont=0.372	WP_117201010.1 CHAP domain-containing protein [Staphylococcus aureus]	100	98.7	2.29e-207
BAAHTS010000002.1_156|177996|178289|1|ID=1_156;partial=00;start_type=ATG;rbs_motif=AGGAG;rbs_spacer=5-10bp;gc_cont=0.378	WP_001240826.1 MULTISPECIES: WXG100 family type VII secretion effector EsxA [Staphylococcus]	100	99.0	5.04e-58
BAAHTS010000002.1_157|178372|181401|1|ID=1_157;partial=00;start_type=ATG;rbs_motif=AGGA;rbs_spacer=5-10bp;gc_cont=0.308	WP_000728972.1 MULTISPECIES: type VII secretion protein EsaA [Staphylococcus]	100	99.9	0.0
BAAHTS010000002.1_158|181401|181859|1|ID=1_158;partial=00;start_type=ATG;rbs_motif=GGA/GAG/AGG;rbs_spacer=5-10bp;gc_cont=0.329	WP_000928935.1 MULTISPECIES: type VII secretion protein EssA [Staphylococcus]	100	99.3	7.91e-97
BAAHTS010000002.1_159|181831|182073|1|ID=1_159;partial=00;start_type=ATG;rbs_motif=AGGA/GGAG/GAGG;rbs_spacer=11-12bp;gc_cont=0.296	WP_001071606.1 MULTISPECIES: type VII secretion protein EsaB [Staphylococcus]	100	98.8	3.02e-49
BAAHTS010000002.1_160|182086|183420|1|ID=1_160;partial=00;start_type=ATG;rbs_motif=AGGAG;rbs_spacer=5-10bp;gc_cont=0.298	WP_031796234.1 type VII secretion protein EssB, partial [Staphylococcus aureus]	100	87.9	2.16e-276
BAAHTS010000002.1_161|183442|187881|1|ID=1_161;partial=00;start_type=ATG;rbs_motif=GGAG/GAGG;rbs_spacer=5-10bp;gc_cont=0.337	WP_000549274.1 MULTISPECIES: type VII secretion protein EssC [Staphylococcus]	100	99.9	0.0
BAAHTS010000002.1_162|187911|188303|1|ID=1_162;partial=00;start_type=ATG;rbs_motif=AGGAGG;rbs_spacer=5-10bp;gc_cont=0.305	WP_001010291.1 MULTISPECIES: type VII secretion substrate EsaC [Staphylococcus]	100	99.2	5.28e-80
BAAHTS010000002.1_163|188319|188633|1|ID=1_163;partial=00;start_type=ATG;rbs_motif=GGAG/GAGG;rbs_spacer=5-10bp;gc_cont=0.384	WP_000509667.1 MULTISPECIES: WXG100 family type VII secretion effector EsxB [Staphylococcus]	100	99.0	1.39e-65
BAAHTS010000002.1_164|188630|189307|1|ID=1_164;partial=00;start_type=ATG;rbs_motif=GGA/GAG/AGG;rbs_spacer=5-10bp;gc_cont=0.291	WP_000655877.1 MULTISPECIES: DUF5081 family protein [Staphylococcus]	100	99.1	1.79e-158
BAAHTS010000002.1_165|189307|189624|1|ID=1_165;partial=00;start_type=ATG;rbs_motif=GGA/GAG/AGG;rbs_spacer=5-10bp;gc_cont=0.368	WP_000175723.1 MULTISPECIES: type VII secretion system extracellular protein EsxD [Staphylococcus]	100	99.1	4.46e-67
BAAHTS010000002.1_166|189634|191478|1|ID=1_166;partial=00;start_type=ATG;rbs_motif=GGA/GAG/AGG;rbs_spacer=5-10bp;gc_cont=0.356	WP_000159026.1 MULTISPECIES: DNA/RNA non-specific endonuclease [Staphylococcus]	100	99.8	0.0
BAAHTS010000002.1_167|191489|191983|1|ID=1_167;partial=00;start_type=ATG;rbs_motif=AGGAG;rbs_spacer=5-10bp;gc_cont=0.297	WP_000142122.1 MULTISPECIES: TIGR01741 family protein [Staphylococcus]	100	99.4	2.11e-100
BAAHTS010000002.1_168|192194|192877|1|ID=1_168;partial=00;start_type=ATG;rbs_motif=AGGAG;rbs_spacer=5-10bp;gc_cont=0.275	WP_000208418.1 MULTISPECIES: DUF5079 family protein [Staphylococcus]	100	99.6	8.71e-149
BAAHTS010000002.1_169|193024|193635|1|ID=1_169;partial=00;start_type=ATG;rbs_motif=GGAG/GAGG;rbs_spacer=5-10bp;gc_cont=0.283	WP_000394917.1 MULTISPECIES: DUF5080 family protein [Staphylococcus]	100	99.5	1.20e-125
BAAHTS010000002.1_170|193834|194334|1|ID=1_170;partial=00;start_type=ATG;rbs_motif=GGAG/GAGG;rbs_spacer=5-10bp;gc_cont=0.301	WP_000141964.1 MULTISPECIES: TIGR01741 family protein [Staphylococcus]	100	99.4	1.19e-116
BAAHTS010000002.1_171|194345|194845|1|ID=1_171;partial=00;start_type=ATG;rbs_motif=GGAG/GAGG;rbs_spacer=5-10bp;gc_cont=0.279	WP_000142152.1 MULTISPECIES: TIGR01741 family protein [Staphylococcus]	100	99.4	1.44e-117
BAAHTS010000002.1_172|194856|195356|1|ID=1_172;partial=00;start_type=ATG;rbs_motif=GGAG/GAGG;rbs_spacer=5-10bp;gc_cont=0.295	WP_000141966.1 MULTISPECIES: TIGR01741 family protein [Staphylococcus]	99.4	99.4	8.68e-119
BAAHTS010000002.1_173|195367|195867|1|ID=1_173;partial=00;start_type=ATG;rbs_motif=GGAG/GAGG;rbs_spacer=5-10bp;gc_cont=0.297	WP_000863384.1 MULTISPECIES: TIGR01741 family protein [Staphylococcus]	100	99.4	9.03e-121
BAAHTS010000002.1_174|195878|196378|1|ID=1_174;partial=00;start_type=ATG;rbs_motif=GGAG/GAGG;rbs_spacer=5-10bp;gc_cont=0.291	WP_000142133.1 MULTISPECIES: TIGR01741 family protein [Staphylococcus]	100	99.4	7.43e-120
BAAHTS010000002.1_175|196389|196889|1|ID=1_175;partial=00;start_type=ATG;rbs_motif=GGAG/GAGG;rbs_spacer=5-10bp;gc_cont=0.311	WP_000142136.1 MULTISPECIES: TIGR01741 family protein [Staphylococcus]	100	99.4	7.43e-120
BAAHTS010000002.1_176|196900|197400|1|ID=1_176;partial=00;start_type=ATG;rbs_motif=GGA/GAG/AGG;rbs_spacer=5-10bp;gc_cont=0.291	WP_000142064.1 MULTISPECIES: TIGR01741 family protein [Staphylococcus]	100	99.4	1.75e-118
BAAHTS010000002.1_177|197411|197899|1|ID=1_177;partial=00;start_type=ATG;rbs_motif=GGA/GAG/AGG;rbs_spacer=5-10bp;gc_cont=0.309	WP_117201012.1 TIGR01741 family protein [Staphylococcus aureus]	100	99.4	1.77e-116
BAAHTS010000002.1_178|198524|198898|1|ID=1_178;partial=00;start_type=ATG;rbs_motif=AGGAG;rbs_spacer=5-10bp;gc_cont=0.264	WP_000822161.1 MULTISPECIES: DUF4467 domain-containing protein [Staphylococcus]	100	99.2	4.80e-80
BAAHTS010000002.1_179|199048|199446|1|ID=1_179;partial=00;start_type=ATG;rbs_motif=AGGAG;rbs_spacer=5-10bp;gc_cont=0.313	WP_000415663.1 MULTISPECIES: DUF4064 domain-containing protein [Bacilli]	100	99.2	3.97e-76
BAAHTS010000002.1_180|199696|200541|-1|ID=1_180;partial=00;start_type=ATG;rbs_motif=None;rbs_spacer=None;gc_cont=0.333	WP_000834168.1 formate/nitrite transporter family protein [Staphylococcus aureus]	100	99.6	3.45e-191
BAAHTS010000002.1_181|200759|202066|-1|ID=1_181;partial=00;start_type=TTG;rbs_motif=AGGA;rbs_spacer=5-10bp;gc_cont=0.356	WP_000745112.1 MULTISPECIES: branched-chain amino acid transport system II carrier protein BrnQ2 [Staphylococcus]	100	99.8	6.85e-303
BAAHTS010000002.1_182|202650|203540|1|ID=1_182;partial=00;start_type=ATG;rbs_motif=GGAG/GAGG;rbs_spacer=5-10bp;gc_cont=0.328	WP_001033885.1 MULTISPECIES: 5'-nucleotidase, lipoprotein e(P4) family [Staphylococcus]	100	99.7	6.28e-206
BAAHTS010000002.1_183|203790|204839|1|ID=1_183;partial=00;start_type=ATG;rbs_motif=GGAG/GAGG;rbs_spacer=5-10bp;gc_cont=0.330	WP_000477931.1 MULTISPECIES: ABC transporter permease [Staphylococcus]	100	99.7	8.84e-235
BAAHTS010000002.1_184|204852|205529|1|ID=1_184;partial=00;start_type=ATG;rbs_motif=AGGAG;rbs_spacer=5-10bp;gc_cont=0.338	WP_000911019.1 MULTISPECIES: ABC transporter ATP-binding protein [Staphylococcus]	100	99.6	8.13e-153
BAAHTS010000002.1_185|205731|206768|1|ID=1_185;partial=00;start_type=ATG;rbs_motif=None;rbs_spacer=None;gc_cont=0.383	WP_223810476.1 PTS sugar transporter subunit IIC [Staphylococcus aureus]	99.7	96.0	8.39e-205
BAAHTS010000002.1_186|207111|208229|1|ID=1_186;partial=00;start_type=ATG;rbs_motif=AGGAG;rbs_spacer=5-10bp;gc_cont=0.340	WP_001283977.1 MULTISPECIES: carbohydrate kinase [Staphylococcus]	100	99.7	1.56e-267
BAAHTS010000002.1_187|208204|209127|1|ID=1_187;partial=00;start_type=ATG;rbs_motif=GGAG/GAGG;rbs_spacer=5-10bp;gc_cont=0.381	WP_000002056.1 MULTISPECIES: pseudouridine-5'-phosphate glycosidase [Staphylococcus]	100	99.7	9.27e-209
BAAHTS010000002.1_188|209138|210358|1|ID=1_188;partial=00;start_type=ATG;rbs_motif=GGA/GAG/AGG;rbs_spacer=5-10bp;gc_cont=0.332	WP_001022971.1 MULTISPECIES: NupC/NupG family nucleoside CNT transporter [Staphylococcus]	100	99.8	4.63e-268
BAAHTS010000002.1_189|210464|211996|-1|ID=1_189;partial=00;start_type=ATG;rbs_motif=GGA/GAG/AGG;rbs_spacer=5-10bp;gc_cont=0.361	WP_000658552.1 MULTISPECIES: sodium:solute symporter [Staphylococcus]	100	99.8	0.0
BAAHTS010000002.1_190|212036|212917|-1|ID=1_190;partial=00;start_type=ATG;rbs_motif=GGAG/GAGG;rbs_spacer=5-10bp;gc_cont=0.349	WP_001030738.1 MULTISPECIES: N-acetylneuraminate lyase [Staphylococcus]	100	99.7	8.61e-207
BAAHTS010000002.1_191|213033|213935|1|ID=1_191;partial=00;start_type=ATG;rbs_motif=None;rbs_spacer=None;gc_cont=0.371	WP_064646651.1 ROK family protein [Staphylococcus aureus]	99.3	99.7	1.50e-215
BAAHTS010000002.1_192|214212|215012|-1|ID=1_192;partial=00;start_type=ATG;rbs_motif=GGA/GAG/AGG;rbs_spacer=5-10bp;gc_cont=0.337	WP_000667389.1 MULTISPECIES: MurR/RpiR family transcriptional regulator [Staphylococcus]	100	99.6	5.29e-183
BAAHTS010000002.1_193|215153|215821|1|ID=1_193;partial=00;start_type=ATG;rbs_motif=GGAG/GAGG;rbs_spacer=5-10bp;gc_cont=0.378	WP_000936729.1 MULTISPECIES: N-acetylmannosamine-6-phosphate 2-epimerase [Staphylococcus]	100	99.6	9.56e-155
BAAHTS010000002.1_194|215952|217313|-1|ID=1_194;partial=00;start_type=ATG;rbs_motif=GGA/GAG/AGG;rbs_spacer=5-10bp;gc_cont=0.360	WP_001077729.1 MULTISPECIES: YjiH family protein [Staphylococcus]	100	96.3	5.67e-298
BAAHTS010000002.1_195|217683|219755|1|ID=1_195;partial=00;start_type=ATG;rbs_motif=GGAG/GAGG;rbs_spacer=5-10bp;gc_cont=0.374	WP_000943814.1 MULTISPECIES: YSIRK domain-containing triacylglycerol lipase Lip2/Geh [Staphylococcus]	100	99.9	0.0
BAAHTS010000002.1_196|219997|220824|-1|ID=1_196;partial=00;start_type=GTG;rbs_motif=AGGA/GGAG/GAGG;rbs_spacer=11-12bp;gc_cont=0.343	WP_000136014.1 MULTISPECIES: alpha/beta hydrolase [Staphylococcus]	100	99.6	5.39e-201
BAAHTS010000002.1_197|220897|222096|-1|ID=1_197;partial=00;start_type=ATG;rbs_motif=AGGA;rbs_spacer=5-10bp;gc_cont=0.395	WP_000286483.1 MULTISPECIES: NADH-dependent flavin oxidoreductase [Staphylococcus]	100	99.8	3.86e-293
BAAHTS010000002.1_198|222398|223399|1|ID=1_198;partial=00;start_type=TTG;rbs_motif=GGAG/GAGG;rbs_spacer=5-10bp;gc_cont=0.374	WP_000240058.1 MULTISPECIES: LLM class flavin-dependent oxidoreductase [Staphylococcus]	100	99.7	1.61e-238
BAAHTS010000002.1_199|223433|223765|1|ID=1_199;partial=00;start_type=ATG;rbs_motif=AGGA;rbs_spacer=5-10bp;gc_cont=0.363	WP_000731878.1 MULTISPECIES: glycine cleavage system protein H [Staphylococcus]	100	99.1	9.88e-71
BAAHTS010000002.1_200|223766|224566|1|ID=1_200;partial=00;start_type=ATG;rbs_motif=GGAG/GAGG;rbs_spacer=5-10bp;gc_cont=0.363	WP_000449060.1 MULTISPECIES: protein-ADP-ribose hydrolase [Staphylococcus]	100	99.6	7.60e-192
BAAHTS010000002.1_201|224556|225500|1|ID=1_201;partial=00;start_type=ATG;rbs_motif=AGGAG(G)/GGAGG;rbs_spacer=13-15bp;gc_cont=0.378	WP_117218887.1 SIR2 family NAD-dependent protein deacylase [Staphylococcus aureus]	100	99.7	3.46e-228
BAAHTS010000002.1_202|225478|226500|1|ID=1_202;partial=00;start_type=ATG;rbs_motif=GGAG/GAGG;rbs_spacer=5-10bp;gc_cont=0.340	WP_000280800.1 MULTISPECIES: lipoate--protein ligase [Staphylococcus]	100	99.7	2.81e-247
BAAHTS010000002.1_203|226816|227841|1|ID=1_203;partial=00;start_type=ATG;rbs_motif=AGGAG;rbs_spacer=5-10bp;gc_cont=0.354	WP_001060936.1 MULTISPECIES: SDR family oxidoreductase [Staphylococcus]	100	99.7	1.27e-239
BAAHTS010000002.1_204|227934|229280|-1|ID=1_204;partial=00;start_type=ATG;rbs_motif=AGGAG;rbs_spacer=5-10bp;gc_cont=0.382	WP_001147983.1 MULTISPECIES: PTS ascorbate transporter subunit IIC [Staphylococcus]	100	99.8	1.55e-301
BAAHTS010000002.1_205|229295|229579|-1|ID=1_205;partial=00;start_type=ATG;rbs_motif=AGGAG;rbs_spacer=5-10bp;gc_cont=0.351	WP_000699538.1 MULTISPECIES: PTS sugar transporter subunit IIB [Staphylococcus]	100	98.9	1.65e-57
BAAHTS010000002.1_206|229581|230024|-1|ID=1_206;partial=00;start_type=GTG;rbs_motif=AGGAG;rbs_spacer=5-10bp;gc_cont=0.354	WP_000050762.1 MULTISPECIES: PTS sugar transporter subunit IIA [Staphylococcus]	99.3	99.3	1.82e-95
BAAHTS010000002.1_207|230029|231984|-1|ID=1_207;partial=00;start_type=TTG;rbs_motif=AGGAG;rbs_spacer=5-10bp;gc_cont=0.344	WP_000954261.1 MULTISPECIES: BglG family transcription antiterminator [Staphylococcus]	100	99.8	0.0
BAAHTS010000002.1_208|232196|232615|1|ID=1_208;partial=00;start_type=ATG;rbs_motif=None;rbs_spacer=None;gc_cont=0.336	WP_000397416.1 MULTISPECIES: multidrug efflux transporter transcriptional repressor MepR [Staphylococcus]	100	99.3	1.47e-88
BAAHTS010000002.1_209|232722|234077|1|ID=1_209;partial=00;start_type=ATG;rbs_motif=AGGAG;rbs_spacer=5-10bp;gc_cont=0.331	WP_000651054.1 MULTISPECIES: multidrug efflux MATE transporter MepA [Staphylococcus]	100	99.8	2.28e-300
BAAHTS010000002.1_210|234184|234624|1|ID=1_210;partial=00;start_type=ATG;rbs_motif=GGA/GAG/AGG;rbs_spacer=5-10bp;gc_cont=0.288	WP_000278301.1 MULTISPECIES: MepB family protein [Staphylococcus]	100	99.3	5.90e-105
BAAHTS010000002.1_211|234707|236065|-1|ID=1_211;partial=00;start_type=ATG;rbs_motif=AGGAG;rbs_spacer=5-10bp;gc_cont=0.372	WP_001010111.1 MULTISPECIES: glycerol-3-phosphate transporter [Staphylococcus]	100	99.8	0.0
BAAHTS010000002.1_212|236314|237303|1|ID=1_212;partial=00;start_type=ATG;rbs_motif=GGA/GAG/AGG;rbs_spacer=5-10bp;gc_cont=0.336	WP_001028205.1 MULTISPECIES: VOC family protein [Staphylococcus]	100	93.3	3.28e-224
BAAHTS010000002.1_213|237317|238378|1|ID=1_213;partial=00;start_type=ATG;rbs_motif=AGGAG;rbs_spacer=5-10bp;gc_cont=0.369	WP_001096123.1 MULTISPECIES: LLM class flavin-dependent oxidoreductase [Staphylococcus]	100	99.7	1.30e-254
BAAHTS010000002.1_214|238392|238958|1|ID=1_214;partial=00;start_type=ATG;rbs_motif=AGGAG;rbs_spacer=5-10bp;gc_cont=0.337	WP_001028431.1 MULTISPECIES: NADPH-dependent FMN reductase [Staphylococcus]	100	99.5	1.90e-126
BAAHTS010000002.1_215|239018|240130|-1|ID=1_215;partial=00;start_type=ATG;rbs_motif=None;rbs_spacer=None;gc_cont=0.344	WP_000157643.1 MULTISPECIES: YeiH family protein [Staphylococcus]	100	89.2	3.87e-214
BAAHTS010000002.1_216|240318|240863|1|ID=1_216;partial=00;start_type=ATG;rbs_motif=GGAG/GAGG;rbs_spacer=5-10bp;gc_cont=0.350	WP_000467634.1 MULTISPECIES: GNAT family N-acetyltransferase [Staphylococcus]	100	99.5	4.04e-129
BAAHTS010000002.1_217|241130|241984|1|ID=1_217;partial=00;start_type=ATG;rbs_motif=GGAG/GAGG;rbs_spacer=5-10bp;gc_cont=0.305	WP_000737194.1 MULTISPECIES: iron uptake system protein EfeO [Staphylococcus]	100	99.6	2.94e-173
BAAHTS010000002.1_218|241981|243210|1|ID=1_218;partial=00;start_type=ATG;rbs_motif=None;rbs_spacer=None;gc_cont=0.372	WP_000186214.1 MULTISPECIES: iron uptake transporter deferrochelatase/peroxidase subunit [Staphylococcus]	100	99.8	3.64e-303
BAAHTS010000002.1_219|243191|244903|1|ID=1_219;partial=00;start_type=GTG;rbs_motif=GGAG/GAGG;rbs_spacer=5-10bp;gc_cont=0.339	WP_172576657.1 FTR1 family iron permease [Staphylococcus aureus]	100	99.8	0.0
BAAHTS010000002.1_220|244995|245696|-1|ID=1_220;partial=00;start_type=ATG;rbs_motif=None;rbs_spacer=None;gc_cont=0.336	WP_001566900.1 MULTISPECIES: twin-arginine translocase subunit TatC [Staphylococcus]	100	99.6	3.03e-152
BAAHTS010000002.1_221|245713|245928|-1|ID=1_221;partial=00;start_type=ATG;rbs_motif=GGAG/GAGG;rbs_spacer=5-10bp;gc_cont=0.361	WP_000632271.1 twin-arginine translocase TatA/TatE family subunit [Staphylococcus aureus]	100	98.6	1.06e-36
BAAHTS010000002.1_222|246036|246425|-1|ID=1_222;partial=00;start_type=ATG;rbs_motif=AGGAG;rbs_spacer=5-10bp;gc_cont=0.346	WP_000886013.1 MULTISPECIES: DUF1398 domain-containing protein [Staphylococcus]	100	99.2	6.70e-87
BAAHTS010000002.1_223|246665|246868|1|ID=1_223;partial=00;start_type=GTG;rbs_motif=AGGAG;rbs_spacer=5-10bp;gc_cont=0.397	WP_001246009.1 MULTISPECIES: helix-turn-helix transcriptional regulator [Staphylococcus]	100	98.5	1.89e-35
BAAHTS010000002.1_224|246865|247578|1|ID=1_224;partial=00;start_type=ATG;rbs_motif=AGGAG;rbs_spacer=5-10bp;gc_cont=0.315	WP_000698768.1 MULTISPECIES: DUF3169 family protein [Staphylococcus]	100	99.6	2.72e-141
BAAHTS010000002.1_225|247603|248445|1|ID=1_225;partial=00;start_type=ATG;rbs_motif=AGGAG;rbs_spacer=5-10bp;gc_cont=0.320	WP_000209553.1 MULTISPECIES: ABC transporter ATP-binding protein [Staphylococcus]	100	99.6	5.76e-194
BAAHTS010000002.1_226|248445|249074|1|ID=1_226;partial=00;start_type=ATG;rbs_motif=GGAG/GAGG;rbs_spacer=5-10bp;gc_cont=0.327	WP_000677725.1 MULTISPECIES: ABC-2 transporter permease [Staphylococcus]	100	99.5	8.56e-122
BAAHTS010000002.1_227|249464|250597|-1|ID=1_227;partial=00;start_type=ATG;rbs_motif=AGGAG;rbs_spacer=5-10bp;gc_cont=0.317	WP_000245682.1 MULTISPECIES: low temperature requirement protein A [Staphylococcus]	100	99.7	8.60e-263
BAAHTS010000002.1_228|251136|252317|1|ID=1_228;partial=00;start_type=ATG;rbs_motif=AGGA/GGAG/GAGG;rbs_spacer=11-12bp;gc_cont=0.386	WP_000199069.1 MULTISPECIES: acetyl-CoA C-acetyltransferase [Staphylococcus]	100	99.7	2.00e-276
BAAHTS010000002.1_229|252400|253152|-1|ID=1_229;partial=00;start_type=ATG;rbs_motif=None;rbs_spacer=None;gc_cont=0.371	WP_000195907.1 MULTISPECIES: cyclase family protein [Staphylococcus]	100	99.6	3.36e-187
BAAHTS010000002.1_230|253195|255423|-1|ID=1_230;partial=00;start_type=ATG;rbs_motif=AGGAG;rbs_spacer=5-10bp;gc_cont=0.344	WP_000207619.1 MULTISPECIES: 5-methyltetrahydropteroyltriglutamate--homocysteine S-methyltransferase [Staphylococcus]	99.9	99.9	0.0
BAAHTS010000002.1_231|255420|257261|-1|ID=1_231;partial=00;start_type=ATG;rbs_motif=AGGAG;rbs_spacer=5-10bp;gc_cont=0.363	WP_000077320.1 MULTISPECIES: bifunctional homocysteine S-methyltransferase/methylenetetrahydrofolate reductase [Staphylococcus]	100	99.8	0.0
BAAHTS010000002.1_232|257230|258390|-1|ID=1_232;partial=00;start_type=ATG;rbs_motif=GGAG/GAGG;rbs_spacer=5-10bp;gc_cont=0.380	WP_000175854.1 MULTISPECIES: cystathionine beta-lyase MetC [Staphylococcus]	100	99.7	1.35e-275
BAAHTS010000002.1_233|258387|259490|-1|ID=1_233;partial=00;start_type=ATG;rbs_motif=AGGAG;rbs_spacer=5-10bp;gc_cont=0.359	WP_000655703.1 MULTISPECIES: aminotransferase class I/II-fold pyridoxal phosphate-dependent enzyme [Staphylococcus]	100	99.7	2.66e-261
BAAHTS010000002.1_235|260154|260999|1|ID=1_235;partial=00;start_type=GTG;rbs_motif=None;rbs_spacer=None;gc_cont=0.337	WP_001566903.1 MULTISPECIES: ParB/RepB/Spo0J family partition protein [Staphylococcus]	100	99.6	1.57e-187
BAAHTS010000002.1_236|261156|262037|1|ID=1_236;partial=00;start_type=ATG;rbs_motif=AGGA/GGAG/GAGG;rbs_spacer=11-12bp;gc_cont=0.306	WP_001077602.1 MULTISPECIES: mechanosensitive ion channel family protein [Staphylococcus]	100	99.7	4.03e-150
BAAHTS010000002.1_237|262067|262270|1|ID=1_237;partial=00;start_type=ATG;rbs_motif=GGAG/GAGG;rbs_spacer=5-10bp;gc_cont=0.294	WP_000157345.1 MULTISPECIES: DUF951 domain-containing protein [Staphylococcus]	100	98.5	1.48e-41
BAAHTS010000002.1_238|262282|263379|1|ID=1_238;partial=00;start_type=ATG;rbs_motif=AGGAG;rbs_spacer=5-10bp;gc_cont=0.352	WP_001218732.1 MULTISPECIES: redox-regulated ATPase YchF [Staphylococcus]	100	99.7	2.44e-256
BAAHTS010000002.1_239|263465|263656|-1|ID=1_239;partial=00;start_type=ATG;rbs_motif=GGAG/GAGG;rbs_spacer=5-10bp;gc_cont=0.323	WP_001052483.1 MULTISPECIES: hypothetical protein [Staphylococcus]	100	98.4	9.23e-41
BAAHTS010000002.1_240|263900|264196|1|ID=1_240;partial=00;start_type=ATG;rbs_motif=AGGAG(G)/GGAGG;rbs_spacer=13-15bp;gc_cont=0.384	WP_001261460.1 MULTISPECIES: 30S ribosomal protein S6 [Bacteria]	100	99.0	3.52e-63
BAAHTS010000002.1_241|264217|264720|1|ID=1_241;partial=00;start_type=ATG;rbs_motif=GGAG/GAGG;rbs_spacer=5-10bp;gc_cont=0.381	WP_061839556.1 single-stranded DNA-binding protein [Staphylococcus aureus]	91.6	99.4	1.08e-99
BAAHTS010000002.1_242|264772|265014|1|ID=1_242;partial=00;start_type=ATG;rbs_motif=AGGAG;rbs_spacer=5-10bp;gc_cont=0.370	WP_000897044.1 MULTISPECIES: 30S ribosomal protein S18 [Bacteria]	100	98.8	3.02e-49
BAAHTS010000002.1_243|265280|266272|-1|ID=1_243;partial=00;start_type=ATG;rbs_motif=None;rbs_spacer=None;gc_cont=0.284	WP_072419886.1 MULTISPECIES: Abi family protein [Staphylococcus]	100	94.3	9.74e-225
BAAHTS010000002.1_244|266552|266680|-1|ID=1_244;partial=00;start_type=ATG;rbs_motif=GGA/GAG/AGG;rbs_spacer=5-10bp;gc_cont=0.380	WP_326024596.1 tyrosine-type recombinase/integrase [Staphylococcus saprophyticus]	79.4	79.1	5.24e-06
BAAHTS010000002.1_245|266677|266817|-1|ID=1_245;partial=00;start_type=ATG;rbs_motif=None;rbs_spacer=None;gc_cont=0.326	WP_000237577.1 integrase [Staphylococcus aureus]	100	97.9	1.48e-24
BAAHTS010000002.1_246|267177|267788|1|ID=1_246;partial=00;start_type=ATG;rbs_motif=AGGAG;rbs_spacer=5-10bp;gc_cont=0.302	WP_000473941.1 exotoxin beta-grasp domain-containing protein [Staphylococcus aureus]	100	99.5	1.13e-139
BAAHTS010000002.1_248|268157|268558|1|ID=1_248;partial=00;start_type=TTG;rbs_motif=GGAG/GAGG;rbs_spacer=5-10bp;gc_cont=0.316	WP_000849170.1 MULTISPECIES: YxeA family protein [unclassified Staphylococcus]	100	99.3	1.82e-86
BAAHTS010000002.1_249|268673|269278|1|ID=1_249;partial=00;start_type=ATG;rbs_motif=None;rbs_spacer=None;gc_cont=0.310	WP_000769722.1 MULTISPECIES: PepSY domain-containing protein [Staphylococcus]	100	94.1	9.10e-122
BAAHTS010000002.1_250|269416|269679|-1|ID=1_250;partial=00;start_type=ATG;rbs_motif=GGAG/GAGG;rbs_spacer=5-10bp;gc_cont=0.295	WP_001055897.1 MULTISPECIES: helix-turn-helix domain-containing protein [Staphylococcus]	100	98.9	1.21e-58
BAAHTS010000002.1_251|269973|270224|1|ID=1_251;partial=00;start_type=ATG;rbs_motif=AGGAG;rbs_spacer=5-10bp;gc_cont=0.365	WP_000466739.1 MULTISPECIES: GlsB/YeaQ/YmgE family stress response membrane protein [Staphylococcus]	100	98.8	3.61e-38
BAAHTS010000002.1_252|270263|270472|-1|ID=1_252;partial=00;start_type=ATG;rbs_motif=None;rbs_spacer=None;gc_cont=0.271	WP_000211676.1 MULTISPECIES: hypothetical protein [Staphylococcus]	100	98.6	5.93e-42
BAAHTS010000002.1_253|270650|271231|1|ID=1_253;partial=00;start_type=ATG;rbs_motif=AGGAG;rbs_spacer=5-10bp;gc_cont=0.321	WP_000158375.1 MULTISPECIES: histidine phosphatase family protein [Staphylococcus]	100	99.5	1.50e-139
BAAHTS010000002.1_254|271297|271683|-1|ID=1_254;partial=00;start_type=ATG;rbs_motif=AGGA;rbs_spacer=5-10bp;gc_cont=0.313	WP_000868260.1 MULTISPECIES: hypothetical protein [Staphylococcus]	100	98.4	4.75e-75
BAAHTS010000002.1_255|271935|272561|-1|ID=1_255;partial=00;start_type=ATG;rbs_motif=AGGA/GGAG/GAGG;rbs_spacer=11-12bp;gc_cont=0.306	WP_000746680.1 MULTISPECIES: NDxxF motif lipoprotein [Staphylococcus]	100	99.5	1.07e-135
BAAHTS010000002.1_256|272634|274244|-1|ID=1_256;partial=00;start_type=ATG;rbs_motif=GGAG/GAGG;rbs_spacer=5-10bp;gc_cont=0.298	WP_000887776.1 MULTISPECIES: hypothetical protein [Staphylococcus]	100	99.8	0.0
BAAHTS010000002.1_257|274359|275882|-1|ID=1_257;partial=00;start_type=ATG;rbs_motif=AGGAGG;rbs_spacer=5-10bp;gc_cont=0.379	WP_000930514.1 MULTISPECIES: alkyl hydroperoxide reductase subunit F [Staphylococcus]	100	99.8	0.0
BAAHTS010000002.1_258|275898|276467|-1|ID=1_258;partial=00;start_type=ATG;rbs_motif=AGGAG;rbs_spacer=5-10bp;gc_cont=0.370	WP_000052781.1 MULTISPECIES: alkyl hydroperoxide reductase subunit C [Staphylococcus]	100	99.5	3.05e-137
BAAHTS010000002.1_259|276908|277714|1|ID=1_259;partial=00;start_type=TTG;rbs_motif=GGA/GAG/AGG;rbs_spacer=5-10bp;gc_cont=0.372	WP_001797637.1 oxygen-insensitive NADPH nitroreductase [Staphylococcus aureus]	98.8	94.4	4.62e-177
BAAHTS010000002.1_260|277795|279183|-1|ID=1_260;partial=00;start_type=ATG;rbs_motif=AGGAG;rbs_spacer=5-10bp;gc_cont=0.393	WP_000991017.1 MULTISPECIES: L-cystine transporter [Staphylococcus]	100	99.8	3.71e-307
BAAHTS010000002.1_261|280284|281240|-1|ID=1_261;partial=00;start_type=ATG;rbs_motif=AGGA;rbs_spacer=5-10bp;gc_cont=0.375	WP_368410550.1 hypothetical protein [Staphylococcus aureus]	100	99.7	1.18e-133
BAAHTS010000002.1_262|281358|282020|-1|ID=1_262;partial=00;start_type=ATG;rbs_motif=GGAG/GAGG;rbs_spacer=5-10bp;gc_cont=0.302	WP_000394698.1 MULTISPECIES: hypothetical protein [Staphylococcus]	100	99.5	8.20e-155
BAAHTS010000002.1_263|282163|282570|-1|ID=1_263;partial=00;start_type=ATG;rbs_motif=GGA/GAG/AGG;rbs_spacer=5-10bp;gc_cont=0.328	WP_000763768.1 MULTISPECIES: general stress protein [Staphylococcus]	100	99.3	1.81e-87
BAAHTS010000002.1_264|283083|283661|1|ID=1_264;partial=00;start_type=GTG;rbs_motif=AGGAG;rbs_spacer=5-10bp;gc_cont=0.358	WP_000421410.1 MULTISPECIES: xanthine phosphoribosyltransferase [Staphylococcus]	100	99.5	5.64e-130
BAAHTS010000002.1_265|283661|284929|1|ID=1_265;partial=00;start_type=ATG;rbs_motif=GGAG/GAGG;rbs_spacer=5-10bp;gc_cont=0.356	WP_000793023.1 MULTISPECIES: xanthine permease PbuX [Staphylococcus]	100	99.8	5.49e-291
BAAHTS010000002.1_266|284967|286433|1|ID=1_266;partial=00;start_type=ATG;rbs_motif=GGAG/GAGG;rbs_spacer=5-10bp;gc_cont=0.378	WP_000264071.1 MULTISPECIES: IMP dehydrogenase [Staphylococcus]	100	99.8	0.0
BAAHTS010000002.1_267|286458|287999|1|ID=1_267;partial=00;start_type=ATG;rbs_motif=AGGAG;rbs_spacer=5-10bp;gc_cont=0.372	WP_000424968.1 MULTISPECIES: glutamine-hydrolyzing GMP synthase [Staphylococcus]	100	99.8	0.0
BAAHTS010000002.1_268|288463|289617|1|ID=1_268;partial=00;start_type=ATG;rbs_motif=None;rbs_spacer=None;gc_cont=0.248	WP_001793186.1 Abi family protein [Staphylococcus aureus]	100	99.7	2.65e-281
BAAHTS010000002.1_269|290243|290635|-1|ID=1_269;partial=00;start_type=ATG;rbs_motif=AGGAG;rbs_spacer=5-10bp;gc_cont=0.270	WP_000888757.1 MULTISPECIES: hypothetical protein [Staphylococcus]	100	99.2	1.99e-84
BAAHTS010000002.1_270|290657|291136|-1|ID=1_270;partial=00;start_type=ATG;rbs_motif=AGGA/GGAG/GAGG;rbs_spacer=11-12bp;gc_cont=0.350	WP_000704946.1 MULTISPECIES: hypothetical protein [Staphylococcus]	100	99.4	1.51e-102
BAAHTS010000002.1_272|292062|292394|1|ID=1_272;partial=00;start_type=GTG;rbs_motif=AGGAG;rbs_spacer=5-10bp;gc_cont=0.426	WP_000212549.1 hypothetical protein [Staphylococcus aureus]	100	99.1	5.67e-52
BAAHTS010000002.1_273|292413|292613|1|ID=1_273;partial=00;start_type=ATG;rbs_motif=AGGAG;rbs_spacer=5-10bp;gc_cont=0.229	WP_259339051.1 DegT/DnrJ/EryC1/StrS family aminotransferase [Staphylococcus arlettae]	58.5	61.2	4.72e-05
BAAHTS010000002.1_274|292995|293273|-1|ID=1_274;partial=00;start_type=ATG;rbs_motif=None;rbs_spacer=None;gc_cont=0.297	WP_233146474.1 hypothetical protein, partial [Staphylococcus aureus]	100	79.6	5.50e-45
BAAHTS010000002.1_275|293499|295325|1|ID=1_275;partial=00;start_type=ATG;rbs_motif=AGGAG;rbs_spacer=5-10bp;gc_cont=0.269	WP_117201018.1 DUF262 domain-containing protein [Staphylococcus aureus]	100	99.8	0.0
BAAHTS010000002.1_276|295193|295561|-1|ID=1_276;partial=00;start_type=GTG;rbs_motif=None;rbs_spacer=None;gc_cont=0.257	WP_144531591.1 transposase, partial [Bacillus subtilis]	83.3	29.3	4.05e-10
BAAHTS010000002.1_277|295863|296285|-1|ID=1_277;partial=00;start_type=ATG;rbs_motif=GGA/GAG/AGG;rbs_spacer=11-12bp;gc_cont=0.253	WP_000843946.1 MULTISPECIES: hypothetical protein [Staphylococcus]	100	99.3	2.44e-92
BAAHTS010000002.1_278|296609|297157|-1|ID=1_278;partial=00;start_type=ATG;rbs_motif=None;rbs_spacer=None;gc_cont=0.282	WP_410202676.1 hypothetical protein, partial [Staphylococcus aureus]	100	54.1	5.01e-62
BAAHTS010000002.1_279|297138|297290|-1|ID=1_279;partial=00;start_type=ATG;rbs_motif=AGGAG;rbs_spacer=5-10bp;gc_cont=0.261	WP_000248840.1 MULTISPECIES: hypothetical protein [Staphylococcus]	100	98.0	2.11e-27
BAAHTS010000002.1_280|297653|298060|1|ID=1_280;partial=00;start_type=ATG;rbs_motif=AGGAG;rbs_spacer=5-10bp;gc_cont=0.289	WP_117222506.1 DUF2992 family protein [Staphylococcus aureus]	95.6	99.3	2.02e-59
BAAHTS010000002.1_281|298107|298589|1|ID=1_281;partial=00;start_type=ATG;rbs_motif=GGA/GAG/AGG;rbs_spacer=5-10bp;gc_cont=0.321	WP_000600865.1 MULTISPECIES: DUF523 domain-containing protein [Staphylococcus]	100	99.4	8.44e-114
BAAHTS010000002.1_282|298789|299478|1|ID=1_282;partial=00;start_type=ATG;rbs_motif=AGGAG;rbs_spacer=5-10bp;gc_cont=0.284	WP_000416469.1 MULTISPECIES: NYN domain-containing protein [Staphylococcus]	100	99.6	5.53e-162
BAAHTS010000002.1_283|299737|300096|-1|ID=1_283;partial=00;start_type=GTG;rbs_motif=AGGAG;rbs_spacer=5-10bp;gc_cont=0.319	WP_001021621.1 MULTISPECIES: DUF1304 domain-containing protein [Staphylococcus]	100	99.2	8.13e-72
BAAHTS010000002.1_284|300115|300960|-1|ID=1_284;partial=00;start_type=ATG;rbs_motif=AGGAG;rbs_spacer=5-10bp;gc_cont=0.356	WP_001024374.1 MULTISPECIES: SDR family oxidoreductase [Staphylococcus]	100	99.6	1.32e-204
BAAHTS010000002.1_285|301432|302112|1|ID=1_285;partial=00;start_type=ATG;rbs_motif=None;rbs_spacer=None;gc_cont=0.298	WP_000669009.1 MULTISPECIES: superantigen-like protein SSL1 [Staphylococcus]	100	99.6	7.84e-156
BAAHTS010000002.1_286|302398|303093|1|ID=1_286;partial=00;start_type=ATG;rbs_motif=GGAG/GAGG;rbs_spacer=5-10bp;gc_cont=0.295	WP_000782839.1 MULTISPECIES: superantigen-like protein SSL2 [Staphylococcus]	100	99.6	1.07e-160
BAAHTS010000002.1_287|303384|304454|1|ID=1_287;partial=00;start_type=ATG;rbs_motif=GGAG/GAGG;rbs_spacer=5-10bp;gc_cont=0.345	WP_000784029.1 MULTISPECIES: superantigen-like protein SSL3 [Staphylococcus]	100	99.7	4.09e-186
BAAHTS010000002.1_288|304819|305715|1|ID=1_288;partial=00;start_type=ATG;rbs_motif=GGAG/GAGG;rbs_spacer=5-10bp;gc_cont=0.336	WP_117201020.1 superantigen-like protein SSL4 [Staphylococcus aureus]	100	99.7	4.53e-161
BAAHTS010000002.1_289|306079|306783|1|ID=1_289;partial=00;start_type=ATG;rbs_motif=GGAG/GAGG;rbs_spacer=5-10bp;gc_cont=0.319	WP_000781345.1 MULTISPECIES: superantigen-like protein SSL5 [Staphylococcus]	100	99.6	6.22e-166
BAAHTS010000002.1_290|307229|307927|1|ID=1_290;partial=00;start_type=ATG;rbs_motif=GGAG/GAGG;rbs_spacer=5-10bp;gc_cont=0.295	WP_000767929.1 MULTISPECIES: superantigen-like protein SSL6 [Staphylococcus]	100	99.6	3.71e-157
BAAHTS010000002.1_291|308349|309044|1|ID=1_291;partial=00;start_type=GTG;rbs_motif=GGAG/GAGG;rbs_spacer=5-10bp;gc_cont=0.303	WP_000769837.1 MULTISPECIES: superantigen-like protein SSL7 [Staphylococcus]	100	99.6	2.42e-157
BAAHTS010000002.1_292|309383|310081|1|ID=1_292;partial=00;start_type=ATG;rbs_motif=GGAG/GAGG;rbs_spacer=5-10bp;gc_cont=0.285	WP_000673035.1 MULTISPECIES: superantigen-like protein SSL8 [Staphylococcus]	100	99.6	1.84e-157
BAAHTS010000002.1_293|310460|311158|1|ID=1_293;partial=00;start_type=ATG;rbs_motif=GGAG/GAGG;rbs_spacer=5-10bp;gc_cont=0.289	WP_000673059.1 MULTISPECIES: superantigen-like protein SSL9 [Staphylococcus]	100	99.6	1.30e-157
BAAHTS010000002.1_294|311517|312200|1|ID=1_294;partial=00;start_type=ATG;rbs_motif=GGAG/GAGG;rbs_spacer=5-10bp;gc_cont=0.295	WP_000778477.1 MULTISPECIES: superantigen-like protein SSL10 [Staphylococcus]	100	99.6	2.83e-154
BAAHTS010000002.1_295|312462|314018|1|ID=1_295;partial=00;start_type=ATG;rbs_motif=GGAG/GAGG;rbs_spacer=5-10bp;gc_cont=0.379	WP_000028602.1 type I restriction-modification system subunit M [Staphylococcus aureus]	100	99.8	0.0
BAAHTS010000002.1_296|314011|315270|1|ID=1_296;partial=00;start_type=ATG;rbs_motif=None;rbs_spacer=None;gc_cont=0.288	WP_117218904.1 restriction endonuclease subunit S [Staphylococcus aureus]	100	99.8	4.94e-297
BAAHTS010000002.1_297|315676|316368|1|ID=1_297;partial=00;start_type=ATG;rbs_motif=GGAG/GAGG;rbs_spacer=5-10bp;gc_cont=0.302	WP_000769141.1 MULTISPECIES: superantigen-like protein SSL11 [Staphylococcus]	100	99.6	3.72e-156
BAAHTS010000002.1_298|316390|317892|1|ID=1_298;partial=00;start_type=ATG;rbs_motif=GGAG/GAGG;rbs_spacer=5-10bp;gc_cont=0.323	WP_001208892.1 MULTISPECIES: FKLRK protein [Staphylococcus]	100	99.8	0.0
BAAHTS010000002.1_299|317999|318307|-1|ID=1_299;partial=00;start_type=ATG;rbs_motif=AGGAG;rbs_spacer=5-10bp;gc_cont=0.333	WP_000669524.1 MULTISPECIES: myeloperoxidase inhibitor SPIN [Staphylococcus]	100	99.0	2.84e-64
BAAHTS010000002.1_300|318643|319086|1|ID=1_300;partial=00;start_type=ATG;rbs_motif=GGA/GAG/AGG;rbs_spacer=5-10bp;gc_cont=0.293	WP_148710352.1 tandem-type lipoprotein, partial [Staphylococcus aureus]	96.3	90.5	1.07e-87
BAAHTS010000002.1_301|319092|319454|1|ID=1_301;partial=00;start_type=TTG;rbs_motif=None;rbs_spacer=None;gc_cont=0.262	WP_162674377.1 Csa1 family protein, partial [Staphylococcus aureus]	98.3	99.2	4.03e-69
BAAHTS010000002.1_302|319502|320272|1|ID=1_302;partial=00;start_type=ATG;rbs_motif=GGA/GAG/AGG;rbs_spacer=5-10bp;gc_cont=0.298	WP_000540916.1 MULTISPECIES: tandem-type lipoprotein Lpl5 [Staphylococcus]	100	99.6	5.35e-187
BAAHTS010000002.1_303|320304|321095|1|ID=1_303;partial=00;start_type=ATG;rbs_motif=GGA/GAG/AGG;rbs_spacer=5-10bp;gc_cont=0.307	WP_000456136.1 MULTISPECIES: tandem-type lipoprotein [Staphylococcus]	100	99.6	7.56e-186
BAAHTS010000002.1_304|321147|321944|1|ID=1_304;partial=00;start_type=ATG;rbs_motif=GGA/GAG/AGG;rbs_spacer=5-10bp;gc_cont=0.299	WP_000540315.1 MULTISPECIES: tandem-type lipoprotein [Staphylococcus]	100	99.6	1.20e-183
BAAHTS010000002.1_305|322078|322938|1|ID=1_305;partial=00;start_type=ATG;rbs_motif=None;rbs_spacer=None;gc_cont=0.287	WP_014936986.1 MULTISPECIES: tandem-type lipoprotein [Staphylococcus]	100	94.1	3.28e-190
BAAHTS010000002.1_306|322928|324253|1|ID=1_306;partial=00;start_type=ATG;rbs_motif=GGA/GAG/AGG;rbs_spacer=5-10bp;gc_cont=0.300	WP_000653711.1 MULTISPECIES: membrane protein [Staphylococcus]	100	99.8	1.02e-307
BAAHTS010000002.1_307|324250|324573|1|ID=1_307;partial=00;start_type=ATG;rbs_motif=GGA/GAG/AGG;rbs_spacer=5-10bp;gc_cont=0.269	WP_000971498.1 MULTISPECIES: hypothetical protein [Staphylococcus]	100	99.1	2.03e-64
BAAHTS010000002.1_308|324592|324906|1|ID=1_308;partial=00;start_type=ATG;rbs_motif=AGGAG;rbs_spacer=5-10bp;gc_cont=0.330	WP_000172545.1 MULTISPECIES: hypothetical protein [Staphylococcus]	100	99.0	3.41e-66
BAAHTS010000002.1_309|325190|325384|-1|ID=1_309;partial=00;start_type=ATG;rbs_motif=GGAG/GAGG;rbs_spacer=5-10bp;gc_cont=0.303	WP_072419840.1 MULTISPECIES: hypothetical protein [Staphylococcus]	100	98.5	5.33e-31
BAAHTS010000002.1_310|325582|326784|1|ID=1_310;partial=00;start_type=ATG;rbs_motif=GGAG/GAGG;rbs_spacer=5-10bp;gc_cont=0.372	WP_001062985.1 MULTISPECIES: GTP-binding protein [Staphylococcus]	100	99.8	5.00e-285
BAAHTS010000002.1_311|328369|329853|1|ID=1_311;partial=00;start_type=GTG;rbs_motif=AGGAG;rbs_spacer=5-10bp;gc_cont=0.372	WP_000948299.1 MULTISPECIES: NADH dehydrogenase subunit 5 [Staphylococcus]	100	99.8	0.0
BAAHTS010000002.1_312|329866|332571|1|ID=1_312;partial=00;start_type=ATG;rbs_motif=AGGAG;rbs_spacer=5-10bp;gc_cont=0.387	WP_000211536.1 MULTISPECIES: DUF2309 domain-containing protein [Staphylococcus]	100	99.9	0.0
BAAHTS010000002.1_313|332733|333095|1|ID=1_313;partial=00;start_type=ATG;rbs_motif=GGAG/GAGG;rbs_spacer=5-10bp;gc_cont=0.336	WP_000831495.1 MULTISPECIES: DUF2294 domain-containing protein [Staphylococcus]	100	99.2	2.82e-77
BAAHTS010000002.1_314|333324|333740|-1|ID=1_314;partial=00;start_type=ATG;rbs_motif=None;rbs_spacer=None;gc_cont=0.266	WP_001789536.1 MULTISPECIES: hypothetical protein [Staphylococcus]	100	99.3	2.76e-88
BAAHTS010000002.1_315|333778|334452|1|ID=1_315;partial=00;start_type=ATG;rbs_motif=AGGAG;rbs_spacer=5-10bp;gc_cont=0.342	WP_000565820.1 MULTISPECIES: phosphatase PAP2 family protein [Staphylococcus]	100	99.6	9.16e-154
BAAHTS010000002.1_316|334489|335223|1|ID=1_316;partial=00;start_type=ATG;rbs_motif=AGGA/GGAG/GAGG;rbs_spacer=11-12bp;gc_cont=0.341	WP_001220807.1 MULTISPECIES: alpha/beta hydrolase [Staphylococcus]	100	99.6	1.04e-178
BAAHTS010000002.1_317|335401|335514|1|ID=1_317;partial=00;start_type=ATG;rbs_motif=None;rbs_spacer=None;gc_cont=0.447	WP_000510434.1 MULTISPECIES: hypothetical protein [Staphylococcus]	100	97.4	2.30e-19
BAAHTS010000002.1_318|335676|337016|1|ID=1_318;partial=00;start_type=ATG;rbs_motif=AGGAG;rbs_spacer=5-10bp;gc_cont=0.348	WP_000828722.1 MULTISPECIES: sodium-dependent transporter [Staphylococcus]	100	99.6	1.98e-305
BAAHTS010000002.1_319|337182|338138|1|ID=1_319;partial=00;start_type=ATG;rbs_motif=None;rbs_spacer=None;gc_cont=0.390	WP_078171451.1 PLP-dependent cysteine synthase family protein [Staphylococcus aureus]	99.7	96.6	2.02e-222
BAAHTS010000002.1_320|338131|339273|1|ID=1_320;partial=00;start_type=ATG;rbs_motif=AGGAG;rbs_spacer=5-10bp;gc_cont=0.360	WP_001036667.1 MULTISPECIES: bifunctional cystathionine gamma-lyase/homocysteine desulfhydrase [Staphylococcus]	100	99.7	4.82e-266
BAAHTS010000002.1_321|339570|340595|1|ID=1_321;partial=00;start_type=ATG;rbs_motif=AGGAG;rbs_spacer=5-10bp;gc_cont=0.350	WP_000569289.1 MULTISPECIES: methionine ABC transporter ATP-binding protein [Staphylococcus]	100	99.7	2.46e-237
BAAHTS010000002.1_322|340599|341258|1|ID=1_322;partial=00;start_type=ATG;rbs_motif=AGGA/GGAG/GAGG;rbs_spacer=11-12bp;gc_cont=0.365	WP_000467991.1 MULTISPECIES: methionine ABC transporter permease [Staphylococcus]	100	99.5	3.92e-132
BAAHTS010000002.1_323|341295|342137|1|ID=1_323;partial=00;start_type=ATG;rbs_motif=AGGA;rbs_spacer=5-10bp;gc_cont=0.333	WP_000825528.1 MULTISPECIES: dipeptide ABC transporter glycylmethionine-binding lipoprotein [Staphylococcus]	100	99.6	6.17e-189
BAAHTS010000002.1_324|342469|343473|1|ID=1_324;partial=00;start_type=GTG;rbs_motif=AGGAG;rbs_spacer=5-10bp;gc_cont=0.365	WP_001170264.1 MULTISPECIES: autolysin/adhesin Aaa [Staphylococcus]	100	99.7	7.26e-231
BAAHTS010000002.1_325|343658|343927|-1|ID=1_325;partial=00;start_type=ATG;rbs_motif=GGA/GAG/AGG;rbs_spacer=5-10bp;gc_cont=0.326	WP_001129473.1 MULTISPECIES: hypothetical protein [Staphylococcus]	100	98.9	9.14e-55
BAAHTS010000002.1_326|344076|344471|1|ID=1_326;partial=00;start_type=ATG;rbs_motif=None;rbs_spacer=None;gc_cont=0.341	WP_000588530.1 MULTISPECIES: NUDIX hydrolase [Staphylococcus]	100	99.2	9.84e-90
BAAHTS010000002.1_327|344449|344946|1|ID=1_327;partial=00;start_type=ATG;rbs_motif=GGA/GAG/AGG;rbs_spacer=5-10bp;gc_cont=0.361	WP_000183668.1 MULTISPECIES: GNAT family N-acetyltransferase [Staphylococcus]	100	97.0	8.83e-113
BAAHTS010000002.1_328|345115|345897|-1|ID=1_328;partial=00;start_type=ATG;rbs_motif=AGGAG;rbs_spacer=5-10bp;gc_cont=0.330	WP_000994681.1 MULTISPECIES: YibE/F family protein [Staphylococcus]	100	99.6	6.80e-167
BAAHTS010000002.1_329|345894|347006|-1|ID=1_329;partial=00;start_type=TTG;rbs_motif=None;rbs_spacer=None;gc_cont=0.335	WP_256927382.1 YibE/F family protein, partial [Staphylococcus aureus]	99.7	99.7	2.82e-251
BAAHTS010000002.1_330|347127|348011|-1|ID=1_330;partial=00;start_type=ATG;rbs_motif=AGGAG(G)/GGAGG;rbs_spacer=13-15bp;gc_cont=0.333	WP_000403911.1 MULTISPECIES: glutamate biosynthesis transcriptional regulator GltC [Staphylococcus]	100	99.7	9.70e-209
BAAHTS010000002.1_331|348192|351116|1|ID=1_331;partial=00;start_type=ATG;rbs_motif=GGA/GAG/AGG;rbs_spacer=5-10bp;gc_cont=0.380	WP_374731230.1 glutamate synthase large subunit [Staphylococcus aureus]	100	99.9	0.0
BAAHTS010000002.1_332|351219|352691|1|ID=1_332;partial=00;start_type=GTG;rbs_motif=None;rbs_spacer=None;gc_cont=0.371	WP_368545838.1 glutamate synthase large subunit [Staphylococcus aureus]	99.8	99.8	0.0
BAAHTS010000002.1_333|352709|354172|1|ID=1_333;partial=00;start_type=ATG;rbs_motif=GGAG/GAGG;rbs_spacer=5-10bp;gc_cont=0.383	WP_000503583.1 MULTISPECIES: glutamate synthase subunit beta [Staphylococcus]	100	99.8	0.0
BAAHTS010000002.1_334|355003|356430|1|ID=1_334;partial=00;start_type=ATG;rbs_motif=GGAG/GAGG;rbs_spacer=5-10bp;gc_cont=0.375	WP_000279365.1 MULTISPECIES: PTS system trehalose-specific EIIBC component [Staphylococcus]	100	99.8	0.0
BAAHTS010000002.1_335|356494|358134|1|ID=1_335;partial=00;start_type=GTG;rbs_motif=GGA/GAG/AGG;rbs_spacer=5-10bp;gc_cont=0.364	WP_000031502.1 MULTISPECIES: alpha,alpha-phosphotrehalase [Staphylococcus]	100	99.8	0.0
BAAHTS010000002.1_336|358159|358887|1|ID=1_336;partial=00;start_type=ATG;rbs_motif=GGA/GAG/AGG;rbs_spacer=5-10bp;gc_cont=0.339	WP_001118675.1 MULTISPECIES: trehalose operon repressor [Staphylococcus]	100	99.6	3.17e-163
BAAHTS010000002.1_337|359530|360054|1|ID=1_337;partial=00;start_type=ATG;rbs_motif=GGAG/GAGG;rbs_spacer=5-10bp;gc_cont=0.330	WP_001167822.1 MULTISPECIES: GNAT family N-acetyltransferase [Staphylococcus]	100	99.4	7.33e-124
BAAHTS010000002.1_338|360123|361820|1|ID=1_338;partial=00;start_type=TTG;rbs_motif=GGAG/GAGG;rbs_spacer=5-10bp;gc_cont=0.361	WP_001109036.1 MULTISPECIES: DNA polymerase III subunit gamma/tau [Staphylococcus]	100	99.8	0.0
BAAHTS010000002.1_339|361910|362227|1|ID=1_339;partial=00;start_type=ATG;rbs_motif=AGGAG;rbs_spacer=5-10bp;gc_cont=0.396	WP_001213992.1 MULTISPECIES: YbaB/EbfC family nucleoid-associated protein [Staphylococcus]	100	99.1	6.84e-53
BAAHTS010000002.1_340|362234|362830|1|ID=1_340;partial=00;start_type=ATG;rbs_motif=GGA/GAG/AGG;rbs_spacer=11-12bp;gc_cont=0.363	WP_000559156.1 MULTISPECIES: recombination mediator RecR [Staphylococcus]	100	99.5	3.81e-140
