BAAHTB010000001.1_1|1|318|-1|ID=1_1;partial=00;start_type=ATG;rbs_motif=GGAG/GAGG;rbs_spacer=5-10bp;gc_cont=0.346	WP_000659050.1 MULTISPECIES: JAB domain-containing protein [Staphylococcus]	100	99.1	2.21e-67
BAAHTB010000001.1_2|339|845|-1|ID=1_2;partial=00;start_type=ATG;rbs_motif=None;rbs_spacer=None;gc_cont=0.361	WP_001092169.1 MULTISPECIES: DUF1643 domain-containing protein [Staphylococcus]	100	99.4	9.72e-117
BAAHTB010000001.1_3|863|1174|-1|ID=1_3;partial=00;start_type=ATG;rbs_motif=GGAG/GAGG;rbs_spacer=5-10bp;gc_cont=0.321	WP_000700853.1 MULTISPECIES: DUF960 family protein [Staphylococcus]	100	99.0	5.68e-69
BAAHTB010000001.1_4|1261|1611|-1|ID=1_4;partial=00;start_type=ATG;rbs_motif=AGGAG;rbs_spacer=5-10bp;gc_cont=0.348	WP_000859155.1 MULTISPECIES: SAUGI family uracil-DNA glycosylase inhibitor [Staphylococcus]	100	99.1	8.89e-79
BAAHTB010000001.1_5|2129|3757|-1|ID=1_5;partial=00;start_type=ATG;rbs_motif=AGGA;rbs_spacer=5-10bp;gc_cont=0.351	WP_001186602.1 MULTISPECIES: cassette chromosome recombinase CcrB [Staphylococcus]	100	99.8	0.0
BAAHTB010000001.1_6|3779|5128|-1|ID=1_6;partial=00;start_type=ATG;rbs_motif=AGGAG;rbs_spacer=5-10bp;gc_cont=0.347	WP_000815646.1 MULTISPECIES: cassette chromosome recombinase CcrA [Staphylococcus]	100	99.8	0.0
BAAHTB010000001.1_7|5362|7155|-1|ID=1_7;partial=00;start_type=ATG;rbs_motif=AGGAG;rbs_spacer=5-10bp;gc_cont=0.344	WP_000195100.1 MULTISPECIES: cassette chromosome replicative helicase [Staphylococcus]	100	99.8	0.0
BAAHTB010000001.1_8|7155|7451|-1|ID=1_8;partial=00;start_type=ATG;rbs_motif=AGGAG;rbs_spacer=5-10bp;gc_cont=0.340	WP_000273824.1 MULTISPECIES: cassette chromosome ssDNA-binding protein [Staphylococcus]	100	99.0	7.95e-69
BAAHTB010000001.1_9|7644|8690|-1|ID=1_9;partial=00;start_type=ATG;rbs_motif=GGA/GAG/AGG;rbs_spacer=5-10bp;gc_cont=0.252	WP_001060127.1 MULTISPECIES: hypothetical protein [Staphylococcus]	100	99.7	1.38e-242
BAAHTB010000001.1_10|8941|9363|-1|ID=1_10;partial=00;start_type=ATG;rbs_motif=None;rbs_spacer=None;gc_cont=0.317	WP_031899761.1 DDE-type integrase/transposase/recombinase, partial [Staphylococcus aureus]	100	99.3	1.35e-94
BAAHTB010000001.1_11|9430|9783|-1|ID=1_11;partial=00;start_type=GTG;rbs_motif=GGA/GAG/AGG;rbs_spacer=5-10bp;gc_cont=0.299	WP_341612823.1 IS3 family transposase, partial [Staphylococcus epidermidis]	99.1	99.2	2.41e-79
BAAHTB010000001.1_12|9768|10082|-1|ID=1_12;partial=00;start_type=ATG;rbs_motif=GGAG/GAGG;rbs_spacer=5-10bp;gc_cont=0.308	YP_009226739.1 IS3 family transposase [Staphylococcus phage SPbeta-like]	96.2	99.0	9.42e-64
BAAHTB010000001.1_13|10593|11495|-1|ID=1_13;partial=00;start_type=GTG;rbs_motif=None;rbs_spacer=None;gc_cont=0.369	WP_435431814.1 YfcC family protein, partial [Staphylococcus epidermidis]	99.3	99.7	3.09e-207
BAAHTB010000001.1_14|12241|12936|-1|ID=1_14;partial=00;start_type=ATG;rbs_motif=GGAG/GAGG;rbs_spacer=5-10bp;gc_cont=0.376	WP_000858967.1 MULTISPECIES: response regulator transcription factor [Staphylococcus]	100	99.6	8.80e-160
BAAHTB010000001.1_15|12911|15580|-1|ID=1_15;partial=00;start_type=ATG;rbs_motif=GGAG/GAGG;rbs_spacer=5-10bp;gc_cont=0.366	WP_000446429.1 MULTISPECIES: sensor histidine kinase [Staphylococcus]	100	99.9	0.0
BAAHTB010000001.1_16|15632|15775|-1|ID=1_16;partial=00;start_type=ATG;rbs_motif=None;rbs_spacer=None;gc_cont=0.299	WP_227489965.1 hypothetical protein, partial [Staphylococcus aureus]	97.9	97.9	2.08e-23
BAAHTB010000001.1_17|15848|17524|1|ID=1_17;partial=00;start_type=ATG;rbs_motif=GGAG/GAGG;rbs_spacer=5-10bp;gc_cont=0.368	WP_000029430.1 MULTISPECIES: potassium-transporting ATPase subunit KdpA [Staphylococcus]	100	99.8	0.0
BAAHTB010000001.1_18|17543|19564|1|ID=1_18;partial=00;start_type=ATG;rbs_motif=AGGAG;rbs_spacer=5-10bp;gc_cont=0.398	WP_000852430.1 MULTISPECIES: K(+)-transporting ATPase subunit B [Staphylococcus]	100	99.9	0.0
BAAHTB010000001.1_19|19580|20137|1|ID=1_19;partial=00;start_type=ATG;rbs_motif=AGGAG;rbs_spacer=5-10bp;gc_cont=0.367	WP_001193482.1 MULTISPECIES: K(+)-transporting ATPase subunit C [Staphylococcus]	100	99.5	1.69e-123
BAAHTB010000001.1_20|20682|21551|-1|ID=1_20;partial=00;start_type=GTG;rbs_motif=AGGA;rbs_spacer=5-10bp;gc_cont=0.337	WP_000626133.1 MULTISPECIES: hypothetical protein [Staphylococcus]	100	99.7	2.08e-196
BAAHTB010000001.1_21|21561|22457|-1|ID=1_21;partial=00;start_type=ATG;rbs_motif=AGxAGG/AGGxGG;rbs_spacer=5-10bp;gc_cont=0.365	WP_000411461.1 MULTISPECIES: DUF927 domain-containing protein [Staphylococcus]	100	99.7	1.01e-212
BAAHTB010000001.1_22|22657|23031|-1|ID=1_22;partial=00;start_type=ATG;rbs_motif=None;rbs_spacer=None;gc_cont=0.277	WP_078097653.1 hypothetical protein, partial [Staphylococcus aureus]	100	80.8	3.49e-66
BAAHTB010000001.1_23|23199|23486|-1|ID=1_23;partial=00;start_type=TTG;rbs_motif=None;rbs_spacer=None;gc_cont=0.309	WP_256075313.1 hypothetical protein, partial [Staphylococcus aureus]	100	81.3	1.25e-47
BAAHTB010000001.1_24|23576|24202|-1|ID=1_24;partial=00;start_type=ATG;rbs_motif=None;rbs_spacer=None;gc_cont=0.295	WP_001176969.1 MULTISPECIES: hypothetical protein [Staphylococcus]	100	99.5	5.59e-147
BAAHTB010000001.1_25|24317|25825|1|ID=1_25;partial=00;start_type=TTG;rbs_motif=GGAG/GAGG;rbs_spacer=5-10bp;gc_cont=0.311	WP_001001347.1 MULTISPECIES: protein kinase domain-containing protein [Staphylococcus]	99.8	99.8	0.0
BAAHTB010000001.1_26|26412|28157|1|ID=1_26;partial=00;start_type=ATG;rbs_motif=GGA/GAG/AGG;rbs_spacer=5-10bp;gc_cont=0.256	WP_000700190.1 MULTISPECIES: DUF6119 family protein [Staphylococcus]	100	99.8	0.0
BAAHTB010000001.1_27|28341|28676|-1|ID=1_27;partial=00;start_type=ATG;rbs_motif=None;rbs_spacer=None;gc_cont=0.378	WP_031908224.1 tRNA-dihydrouridine synthase, partial [Staphylococcus aureus]	97.0	90.2	6.15e-66
BAAHTB010000001.1_28|29101|29856|-1|ID=1_28;partial=00;start_type=ATG;rbs_motif=None;rbs_spacer=None;gc_cont=0.315	WP_000355845.1 MULTISPECIES: sulfite exporter TauE/SafE family protein [Staphylococcus]	100	99.6	2.75e-157
BAAHTB010000001.1_29|29856|30116|-1|ID=1_29;partial=00;start_type=ATG;rbs_motif=GGAG/GAGG;rbs_spacer=5-10bp;gc_cont=0.307	WP_001105088.1 MULTISPECIES: persulfide-sensing transcriptional repressor CstR [Staphylococcus]	100	98.9	1.38e-50
BAAHTB010000001.1_30|30253|31317|1|ID=1_30;partial=00;start_type=ATG;rbs_motif=GGAG/GAGG;rbs_spacer=5-10bp;gc_cont=0.316	WP_000816133.1 MULTISPECIES: persulfide response sulfurtransferase CstA [Staphylococcus]	100	99.7	4.51e-251
BAAHTB010000001.1_31|31348|32682|1|ID=1_31;partial=00;start_type=ATG;rbs_motif=AGGAG;rbs_spacer=5-10bp;gc_cont=0.335	WP_000465472.1 MULTISPECIES: persulfide dioxygenase-sulfurtransferase CstB [Staphylococcus]	100	99.8	0.0
BAAHTB010000001.1_32|32701|33894|1|ID=1_32;partial=00;start_type=ATG;rbs_motif=AGGA;rbs_spacer=5-10bp;gc_cont=0.327	WP_001033018.1 MULTISPECIES: type II sulfide:quinone oxidoreductase Sqr [Staphylococcus]	100	99.7	1.78e-297
BAAHTB010000001.1_33|34561|35547|-1|ID=1_33;partial=00;start_type=ATG;rbs_motif=None;rbs_spacer=None;gc_cont=0.389	WP_000662022.1 MULTISPECIES: tRNA dihydrouridine synthase [Staphylococcus]	100	99.7	9.31e-240
BAAHTB010000001.1_34|35856|36059|1|ID=1_34;partial=00;start_type=ATG;rbs_motif=GGA/GAG/AGG;rbs_spacer=5-10bp;gc_cont=0.270	WP_000389759.1 MULTISPECIES: DUF6007 family protein [Staphylococcus]	100	98.5	9.70e-38
BAAHTB010000001.1_35|36108|36404|1|ID=1_35;partial=00;start_type=ATG;rbs_motif=AGGAG;rbs_spacer=5-10bp;gc_cont=0.303	WP_000201644.1 MULTISPECIES: TfoX/Sxy family protein [Staphylococcus]	100	99.0	2.48e-63
BAAHTB010000001.1_36|36612|37214|1|ID=1_36;partial=00;start_type=ATG;rbs_motif=GGA/GAG/AGG;rbs_spacer=5-10bp;gc_cont=0.308	WP_000908956.1 MULTISPECIES: hypothetical protein [Staphylococcus]	100	99.5	5.14e-130
BAAHTB010000001.1_37|37481|40633|1|ID=1_37;partial=00;start_type=ATG;rbs_motif=GGA/GAG/AGG;rbs_spacer=5-10bp;gc_cont=0.312	WP_000080564.1 MULTISPECIES: DEAD/DEAH box helicase [Staphylococcus]	100	99.9	0.0
BAAHTB010000001.1_38|40690|41172|1|ID=1_38;partial=00;start_type=ATG;rbs_motif=AGGA/GGAG/GAGG;rbs_spacer=11-12bp;gc_cont=0.319	WP_000410567.1 MULTISPECIES: hypothetical protein [Staphylococcus]	100	99.4	4.67e-102
BAAHTB010000001.1_39|41378|42364|1|ID=1_39;partial=00;start_type=ATG;rbs_motif=AGxAG;rbs_spacer=5-10bp;gc_cont=0.337	WP_000710555.1 MULTISPECIES: phosphatidylinositol-specific phospholipase C [Staphylococcus]	100	99.7	3.25e-240
BAAHTB010000001.1_40|42585|43355|1|ID=1_40;partial=00;start_type=ATG;rbs_motif=GGA/GAG/AGG;rbs_spacer=5-10bp;gc_cont=0.307	WP_000977771.1 tandem-type lipoprotein [Staphylococcus aureus]	100	99.6	2.85e-182
BAAHTB010000001.1_41|43423|44190|1|ID=1_41;partial=00;start_type=ATG;rbs_motif=AGGA;rbs_spacer=5-10bp;gc_cont=0.299	WP_000826371.1 tandem-type lipoprotein [Staphylococcus aureus]	100	99.6	2.53e-180
BAAHTB010000001.1_42|44258|45025|1|ID=1_42;partial=00;start_type=ATG;rbs_motif=GGA/GAG/AGG;rbs_spacer=5-10bp;gc_cont=0.289	WP_000826304.1 tandem-type lipoprotein [Staphylococcus aureus]	100	99.6	3.08e-181
BAAHTB010000001.1_43|45092|45859|1|ID=1_43;partial=00;start_type=ATG;rbs_motif=AGGA;rbs_spacer=5-10bp;gc_cont=0.309	WP_000826312.1 tandem-type lipoprotein [Staphylococcus aureus]	100	99.6	4.38e-181
BAAHTB010000001.1_44|45956|48193|1|ID=1_44;partial=00;start_type=ATG;rbs_motif=GGAG/GAGG;rbs_spacer=5-10bp;gc_cont=0.337	WP_001188472.1 MULTISPECIES: transcriptional regulator AryK [Staphylococcus]	100	99.9	0.0
BAAHTB010000001.1_45|48344|49522|1|ID=1_45;partial=00;start_type=ATG;rbs_motif=AGGAG;rbs_spacer=5-10bp;gc_cont=0.372	WP_001075809.1 MULTISPECIES: M20 family metallopeptidase [Staphylococcus]	100	99.7	5.63e-287
BAAHTB010000001.1_46|49524|50912|1|ID=1_46;partial=00;start_type=ATG;rbs_motif=AGGAG;rbs_spacer=5-10bp;gc_cont=0.368	WP_001006441.1 MULTISPECIES: multidrug efflux MFS transporter NorC [Staphylococcus]	100	99.8	1.41e-311
BAAHTB010000001.1_47|51396|53063|-1|ID=1_47;partial=00;start_type=ATG;rbs_motif=GGAG/GAGG;rbs_spacer=5-10bp;gc_cont=0.360	WP_001800966.1 MULTISPECIES: Na/Pi cotransporter family protein [Staphylococcus]	100	99.5	0.0
BAAHTB010000001.1_48|53382|55157|-1|ID=1_48;partial=00;start_type=ATG;rbs_motif=AGGA;rbs_spacer=5-10bp;gc_cont=0.359	WP_000291840.1 MULTISPECIES: oleate hydratase [Staphylococcus]	99.8	99.8	0.0
BAAHTB010000001.1_49|55331|56203|-1|ID=1_49;partial=00;start_type=ATG;rbs_motif=AGGA/GGAG/GAGG;rbs_spacer=11-12bp;gc_cont=0.307	WP_001038103.1 MULTISPECIES: DMT family transporter [Staphylococcus]	100	99.7	1.19e-191
BAAHTB010000001.1_50|56385|57713|1|ID=1_50;partial=00;start_type=ATG;rbs_motif=None;rbs_spacer=None;gc_cont=0.294	WP_078072290.1 MULTISPECIES: aminotransferase-like domain-containing protein [Staphylococcus]	100	99.8	0.0
BAAHTB010000001.1_51|57903|58376|1|ID=1_51;partial=00;start_type=ATG;rbs_motif=GGAG/GAGG;rbs_spacer=5-10bp;gc_cont=0.295	WP_000036330.1 MULTISPECIES: DUF1648 domain-containing protein [Staphylococcus]	100	99.4	1.21e-107
BAAHTB010000001.1_52|58638|60230|1|ID=1_52;partial=00;start_type=ATG;rbs_motif=GGAG/GAGG;rbs_spacer=5-10bp;gc_cont=0.346	WP_182059663.1 L-lactate permease [Staphylococcus aureus]	100	99.8	0.0
BAAHTB010000001.1_53|60559|61875|-1|ID=1_53;partial=00;start_type=ATG;rbs_motif=None;rbs_spacer=None;gc_cont=0.383	WP_374703789.1 staphylococcal protein A [Staphylococcus aureus]	89.7	99.8	9.11e-235
BAAHTB010000001.1_54|62260|63012|-1|ID=1_54;partial=00;start_type=ATG;rbs_motif=AGGAG;rbs_spacer=5-10bp;gc_cont=0.276	WP_000876756.1 MULTISPECIES: HTH-type transcriptional regulator SarS [Staphylococcus]	100	99.6	3.84e-168
BAAHTB010000001.1_55|63381|64379|-1|ID=1_55;partial=00;start_type=ATG;rbs_motif=AGGA/GGAG/GAGG;rbs_spacer=11-12bp;gc_cont=0.367	WP_000136633.1 MULTISPECIES: staphyloferrin B ABC transporter permease subunit SirC [Staphylococcus]	100	99.7	6.97e-212
BAAHTB010000001.1_56|64376|65371|-1|ID=1_56;partial=00;start_type=ATG;rbs_motif=AGGAG;rbs_spacer=5-10bp;gc_cont=0.387	WP_000924990.1 MULTISPECIES: staphyloferrin B ABC transporter permease subunit SirB [Staphylococcus]	100	99.7	5.06e-209
BAAHTB010000001.1_57|65387|66379|-1|ID=1_57;partial=00;start_type=ATG;rbs_motif=AGGA/GGAG/GAGG;rbs_spacer=11-12bp;gc_cont=0.323	WP_001045111.1 MULTISPECIES: staphyloferrin B ABC transporter substrate-binding protein SirA [Staphylococcus]	100	99.7	1.25e-229
BAAHTB010000001.1_58|66610|67590|1|ID=1_58;partial=00;start_type=TTG;rbs_motif=AGGAG;rbs_spacer=5-10bp;gc_cont=0.369	WP_000570808.1 MULTISPECIES: 2,3-diaminopropionate biosynthesis protein SbnA [Staphylococcus]	100	99.7	1.27e-236
BAAHTB010000001.1_59|67587|68597|1|ID=1_59;partial=00;start_type=ATG;rbs_motif=AGGAG;rbs_spacer=5-10bp;gc_cont=0.372	WP_001078461.1 MULTISPECIES: N-[(2S)-2-amino-2-carboxyethyl]-L-glutamate dehydrogenase SbnB [Staphylococcus]	100	99.7	6.59e-244
BAAHTB010000001.1_60|68618|70372|1|ID=1_60;partial=00;start_type=TTG;rbs_motif=GGAG/GAGG;rbs_spacer=5-10bp;gc_cont=0.360	WP_001179385.1 MULTISPECIES: staphyloferrin B biosynthesis protein SbnC [Staphylococcus]	100	99.8	0.0
BAAHTB010000001.1_61|70365|71621|1|ID=1_61;partial=00;start_type=ATG;rbs_motif=None;rbs_spacer=None;gc_cont=0.391	WP_000610051.1 MULTISPECIES: staphyloferrin B export MFS transporter [Staphylococcus]	100	99.8	4.29e-286
BAAHTB010000001.1_62|71611|73347|1|ID=1_62;partial=00;start_type=GTG;rbs_motif=None;rbs_spacer=None;gc_cont=0.363	WP_001179886.1 MULTISPECIES: L-2,3-diaminopropanoate--citrate ligase SbnE [Staphylococcus]	100	99.8	0.0
BAAHTB010000001.1_63|73328|75106|1|ID=1_63;partial=00;start_type=GTG;rbs_motif=AGGAG;rbs_spacer=5-10bp;gc_cont=0.359	WP_371090471.1 3-(L-alanin-3-ylcarbamoyl)-2-[(2-aminoethylcarbamoyl)methyl]-2-hydroxypropanoate synthase SbnF [Staphylococcus aureus]	100	99.7	0.0
BAAHTB010000001.1_64|75078|75857|1|ID=1_64;partial=00;start_type=ATG;rbs_motif=AGGAG;rbs_spacer=5-10bp;gc_cont=0.401	WP_001186804.1 MULTISPECIES: staphyloferrin B biosynthesis citrate synthase SbnG [Staphylococcus]	100	99.2	3.32e-180
BAAHTB010000001.1_65|75857|77059|1|ID=1_65;partial=00;start_type=ATG;rbs_motif=GGA/GAG/AGG;rbs_spacer=5-10bp;gc_cont=0.363	WP_001223713.1 MULTISPECIES: staphyloferrin B biosynthesis decarboxylase SbnH [Staphylococcus]	100	99.8	2.09e-302
BAAHTB010000001.1_66|77063|77827|1|ID=1_66;partial=00;start_type=TTG;rbs_motif=AGGA;rbs_spacer=5-10bp;gc_cont=0.369	WP_001015549.1 MULTISPECIES: bifunctional transcriptional regulator/O-phospho-L-serine synthase SbnI [Staphylococcus]	100	99.6	8.58e-192
BAAHTB010000001.1_67|78023|78649|1|ID=1_67;partial=00;start_type=ATG;rbs_motif=GGA/GAG/AGG;rbs_spacer=5-10bp;gc_cont=0.317	WP_000414629.1 MULTISPECIES: MFS transporter [Staphylococcus]	100	99.5	9.04e-128
BAAHTB010000001.1_68|78861|79637|1|ID=1_68;partial=00;start_type=ATG;rbs_motif=AGGAG;rbs_spacer=5-10bp;gc_cont=0.411	WP_117179539.1 (S)-acetoin forming diacetyl reductase [Staphylococcus aureus]	99.6	99.6	1.31e-163
BAAHTB010000001.1_69|79982|80953|1|ID=1_69;partial=00;start_type=TTG;rbs_motif=GGAG/GAGG;rbs_spacer=5-10bp;gc_cont=0.319	WP_000442712.1 NAD-dependent epimerase/dehydratase family protein [Staphylococcus aureus]	100	99.7	1.86e-232
BAAHTB010000001.1_70|80916|81608|1|ID=1_70;partial=00;start_type=TTG;rbs_motif=GGAG/GAGG;rbs_spacer=5-10bp;gc_cont=0.351	WP_000736082.1 MULTISPECIES: sugar transferase [Staphylococcus]	100	99.6	1.41e-160
BAAHTB010000001.1_71|81818|82984|1|ID=1_71;partial=00;start_type=TTG;rbs_motif=GGA/GAG/AGG;rbs_spacer=11-12bp;gc_cont=0.338	WP_000692504.1 MULTISPECIES: glycosyltransferase family 4 protein [Staphylococcus]	100	99.7	1.48e-280
BAAHTB010000001.1_72|82965|84203|1|ID=1_72;partial=00;start_type=ATG;rbs_motif=GGA/GAG/AGG;rbs_spacer=11-12bp;gc_cont=0.304	WP_000431230.1 MULTISPECIES: O-antigen ligase family protein [Staphylococcus]	100	99.8	2.41e-273
BAAHTB010000001.1_73|84193|85623|1|ID=1_73;partial=00;start_type=ATG;rbs_motif=GGA/GAG/AGG;rbs_spacer=5-10bp;gc_cont=0.314	WP_000834089.1 MULTISPECIES: oligosaccharide flippase family protein [Staphylococcus]	100	99.8	7.58e-314
BAAHTB010000001.1_74|85891|86490|1|ID=1_74;partial=00;start_type=ATG;rbs_motif=AGGAG;rbs_spacer=5-10bp;gc_cont=0.353	WP_000874681.1 MULTISPECIES: superoxide dismutase [Staphylococcus]	100	99.5	2.49e-150
BAAHTB010000001.1_75|86857|87582|1|ID=1_75;partial=00;start_type=ATG;rbs_motif=GGA/GAG/AGG;rbs_spacer=5-10bp;gc_cont=0.353	WP_031765273.1 LPXTG cell wall anchor domain-containing protein [Staphylococcus aureus]	86.7	99.6	6.73e-125
BAAHTB010000001.1_76|87773|88528|-1|ID=1_76;partial=00;start_type=ATG;rbs_motif=None;rbs_spacer=None;gc_cont=0.358	WP_001795345.1 MULTISPECIES: GntR family transcriptional regulator [Staphylococcus]	100	99.6	4.75e-183
BAAHTB010000001.1_77|88764|89471|1|ID=1_77;partial=00;start_type=ATG;rbs_motif=GGAG/GAGG;rbs_spacer=5-10bp;gc_cont=0.376	WP_000843292.1 MULTISPECIES: purine-nucleoside phosphorylase [Staphylococcus]	100	99.6	5.75e-167
BAAHTB010000001.1_78|89472|90830|1|ID=1_78;partial=00;start_type=ATG;rbs_motif=None;rbs_spacer=None;gc_cont=0.317	WP_001100299.1 MULTISPECIES: tetracycline efflux MFS transporter Tet(38) [Staphylococcus]	99.8	99.3	2.84e-294
BAAHTB010000001.1_79|90911|91573|1|ID=1_79;partial=00;start_type=ATG;rbs_motif=AGGAG;rbs_spacer=5-10bp;gc_cont=0.403	WP_000667269.1 MULTISPECIES: deoxyribose-phosphate aldolase [Staphylococcus]	100	99.5	1.46e-148
BAAHTB010000001.1_80|91601|92779|1|ID=1_80;partial=00;start_type=ATG;rbs_motif=GGAG/GAGG;rbs_spacer=5-10bp;gc_cont=0.368	WP_000197806.1 MULTISPECIES: phosphopentomutase [Staphylococcus]	100	99.7	4.49e-293
BAAHTB010000001.1_81|92908|93723|-1|ID=1_81;partial=00;start_type=ATG;rbs_motif=AGGA/GGAG/GAGG;rbs_spacer=11-12bp;gc_cont=0.371	WP_000191092.1 MULTISPECIES: phosphonate ABC transporter, permease protein PhnE [Staphylococcus]	100	99.6	8.33e-178
BAAHTB010000001.1_82|93720|94520|-1|ID=1_82;partial=00;start_type=ATG;rbs_motif=AGGAG;rbs_spacer=5-10bp;gc_cont=0.343	WP_001127689.1 MULTISPECIES: phosphonate ABC transporter, permease protein PhnE [Staphylococcus]	100	99.6	5.67e-178
BAAHTB010000001.1_83|94522|95295|-1|ID=1_83;partial=00;start_type=ATG;rbs_motif=GGA/GAG/AGG;rbs_spacer=5-10bp;gc_cont=0.353	WP_000078092.1 MULTISPECIES: phosphonate ABC transporter ATP-binding protein [Staphylococcus]	100	99.6	6.96e-179
BAAHTB010000001.1_84|95490|96446|-1|ID=1_84;partial=00;start_type=ATG;rbs_motif=GGA/GAG/AGG;rbs_spacer=5-10bp;gc_cont=0.308	WP_000787777.1 MULTISPECIES: phosphate/phosphite/phosphonate ABC transporter substrate-binding protein [Staphylococcus]	100	99.7	2.12e-215
BAAHTB010000001.1_85|96675|98219|1|ID=1_85;partial=00;start_type=ATG;rbs_motif=AGGAG;rbs_spacer=5-10bp;gc_cont=0.371	WP_031807514.1 DNA-binding protein [Staphylococcus aureus]	99.6	99.8	0.0
BAAHTB010000001.1_86|98270|99805|1|ID=1_86;partial=00;start_type=ATG;rbs_motif=AGGAG;rbs_spacer=5-10bp;gc_cont=0.366	WP_000065030.1 MULTISPECIES: bifunctional metallophosphatase/5'-nucleotidase [Staphylococcus]	100	99.8	0.0
BAAHTB010000001.1_87|99953|100729|1|ID=1_87;partial=00;start_type=GTG;rbs_motif=None;rbs_spacer=None;gc_cont=0.291	WP_000447776.1 MULTISPECIES: spr1630 family ClpXP-sensitive toxin [Staphylococcus]	99.6	98.5	1.25e-174
BAAHTB010000001.1_88|100735|101910|1|ID=1_88;partial=00;start_type=ATG;rbs_motif=GGA/GAG/AGG;rbs_spacer=5-10bp;gc_cont=0.287	WP_000469833.1 MULTISPECIES: spr1629 family repressor/antitoxin [Staphylococcus]	100	99.7	4.04e-275
BAAHTB010000001.1_89|102295|104904|1|ID=1_89;partial=00;start_type=ATG;rbs_motif=AGGAG;rbs_spacer=5-10bp;gc_cont=0.360	WP_000955781.1 MULTISPECIES: bifunctional acetaldehyde-CoA/alcohol dehydrogenase [Staphylococcus]	100	99.9	0.0
BAAHTB010000001.1_90|105246|105914|1|ID=1_90;partial=00;start_type=ATG;rbs_motif=GGAG/GAGG;rbs_spacer=5-10bp;gc_cont=0.299	WP_000446299.1 MULTISPECIES: capsular polysaccharide type 5/8 biosynthesis protein CapA [Staphylococcus]	100	99.6	2.38e-139
BAAHTB010000001.1_91|105930|106616|1|ID=1_91;partial=00;start_type=ATG;rbs_motif=AGGA/GGAG/GAGG;rbs_spacer=11-12bp;gc_cont=0.336	WP_000037332.1 MULTISPECIES: type 8 capsular polysaccharide synthesis protein Cap8B [Staphylococcus]	100	99.6	3.57e-153
BAAHTB010000001.1_92|106619|107383|1|ID=1_92;partial=00;start_type=ATG;rbs_motif=GGAG/GAGG;rbs_spacer=5-10bp;gc_cont=0.319	WP_000565304.1 MULTISPECIES: type 8 capsular polysaccharide synthesis protein Cap8C [Staphylococcus]	100	99.6	5.13e-184
BAAHTB010000001.1_93|107403|109226|1|ID=1_93;partial=00;start_type=ATG;rbs_motif=GGAG/GAGG;rbs_spacer=5-10bp;gc_cont=0.350	WP_000940790.1 MULTISPECIES: type 8 capsular polysaccharide synthesis protein Cap8D [Staphylococcus]	100	99.8	0.0
BAAHTB010000001.1_94|109216|110244|1|ID=1_94;partial=00;start_type=ATG;rbs_motif=GGAG/GAGG;rbs_spacer=5-10bp;gc_cont=0.340	WP_000459062.1 MULTISPECIES: type 8 capsular polysaccharide synthesis protein Cap8E [Staphylococcus]	99.7	99.7	6.81e-240
BAAHTB010000001.1_95|110257|111366|1|ID=1_95;partial=00;start_type=TTG;rbs_motif=AGGAG;rbs_spacer=5-10bp;gc_cont=0.348	WP_001028283.1 MULTISPECIES: type 8 capsular polysaccharide synthesis protein Cap8F [Staphylococcus]	100	99.7	1.40e-273
BAAHTB010000001.1_96|111370|112494|1|ID=1_96;partial=00;start_type=ATG;rbs_motif=GGAG/GAGG;rbs_spacer=5-10bp;gc_cont=0.337	WP_000413171.1 MULTISPECIES: type 8 capsular polysaccharide synthesis protein Cap8G [Staphylococcus]	100	99.7	2.31e-270
BAAHTB010000001.1_97|112497|113123|1|ID=1_97;partial=00;start_type=ATG;rbs_motif=GGAG/GAGG;rbs_spacer=5-10bp;gc_cont=0.327	WP_001216898.1 MULTISPECIES: CatB-related O-acetyltransferase [Staphylococcus]	100	99.5	1.37e-147
BAAHTB010000001.1_98|113128|114237|1|ID=1_98;partial=00;start_type=ATG;rbs_motif=AGGA/GGAG/GAGG;rbs_spacer=11-12bp;gc_cont=0.289	WP_001221646.1 MULTISPECIES: glycosyltransferase [Staphylococcus]	100	99.7	1.54e-261
BAAHTB010000001.1_99|114251|115417|1|ID=1_99;partial=00;start_type=ATG;rbs_motif=GGAG/GAGG;rbs_spacer=5-10bp;gc_cont=0.292	WP_000668175.1 MULTISPECIES: O-antigen ligase family protein [Staphylococcus]	100	99.7	2.31e-268
BAAHTB010000001.1_100|115410|116615|1|ID=1_100;partial=00;start_type=ATG;rbs_motif=AGGA;rbs_spacer=5-10bp;gc_cont=0.267	WP_000239647.1 MULTISPECIES: capsular polysaccharide biosynthesis protein [Staphylococcus]	100	99.8	2.75e-262
BAAHTB010000001.1_101|116616|117821|1|ID=1_101;partial=00;start_type=ATG;rbs_motif=AGGA;rbs_spacer=5-10bp;gc_cont=0.352	WP_001291020.1 MULTISPECIES: type 8 capsular polysaccharide synthesis protein Cap8L [Staphylococcus]	100	99.8	1.92e-294
BAAHTB010000001.1_102|117832|118389|1|ID=1_102;partial=00;start_type=ATG;rbs_motif=AGGAG;rbs_spacer=5-10bp;gc_cont=0.324	WP_000825098.1 MULTISPECIES: type 8 capsular polysaccharide synthesis protein Cap8M [Staphylococcus]	100	99.5	8.74e-126
BAAHTB010000001.1_103|118389|119276|1|ID=1_103;partial=00;start_type=ATG;rbs_motif=AGxAGG/AGGxGG;rbs_spacer=11-12bp;gc_cont=0.339	WP_001230679.1 MULTISPECIES: capsular polysaccharide type 5/8 biosynthesis epimerase CapN [Staphylococcus]	100	99.7	1.55e-210
BAAHTB010000001.1_104|119330|120592|1|ID=1_104;partial=00;start_type=ATG;rbs_motif=GGAG/GAGG;rbs_spacer=5-10bp;gc_cont=0.343	WP_000779504.1 MULTISPECIES: type 8 capsular polysaccharide synthesis protein Cap8O [Staphylococcus]	100	99.8	4.46e-305
BAAHTB010000001.1_105|120669|121814|1|ID=1_105;partial=00;start_type=ATG;rbs_motif=GGAG/GAGG;rbs_spacer=5-10bp;gc_cont=0.364	WP_000723436.1 MULTISPECIES: type 8 capsular polysaccharide synthesis protein Cap8P [Staphylococcus]	100	99.7	3.73e-275
BAAHTB010000001.1_106|121879|122205|-1|ID=1_106;partial=00;start_type=ATG;rbs_motif=AGGAG;rbs_spacer=5-10bp;gc_cont=0.312	WP_000480603.1 MULTISPECIES: staphylobilin-forming heme oxygenase IsdI [Staphylococcus]	100	99.1	4.22e-71
BAAHTB010000001.1_107|122212|122595|-1|ID=1_107;partial=00;start_type=ATG;rbs_motif=GGAG/GAGG;rbs_spacer=5-10bp;gc_cont=0.318	WP_001237004.1 MULTISPECIES: YbaN family protein [Staphylococcus]	100	99.2	1.59e-75
BAAHTB010000001.1_108|123022|124509|1|ID=1_108;partial=00;start_type=ATG;rbs_motif=AGGAG;rbs_spacer=5-10bp;gc_cont=0.362	WP_000290397.1 MULTISPECIES: aldehyde dehydrogenase family protein [Staphylococcus]	100	99.8	0.0
BAAHTB010000001.1_109|124636|124755|1|ID=1_109;partial=00;start_type=ATG;rbs_motif=GGA/GAG/AGG;rbs_spacer=5-10bp;gc_cont=0.308	WP_000161255.1 hypothetical protein [Staphylococcus aureus]	76.5	85.0	2.38e-09
BAAHTB010000001.1_110|125051|126115|1|ID=1_110;partial=00;start_type=ATG;rbs_motif=None;rbs_spacer=None;gc_cont=0.313	WP_001013485.1 MULTISPECIES: cation diffusion facilitator family transporter [Staphylococcus]	100	89.9	9.69e-217
BAAHTB010000001.1_111|126316|126519|-1|ID=1_111;partial=00;start_type=ATG;rbs_motif=AGxAGG/AGGxGG;rbs_spacer=5-10bp;gc_cont=0.304	WP_000356963.1 MULTISPECIES: hypothetical protein [Staphylococcus]	100	98.5	8.29e-39
BAAHTB010000001.1_112|126698|127210|1|ID=1_112;partial=00;start_type=ATG;rbs_motif=AGGAG;rbs_spacer=5-10bp;gc_cont=0.339	WP_000171919.1 MULTISPECIES: DUF4242 domain-containing protein [Staphylococcus]	100	99.4	9.30e-116
BAAHTB010000001.1_113|127552|128292|1|ID=1_113;partial=00;start_type=ATG;rbs_motif=GGA/GAG/AGG;rbs_spacer=5-10bp;gc_cont=0.354	WP_000590854.1 MULTISPECIES: ABC transporter ATP-binding protein [Staphylococcus]	100	99.6	8.53e-179
BAAHTB010000001.1_114|128306|129277|1|ID=1_114;partial=00;start_type=ATG;rbs_motif=AGGAG;rbs_spacer=5-10bp;gc_cont=0.369	WP_000826669.1 MULTISPECIES: ABC transporter substrate-binding protein [Staphylococcus]	100	99.7	3.12e-240
BAAHTB010000001.1_115|129274|130035|1|ID=1_115;partial=00;start_type=ATG;rbs_motif=AGGAGG;rbs_spacer=5-10bp;gc_cont=0.352	WP_000197961.1 MULTISPECIES: ABC transporter permease [Staphylococcus]	100	99.6	7.26e-179
BAAHTB010000001.1_116|130048|131079|1|ID=1_116;partial=00;start_type=ATG;rbs_motif=AGGAG;rbs_spacer=5-10bp;gc_cont=0.360	WP_000171645.1 MULTISPECIES: acyl-CoA/acyl-ACP dehydrogenase [Staphylococcus]	100	99.7	4.14e-246
BAAHTB010000001.1_117|131296|131655|1|ID=1_117;partial=00;start_type=GTG;rbs_motif=None;rbs_spacer=None;gc_cont=0.322	WP_001092004.1 MULTISPECIES: DUF2294 domain-containing protein [Staphylococcus]	100	99.2	5.50e-79
BAAHTB010000001.1_118|131679|132854|1|ID=1_118;partial=00;start_type=GTG;rbs_motif=GGA/GAG/AGG;rbs_spacer=5-10bp;gc_cont=0.350	WP_000706135.1 MULTISPECIES: NAD-dependent formate dehydrogenase [Staphylococcus]	100	87.0	9.20e-246
BAAHTB010000001.1_119|133240|134490|1|ID=1_119;partial=00;start_type=ATG;rbs_motif=None;rbs_spacer=None;gc_cont=0.326	WP_000826862.1 MULTISPECIES: MDR family MFS transporter [Staphylococcus]	100	99.8	1.15e-273
BAAHTB010000001.1_120|134919|142112|1|ID=1_120;partial=00;start_type=ATG;rbs_motif=GGA/GAG/AGG;rbs_spacer=5-10bp;gc_cont=0.353	WP_000605281.1 MULTISPECIES: aureusimine non-ribosomal peptide synthetase AusA [Staphylococcus]	100	99.7	0.0
BAAHTB010000001.1_121|142125|142769|1|ID=1_121;partial=00;start_type=ATG;rbs_motif=GGA/GAG/AGG;rbs_spacer=5-10bp;gc_cont=0.336	WP_000215722.1 MULTISPECIES: aureusimine biosynthesis 4'-phosphopantetheinyl transferase AusB [Staphylococcus]	100	99.5	1.88e-157
BAAHTB010000001.1_122|143097|143576|-1|ID=1_122;partial=00;start_type=ATG;rbs_motif=None;rbs_spacer=None;gc_cont=0.362	WP_001822554.1 MULTISPECIES: YagU family protein [Staphylococcus]	100	99.4	2.16e-111
BAAHTB010000001.1_123|143846|144610|-1|ID=1_123;partial=00;start_type=ATG;rbs_motif=AGxAGG/AGGxGG;rbs_spacer=5-10bp;gc_cont=0.346	WP_000668894.1 MULTISPECIES: acetylglutamate kinase [Staphylococcus]	100	99.6	2.85e-181
BAAHTB010000001.1_124|144626|145867|-1|ID=1_124;partial=00;start_type=ATG;rbs_motif=GGA/GAG/AGG;rbs_spacer=5-10bp;gc_cont=0.378	WP_000682619.1 MULTISPECIES: bifunctional glutamate N-acetyltransferase/amino-acid acetyltransferase ArgJ [Staphylococcus]	100	99.8	7.27e-296
BAAHTB010000001.1_125|145879|146913|-1|ID=1_125;partial=00;start_type=ATG;rbs_motif=AGGAG;rbs_spacer=5-10bp;gc_cont=0.350	WP_000598482.1 MULTISPECIES: N-acetyl-gamma-glutamyl-phosphate reductase [Staphylococcus]	100	99.4	1.34e-249
BAAHTB010000001.1_126|146949|148133|-1|ID=1_126;partial=00;start_type=ATG;rbs_motif=AGGAG;rbs_spacer=5-10bp;gc_cont=0.377	WP_001084442.1 MULTISPECIES: ornithine--oxo-acid transaminase [Staphylococcus]	100	99.7	2.30e-287
BAAHTB010000001.1_127|148392|149741|-1|ID=1_127;partial=00;start_type=ATG;rbs_motif=AGGAG(G)/GGAGG;rbs_spacer=13-15bp;gc_cont=0.330	WP_000728170.1 MULTISPECIES: branched-chain amino acid transport system II carrier protein BrnQ1 [Staphylococcus]	100	99.8	1.29e-305
BAAHTB010000001.1_128|150020|150577|-1|ID=1_128;partial=00;start_type=ATG;rbs_motif=AGGA/GGAG/GAGG;rbs_spacer=11-12bp;gc_cont=0.353	WP_001557561.1 MULTISPECIES: isochorismatase family protein [Staphylococcus]	100	99.5	2.83e-131
BAAHTB010000001.1_129|150644|152284|-1|ID=1_129;partial=00;start_type=ATG;rbs_motif=GGA/GAG/AGG;rbs_spacer=5-10bp;gc_cont=0.366	WP_000813525.1 MULTISPECIES: alpha-keto acid decarboxylase family protein [Staphylococcus]	99.8	99.8	0.0
BAAHTB010000001.1_130|152557|154602|-1|ID=1_130;partial=00;start_type=GTG;rbs_motif=GGAG/GAGG;rbs_spacer=5-10bp;gc_cont=0.376	WP_001227709.1 MULTISPECIES: glucose-specific PTS transporter subunit IIBC [Staphylococcus]	100	99.9	0.0
BAAHTB010000001.1_131|155202|156242|1|ID=1_131;partial=00;start_type=GTG;rbs_motif=GGA/GAG/AGG;rbs_spacer=5-10bp;gc_cont=0.353	WP_000145577.1 MULTISPECIES: 6-phospho-N-acetylmuramidase [Staphylococcus]	99.7	99.7	1.84e-254
BAAHTB010000001.1_132|156242|157138|1|ID=1_132;partial=00;start_type=ATG;rbs_motif=AGGA/GGAG/GAGG;rbs_spacer=11-12bp;gc_cont=0.381	WP_000432017.1 MULTISPECIES: N-acetylmuramic acid 6-phosphate etherase [Staphylococcus]	100	99.7	7.03e-204
BAAHTB010000001.1_133|157150|158604|1|ID=1_133;partial=00;start_type=ATG;rbs_motif=AGGAG;rbs_spacer=5-10bp;gc_cont=0.379	WP_000159750.1 MULTISPECIES: PTS transporter subunit EIIC [Staphylococcus]	100	99.8	0.0
BAAHTB010000001.1_134|158604|159482|1|ID=1_134;partial=00;start_type=ATG;rbs_motif=None;rbs_spacer=None;gc_cont=0.344	WP_000181827.1 MurR/RpiR family transcriptional regulator [Staphylococcus aureus]	92.4	99.3	6.81e-185
BAAHTB010000001.1_135|160170|162959|1|ID=1_135;partial=00;start_type=ATG;rbs_motif=GGA/GAG/AGG;rbs_spacer=5-10bp;gc_cont=0.332	WP_000331330.1 MULTISPECIES: type I restriction endonuclease subunit R [Staphylococcus]	100	99.9	0.0
BAAHTB010000001.1_136|163106|163705|-1|ID=1_136;partial=00;start_type=ATG;rbs_motif=AGGAG;rbs_spacer=5-10bp;gc_cont=0.290	WP_000059051.1 MULTISPECIES: hypothetical protein [Staphylococcus]	100	99.5	1.50e-117
BAAHTB010000001.1_137|163831|164943|1|ID=1_137;partial=00;start_type=TTG;rbs_motif=AGGAG;rbs_spacer=5-10bp;gc_cont=0.305	WP_001253190.1 MULTISPECIES: efflux RND transporter periplasmic adaptor subunit [Staphylococcus]	100	99.7	5.97e-255
BAAHTB010000001.1_138|164940|165620|1|ID=1_138;partial=00;start_type=ATG;rbs_motif=GGA/GAG/AGG;rbs_spacer=5-10bp;gc_cont=0.314	WP_000571407.1 MULTISPECIES: ABC transporter ATP-binding protein [Staphylococcus]	100	99.6	2.34e-157
BAAHTB010000001.1_139|165617|166795|1|ID=1_139;partial=00;start_type=ATG;rbs_motif=GGAG/GAGG;rbs_spacer=5-10bp;gc_cont=0.307	WP_001233397.1 MULTISPECIES: ABC transporter permease [Staphylococcus]	100	99.7	4.99e-265
BAAHTB010000001.1_140|167002|167223|1|ID=1_140;partial=00;start_type=ATG;rbs_motif=AGGAGG;rbs_spacer=5-10bp;gc_cont=0.414	WP_000915920.1 MULTISPECIES: putative cyclic bacteriocin [Staphylococcus]	100	98.6	3.32e-43
BAAHTB010000001.1_141|167294|168979|1|ID=1_141;partial=00;start_type=ATG;rbs_motif=AGGAG;rbs_spacer=5-10bp;gc_cont=0.234	WP_031899927.1 membrane protein [Staphylococcus aureus]	99.8	99.8	0.0
BAAHTB010000001.1_142|169017|169481|1|ID=1_142;partial=00;start_type=GTG;rbs_motif=None;rbs_spacer=None;gc_cont=0.256	WP_001793228.1 MULTISPECIES: stage II sporulation protein M [Staphylococcus]	100	99.4	6.39e-88
BAAHTB010000001.1_143|169493|170215|1|ID=1_143;partial=00;start_type=ATG;rbs_motif=AGGA;rbs_spacer=5-10bp;gc_cont=0.266	WP_000960712.1 MULTISPECIES: ATP-binding cassette domain-containing protein [Staphylococcus]	100	99.6	6.95e-166
BAAHTB010000001.1_144|170202|170390|1|ID=1_144;partial=00;start_type=ATG;rbs_motif=GGAG/GAGG;rbs_spacer=5-10bp;gc_cont=0.222	WP_368409519.1 hypothetical protein [Staphylococcus aureus]	98.4	98.4	1.29e-33
BAAHTB010000001.1_145|170380|170577|1|ID=1_145;partial=00;start_type=GTG;rbs_motif=GGA/GAG/AGG;rbs_spacer=5-10bp;gc_cont=0.308	WP_000794565.1 MULTISPECIES: helix-turn-helix transcriptional regulator [Staphylococcus]	100	98.5	1.20e-37
BAAHTB010000001.1_146|171087|172679|-1|ID=1_146;partial=00;start_type=ATG;rbs_motif=GGAG/GAGG;rbs_spacer=5-10bp;gc_cont=0.355	WP_000067352.1 MULTISPECIES: ABC transporter ATP-binding protein [Staphylococcus]	100	99.8	0.0
BAAHTB010000001.1_147|172681|174114|1|ID=1_147;partial=00;start_type=ATG;rbs_motif=None;rbs_spacer=None;gc_cont=0.326	WP_001557565.1 ABC transporter permease [Staphylococcus aureus]	100	99.8	3.40e-306
BAAHTB010000001.1_148|174120|175283|1|ID=1_148;partial=00;start_type=ATG;rbs_motif=AGGA;rbs_spacer=5-10bp;gc_cont=0.346	WP_000240113.1 MULTISPECIES: ABC transporter permease [Staphylococcus]	100	99.7	7.46e-253
BAAHTB010000001.1_149|175300|177075|1|ID=1_149;partial=00;start_type=GTG;rbs_motif=GGA/GAG/AGG;rbs_spacer=5-10bp;gc_cont=0.332	WP_000720816.1 MULTISPECIES: ABC transporter substrate-binding protein [Staphylococcus]	100	99.8	0.0
BAAHTB010000001.1_150|177113|179119|1|ID=1_150;partial=00;start_type=ATG;rbs_motif=AGGAG;rbs_spacer=5-10bp;gc_cont=0.378	WP_000236427.1 MULTISPECIES: gamma-glutamyltransferase [Staphylococcus]	100	99.9	0.0
BAAHTB010000001.1_151|179432|180235|-1|ID=1_151;partial=00;start_type=ATG;rbs_motif=None;rbs_spacer=None;gc_cont=0.300	WP_000643619.1 MULTISPECIES: tandem-type lipoprotein [Staphylococcus]	100	95.9	1.27e-179
BAAHTB010000001.1_152|180394|181020|-1|ID=1_152;partial=00;start_type=ATG;rbs_motif=AGGAG;rbs_spacer=5-10bp;gc_cont=0.324	WP_001151451.1 MULTISPECIES: FMN-dependent NADH-azoreductase [Staphylococcus]	100	99.5	1.17e-148
BAAHTB010000001.1_153|181229|181807|1|ID=1_153;partial=00;start_type=ATG;rbs_motif=GGA/GAG/AGG;rbs_spacer=5-10bp;gc_cont=0.359	WP_000166920.1 MULTISPECIES: M23 family metallopeptidase [Staphylococcus]	100	99.5	5.26e-144
BAAHTB010000001.1_154|182191|183288|1|ID=1_154;partial=00;start_type=ATG;rbs_motif=GGAG/GAGG;rbs_spacer=5-10bp;gc_cont=0.350	WP_000818915.1 MULTISPECIES: ABC transporter ATP-binding protein [Staphylococcus]	100	99.7	3.94e-262
BAAHTB010000001.1_155|183301|184572|1|ID=1_155;partial=00;start_type=ATG;rbs_motif=GGAG/GAGG;rbs_spacer=5-10bp;gc_cont=0.342	WP_000034961.1 MULTISPECIES: maltodextrin ABC transporter substrate-binding protein [Staphylococcus]	100	99.8	1.29e-310
BAAHTB010000001.1_156|184575|185843|1|ID=1_156;partial=00;start_type=ATG;rbs_motif=AGGAG;rbs_spacer=5-10bp;gc_cont=0.357	WP_224083619.1 sugar ABC transporter permease [Staphylococcus aureus]	98.8	99.8	5.35e-298
BAAHTB010000001.1_157|185845|186684|1|ID=1_157;partial=00;start_type=ATG;rbs_motif=GGAG/GAGG;rbs_spacer=5-10bp;gc_cont=0.338	WP_000162661.1 MULTISPECIES: sugar ABC transporter permease [Staphylococcus]	100	99.6	1.91e-187
BAAHTB010000001.1_158|186755|187834|1|ID=1_158;partial=00;start_type=ATG;rbs_motif=AGGAG;rbs_spacer=5-10bp;gc_cont=0.396	WP_000153479.1 MULTISPECIES: Gfo/Idh/MocA family protein [Staphylococcus]	100	99.4	1.74e-264
BAAHTB010000001.1_159|187859|188899|1|ID=1_159;partial=00;start_type=ATG;rbs_motif=AGGAG;rbs_spacer=5-10bp;gc_cont=0.398	WP_000163820.1 MULTISPECIES: Gfo/Idh/MocA family protein [Staphylococcus]	100	99.7	4.36e-254
BAAHTB010000001.1_160|188954|189922|1|ID=1_160;partial=00;start_type=ATG;rbs_motif=AGGAG;rbs_spacer=5-10bp;gc_cont=0.356	WP_000690405.1 MULTISPECIES: sugar phosphate isomerase/epimerase family protein [Staphylococcus]	100	99.7	9.37e-246
BAAHTB010000001.1_161|190283|190777|-1|ID=1_161;partial=00;start_type=ATG;rbs_motif=GGAG/GAGG;rbs_spacer=5-10bp;gc_cont=0.267	WP_000603755.1 MULTISPECIES: isoprenylcysteine carboxyl methyltransferase family protein [Staphylococcus]	100	99.4	8.00e-105
BAAHTB010000001.1_162|190992|192389|1|ID=1_162;partial=00;start_type=ATG;rbs_motif=None;rbs_spacer=None;gc_cont=0.363	WP_001008722.1 MULTISPECIES: hexose-6-phosphate:phosphate antiporter [Staphylococcus]	100	98.5	0.0
BAAHTB010000001.1_163|192748|193506|-1|ID=1_163;partial=00;start_type=ATG;rbs_motif=GGA/GAG/AGG;rbs_spacer=5-10bp;gc_cont=0.325	WP_000477526.1 MULTISPECIES: response regulator transcription factor [Staphylococcus]	100	99.6	2.09e-182
BAAHTB010000001.1_164|193499|195055|-1|ID=1_164;partial=00;start_type=ATG;rbs_motif=GGAG/GAGG;rbs_spacer=5-10bp;gc_cont=0.329	WP_000127990.1 MULTISPECIES: sensor histidine kinase [Staphylococcus]	100	99.8	0.0
BAAHTB010000001.1_165|195052|196020|-1|ID=1_165;partial=00;start_type=ATG;rbs_motif=None;rbs_spacer=None;gc_cont=0.343	WP_000837116.1 MULTISPECIES: ABC transporter substrate-binding protein [Staphylococcus]	100	99.7	2.74e-229
BAAHTB010000001.1_166|196608|198857|1|ID=1_166;partial=00;start_type=ATG;rbs_motif=GGAG/GAGG;rbs_spacer=5-10bp;gc_cont=0.368	WP_000894660.1 MULTISPECIES: formate C-acetyltransferase [Staphylococcus]	100	99.9	0.0
BAAHTB010000001.1_167|198880|199635|1|ID=1_167;partial=00;start_type=ATG;rbs_motif=GGA/GAG/AGG;rbs_spacer=5-10bp;gc_cont=0.364	WP_000911657.1 MULTISPECIES: pyruvate formate-lyase-activating protein [Staphylococcus]	100	99.6	5.37e-189
BAAHTB010000001.1_168|199957|201720|1|ID=1_168;partial=00;start_type=ATG;rbs_motif=GGAG/GAGG;rbs_spacer=5-10bp;gc_cont=0.310	WP_000822589.1 glycerophosphoryl diester phosphodiesterase membrane domain-containing protein [Staphylococcus aureus]	100	99.8	0.0
BAAHTB010000001.1_169|201884|202228|-1|ID=1_169;partial=00;start_type=ATG;rbs_motif=AGGAG;rbs_spacer=5-10bp;gc_cont=0.325	WP_000211597.1 MULTISPECIES: complement inhibitor SCIN family protein [Staphylococcus]	100	99.1	1.61e-71
BAAHTB010000001.1_170|202418|204394|1|ID=1_170;partial=00;start_type=ATG;rbs_motif=AGGA/GGAG/GAGG;rbs_spacer=11-12bp;gc_cont=0.347	WP_075339631.1 staphylocoagulase, partial [Staphylococcus aureus]	100	77.5	1.93e-313
BAAHTB010000001.1_171|204981|206165|-1|ID=1_171;partial=00;start_type=ATG;rbs_motif=GGAG/GAGG;rbs_spacer=5-10bp;gc_cont=0.435	WP_001154619.1 MULTISPECIES: thiolase family protein [Staphylococcus]	99.7	99.7	2.53e-275
BAAHTB010000001.1_172|206195|208456|-1|ID=1_172;partial=00;start_type=ATG;rbs_motif=GGAG/GAGG;rbs_spacer=5-10bp;gc_cont=0.376	WP_000154537.1 MULTISPECIES: 3-hydroxyacyl-CoA dehydrogenase/crotonase FadB [Staphylococcus]	100	99.9	0.0
BAAHTB010000001.1_173|208642|209853|-1|ID=1_173;partial=00;start_type=ATG;rbs_motif=AGGAG;rbs_spacer=5-10bp;gc_cont=0.391	WP_000142199.1 acyl-CoA dehydrogenase FadE [Staphylococcus aureus]	100	99.8	3.72e-293
BAAHTB010000001.1_174|209965|211470|-1|ID=1_174;partial=00;start_type=ATG;rbs_motif=GGA/GAG/AGG;rbs_spacer=5-10bp;gc_cont=0.374	WP_001008400.1 MULTISPECIES: long-chain-fatty-acid--CoA ligase FadD [Staphylococcus]	100	99.8	0.0
BAAHTB010000001.1_175|211496|213073|-1|ID=1_175;partial=00;start_type=ATG;rbs_motif=None;rbs_spacer=None;gc_cont=0.371	WP_001795358.1 MULTISPECIES: fatty acid degradation protein FadX [Staphylococcus]	100	99.8	0.0
BAAHTB010000001.1_176|213427|214656|1|ID=1_176;partial=00;start_type=ATG;rbs_motif=GGA/GAG/AGG;rbs_spacer=5-10bp;gc_cont=0.346	WP_010922818.1 MULTISPECIES: PrsW family intramembrane metalloprotease [Staphylococcus]	100	92.7	5.75e-261
BAAHTB010000001.1_177|214970|216445|-1|ID=1_177;partial=00;start_type=ATG;rbs_motif=GGA/GAG/AGG;rbs_spacer=5-10bp;gc_cont=0.311	WP_000669656.1 MULTISPECIES: nickel ABC transporter substrate-binding protein [Staphylococcus]	100	99.8	0.0
BAAHTB010000001.1_178|216643|216999|-1|ID=1_178;partial=00;start_type=ATG;rbs_motif=AGGAG;rbs_spacer=5-10bp;gc_cont=0.353	WP_000215216.1 MULTISPECIES: DUF488 domain-containing protein [Staphylococcus]	100	99.2	8.82e-80
BAAHTB010000001.1_179|217156|217329|-1|ID=1_179;partial=00;start_type=ATG;rbs_motif=AGGA/GGAG/GAGG;rbs_spacer=11-12bp;gc_cont=0.259	WP_000773989.1 MULTISPECIES: hypothetical protein [Staphylococcus]	100	98.3	2.46e-29
BAAHTB010000001.1_180|217355|218500|-1|ID=1_180;partial=00;start_type=ATG;rbs_motif=AGGAG;rbs_spacer=5-10bp;gc_cont=0.350	WP_000954799.1 MULTISPECIES: globin domain-containing protein [Staphylococcus]	100	99.7	3.06e-274
BAAHTB010000001.1_181|219073|220026|1|ID=1_181;partial=00;start_type=ATG;rbs_motif=GGAG/GAGG;rbs_spacer=5-10bp;gc_cont=0.372	WP_001031880.1 MULTISPECIES: L-lactate dehydrogenase [Staphylococcus]	100	99.7	5.47e-222
BAAHTB010000001.1_182|220346|221875|-1|ID=1_182;partial=00;start_type=ATG;rbs_motif=AGGAG;rbs_spacer=5-10bp;gc_cont=0.393	WP_000838205.1 MULTISPECIES: glucose-specific PTS transporter subunit IIBC [Staphylococcus]	100	99.8	0.0
BAAHTB010000001.1_183|222237|223172|1|ID=1_183;partial=00;start_type=ATG;rbs_motif=GGA/GAG/AGG;rbs_spacer=5-10bp;gc_cont=0.395	WP_000823221.1 MULTISPECIES: nucleoside hydrolase [Staphylococcus]	100	99.7	2.07e-223
BAAHTB010000001.1_184|223510|225606|1|ID=1_184;partial=00;start_type=ATG;rbs_motif=AGGAG;rbs_spacer=5-10bp;gc_cont=0.330	WP_001012737.1 MULTISPECIES: BglG family transcription antiterminator [Staphylococcus]	99.9	99.9	0.0
BAAHTB010000001.1_185|225591|226058|1|ID=1_185;partial=00;start_type=ATG;rbs_motif=GGAG/GAGG;rbs_spacer=5-10bp;gc_cont=0.353	WP_000531476.1 MULTISPECIES: PTS sugar transporter subunit IIA [Staphylococcus]	100	99.4	2.64e-101
BAAHTB010000001.1_186|226081|226359|1|ID=1_186;partial=00;start_type=ATG;rbs_motif=GGAG/GAGG;rbs_spacer=5-10bp;gc_cont=0.312	WP_000815795.1 MULTISPECIES: PTS sugar transporter subunit IIB [Bacilli]	100	98.9	5.84e-57
BAAHTB010000001.1_187|226586|227845|1|ID=1_187;partial=00;start_type=ATG;rbs_motif=GGAG/GAGG;rbs_spacer=5-10bp;gc_cont=0.370	WP_000120109.1 MULTISPECIES: PTS galactitol transporter subunit IIC [Staphylococcus]	100	99.8	6.59e-286
BAAHTB010000001.1_188|227860|228918|1|ID=1_188;partial=00;start_type=GTG;rbs_motif=GGAG/GAGG;rbs_spacer=5-10bp;gc_cont=0.367	WP_000646211.1 zinc-binding dehydrogenase [Staphylococcus aureus]	99.7	99.4	1.79e-258
BAAHTB010000001.1_189|228920|229066|1|ID=1_189;partial=00;start_type=ATG;rbs_motif=AGGAG;rbs_spacer=5-10bp;gc_cont=0.306	WP_000230358.1 MULTISPECIES: hypothetical protein [Bacteria]	100	98.0	3.61e-25
BAAHTB010000001.1_190|229090|230133|1|ID=1_190;partial=00;start_type=GTG;rbs_motif=GGAG/GAGG;rbs_spacer=5-10bp;gc_cont=0.381	WP_000645608.1 MULTISPECIES: galactitol-1-phosphate 5-dehydrogenase [Staphylococcus]	100	99.7	2.00e-255
BAAHTB010000001.1_191|230661|231377|1|ID=1_191;partial=00;start_type=ATG;rbs_motif=GGAG/GAGG;rbs_spacer=5-10bp;gc_cont=0.328	WP_000638472.1 2-C-methyl-D-erythritol 4-phosphate cytidylyltransferase [Staphylococcus aureus]	100	99.6	6.95e-165
BAAHTB010000001.1_192|231370|232395|1|ID=1_192;partial=00;start_type=ATG;rbs_motif=GGA/GAG/AGG;rbs_spacer=11-12bp;gc_cont=0.350	WP_000610178.1 alcohol dehydrogenase catalytic domain-containing protein [Staphylococcus aureus]	100	99.7	2.60e-248
BAAHTB010000001.1_193|232417|234111|1|ID=1_193;partial=00;start_type=ATG;rbs_motif=GGA/GAG/AGG;rbs_spacer=5-10bp;gc_cont=0.329	WP_000167979.1 MULTISPECIES: teichoic acid ribitol-phosphate polymerase TarK [Staphylococcus]	100	99.8	0.0
BAAHTB010000001.1_194|234539|235708|1|ID=1_194;partial=00;start_type=ATG;rbs_motif=GGAG/GAGG;rbs_spacer=5-10bp;gc_cont=0.335	WP_000594817.1 MULTISPECIES: teichoic acid glycerol-phosphate transferase TarF [Staphylococcus]	99.7	99.7	2.40e-291
BAAHTB010000001.1_195|235984|236700|1|ID=1_195;partial=00;start_type=ATG;rbs_motif=GGAG/GAGG;rbs_spacer=5-10bp;gc_cont=0.322	WP_000872486.1 MULTISPECIES: D-ribitol-5-phosphate cytidylyltransferase [Staphylococcus]	100	99.6	1.71e-165
BAAHTB010000001.1_196|236666|237718|1|ID=1_196;partial=00;start_type=ATG;rbs_motif=None;rbs_spacer=None;gc_cont=0.336	WP_000610204.1 MULTISPECIES: ribitol-5-phosphate dehydrogenase [Staphylococcus]	100	97.2	4.19e-245
BAAHTB010000001.1_197|237740|239428|1|ID=1_197;partial=00;start_type=TTG;rbs_motif=AGGA;rbs_spacer=5-10bp;gc_cont=0.320	WP_000240920.1 MULTISPECIES: teichoic acid ribitol-phosphate polymerase TarL [Staphylococcus]	100	99.8	0.0
BAAHTB010000001.1_198|239461|241182|1|ID=1_198;partial=00;start_type=ATG;rbs_motif=GGAG/GAGG;rbs_spacer=5-10bp;gc_cont=0.321	WP_000975351.1 MULTISPECIES: poly(ribitol-phosphate) beta-N-acetylglucosaminyltransferase [Staphylococcus]	100	99.8	0.0
BAAHTB010000001.1_199|241326|241499|1|ID=1_199;partial=00;start_type=ATG;rbs_motif=AGGAG;rbs_spacer=5-10bp;gc_cont=0.322	WP_182878933.1 DUF542 domain-containing protein, partial [Staphylococcus aureus]	100	93.1	1.73e-29
BAAHTB010000001.1_200|241627|242001|1|ID=1_200;partial=00;start_type=GTG;rbs_motif=None;rbs_spacer=None;gc_cont=0.328	WP_047928141.1 iron-sulfur cluster repair di-iron protein ScdA [Staphylococcus aureus]	99.2	99.2	1.49e-82
BAAHTB010000001.1_201|242261|244000|1|ID=1_201;partial=00;start_type=ATG;rbs_motif=None;rbs_spacer=None;gc_cont=0.355	WP_000925394.1 sensor histidine kinase [Staphylococcus aureus]	100	99.8	0.0
BAAHTB010000001.1_202|244003|244743|1|ID=1_202;partial=00;start_type=ATG;rbs_motif=AGGAG;rbs_spacer=5-10bp;gc_cont=0.323	WP_000645451.1 response regulator transcription factor LytR [Staphylococcus aureus]	100	99.6	1.46e-170
BAAHTB010000001.1_203|244856|245299|1|ID=1_203;partial=00;start_type=ATG;rbs_motif=GGA/GAG/AGG;rbs_spacer=5-10bp;gc_cont=0.345	WP_001792906.1 MULTISPECIES: antiholin-like murein hydrolase modulator LrgA [Staphylococcus]	100	99.3	2.67e-88
BAAHTB010000001.1_204|245292|245993|1|ID=1_204;partial=00;start_type=ATG;rbs_motif=AGGAG;rbs_spacer=5-10bp;gc_cont=0.366	WP_000607067.1 MULTISPECIES: antiholin-like protein LrgB [Staphylococcus]	100	99.6	4.81e-149
BAAHTB010000001.1_205|246101|246805|-1|ID=1_205;partial=00;start_type=TTG;rbs_motif=GGAG/GAGG;rbs_spacer=5-10bp;gc_cont=0.329	WP_000922320.1 MULTISPECIES: GntR family transcriptional regulator [Staphylococcus]	100	99.6	2.64e-167
BAAHTB010000001.1_206|246954|247745|1|ID=1_206;partial=00;start_type=ATG;rbs_motif=AGGA/GGAG/GAGG;rbs_spacer=11-12bp;gc_cont=0.352	WP_000066931.1 MULTISPECIES: glucose PTS transporter subunit IIA [Staphylococcus]	100	99.6	2.72e-179
BAAHTB010000001.1_207|247761|249197|1|ID=1_207;partial=00;start_type=ATG;rbs_motif=AGGA/GGAG/GAGG;rbs_spacer=11-12bp;gc_cont=0.367	WP_000164003.1 MULTISPECIES: 6-phospho-beta-glucosidase [Staphylococcus]	100	99.8	0.0
BAAHTB010000001.1_208|249594|250355|-1|ID=1_208;partial=00;start_type=ATG;rbs_motif=AGGAG;rbs_spacer=5-10bp;gc_cont=0.341	WP_000031262.1 MULTISPECIES: class I SAM-dependent methyltransferase [Staphylococcus]	100	99.6	2.64e-181
BAAHTB010000001.1_209|250606|251520|-1|ID=1_209;partial=00;start_type=ATG;rbs_motif=AGGAG;rbs_spacer=5-10bp;gc_cont=0.378	WP_000182746.1 MULTISPECIES: ribokinase [Staphylococcus]	100	99.7	2.11e-208
BAAHTB010000001.1_210|251548|251952|-1|ID=1_210;partial=00;start_type=ATG;rbs_motif=AGGAG;rbs_spacer=5-10bp;gc_cont=0.328	WP_000747873.1 MULTISPECIES: D-ribose pyranase [Staphylococcus]	100	99.3	5.86e-88
BAAHTB010000001.1_211|251967|252848|-1|ID=1_211;partial=00;start_type=ATG;rbs_motif=GGAG/GAGG;rbs_spacer=5-10bp;gc_cont=0.381	WP_000029196.1 MULTISPECIES: ribose/proton symporter RbsU [Staphylococcus]	100	99.7	1.37e-203
BAAHTB010000001.1_212|253080|254078|-1|ID=1_212;partial=00;start_type=ATG;rbs_motif=AGGA;rbs_spacer=5-10bp;gc_cont=0.371	WP_000757880.1 MULTISPECIES: ribose utilization transcriptional repressor RbsR [Staphylococcus]	100	99.7	1.00e-236
BAAHTB010000001.1_213|254458|254850|1|ID=1_213;partial=00;start_type=ATG;rbs_motif=GGAG/GAGG;rbs_spacer=5-10bp;gc_cont=0.267	WP_001159765.1 MULTISPECIES: hypothetical protein [Staphylococcus]	100	99.2	8.78e-88
BAAHTB010000001.1_214|254978|256354|-1|ID=1_214;partial=00;start_type=GTG;rbs_motif=AGGAG;rbs_spacer=5-10bp;gc_cont=0.377	WP_001066548.1 MULTISPECIES: MFS transporter [Staphylococcus]	100	99.8	3.31e-308
BAAHTB010000001.1_215|256588|257580|1|ID=1_215;partial=00;start_type=ATG;rbs_motif=AGGAG;rbs_spacer=5-10bp;gc_cont=0.360	WP_000337368.1 MULTISPECIES: choloylglycine hydrolase family protein [Staphylococcus]	100	99.7	3.68e-247
BAAHTB010000001.1_216|257888|258856|1|ID=1_216;partial=00;start_type=ATG;rbs_motif=None;rbs_spacer=None;gc_cont=0.396	WP_000736784.1 MULTISPECIES: glycine-glycine endopeptidase LytM [Staphylococcus]	100	97.8	2.10e-227
BAAHTB010000001.1_217|258908|259567|-1|ID=1_217;partial=00;start_type=ATG;rbs_motif=AGGAG;rbs_spacer=5-10bp;gc_cont=0.315	WP_000570070.1 MULTISPECIES: ABC transporter ATP-binding protein [Staphylococcus]	100	99.5	4.57e-156
BAAHTB010000001.1_218|259581|260501|-1|ID=1_218;partial=00;start_type=ATG;rbs_motif=GGAG/GAGG;rbs_spacer=5-10bp;gc_cont=0.314	WP_000806102.1 MULTISPECIES: ABC transporter permease [Staphylococcus]	100	99.7	5.20e-194
BAAHTB010000001.1_219|260498|261664|-1|ID=1_219;partial=00;start_type=ATG;rbs_motif=AGGAG;rbs_spacer=5-10bp;gc_cont=0.322	WP_000848761.1 MULTISPECIES: ABC transporter permease [Staphylococcus]	100	99.7	3.50e-263
BAAHTB010000001.1_220|261732|263255|-1|ID=1_220;partial=00;start_type=ATG;rbs_motif=GGAG/GAGG;rbs_spacer=5-10bp;gc_cont=0.290	WP_000038527.1 MULTISPECIES: DUF6583 family protein [Staphylococcus]	100	99.8	0.0
BAAHTB010000001.1_221|263586|264488|-1|ID=1_221;partial=00;start_type=ATG;rbs_motif=GGA/GAG/AGG;rbs_spacer=5-10bp;gc_cont=0.372	WP_000751215.1 MULTISPECIES: CHAP domain-containing protein [Staphylococcus]	100	98.7	6.85e-209
BAAHTB010000001.1_222|264727|265020|1|ID=1_222;partial=00;start_type=ATG;rbs_motif=AGGAG;rbs_spacer=5-10bp;gc_cont=0.378	WP_001240826.1 MULTISPECIES: WXG100 family type VII secretion effector EsxA [Staphylococcus]	100	99.0	5.04e-58
BAAHTB010000001.1_223|265103|268132|1|ID=1_223;partial=00;start_type=ATG;rbs_motif=AGGA;rbs_spacer=5-10bp;gc_cont=0.308	WP_000728933.1 type VII secretion protein EsaA [Staphylococcus aureus]	100	99.9	0.0
BAAHTB010000001.1_224|268132|268590|1|ID=1_224;partial=00;start_type=ATG;rbs_motif=GGA/GAG/AGG;rbs_spacer=5-10bp;gc_cont=0.325	WP_000928938.1 MULTISPECIES: type VII secretion protein EssA [Staphylococcus]	100	99.3	5.57e-97
BAAHTB010000001.1_225|268562|268804|1|ID=1_225;partial=00;start_type=ATG;rbs_motif=AGGA/GGAG/GAGG;rbs_spacer=11-12bp;gc_cont=0.292	WP_001071605.1 type VII secretion protein EsaB [Staphylococcus aureus]	100	98.8	4.29e-49
BAAHTB010000001.1_226|268817|270151|1|ID=1_226;partial=00;start_type=ATG;rbs_motif=AGGAG;rbs_spacer=5-10bp;gc_cont=0.299	WP_031796234.1 type VII secretion protein EssB, partial [Staphylococcus aureus]	100	87.9	2.16e-276
BAAHTB010000001.1_227|270173|274612|1|ID=1_227;partial=00;start_type=ATG;rbs_motif=GGAG/GAGG;rbs_spacer=5-10bp;gc_cont=0.339	WP_000549295.1 type VII secretion protein EssC [Staphylococcus aureus]	100	99.9	0.0
BAAHTB010000001.1_228|274642|275034|1|ID=1_228;partial=00;start_type=ATG;rbs_motif=AGGAGG;rbs_spacer=5-10bp;gc_cont=0.310	WP_001010292.1 MULTISPECIES: type VII secretion substrate EsaC [Staphylococcus]	100	99.2	3.05e-79
BAAHTB010000001.1_229|275050|275364|1|ID=1_229;partial=00;start_type=ATG;rbs_motif=GGAG/GAGG;rbs_spacer=5-10bp;gc_cont=0.384	WP_000509671.1 MULTISPECIES: WXG100 family type VII secretion effector EsxB [Staphylococcus]	100	99.0	1.98e-65
BAAHTB010000001.1_230|275361|276038|1|ID=1_230;partial=00;start_type=ATG;rbs_motif=GGA/GAG/AGG;rbs_spacer=5-10bp;gc_cont=0.291	WP_000655881.1 MULTISPECIES: DUF5081 family protein [Staphylococcus]	100	99.1	5.13e-158
BAAHTB010000001.1_231|276038|276355|1|ID=1_231;partial=00;start_type=ATG;rbs_motif=GGA/GAG/AGG;rbs_spacer=5-10bp;gc_cont=0.371	WP_000175722.1 MULTISPECIES: type VII secretion system extracellular protein EsxD [Staphylococcus]	100	99.1	3.14e-67
BAAHTB010000001.1_232|276365|278209|1|ID=1_232;partial=00;start_type=ATG;rbs_motif=GGA/GAG/AGG;rbs_spacer=5-10bp;gc_cont=0.350	WP_000159017.1 ribonuclease YeeF family protein [Staphylococcus aureus]	99.0	99.8	0.0
BAAHTB010000001.1_233|278220|278711|1|ID=1_233;partial=00;start_type=ATG;rbs_motif=GGAG/GAGG;rbs_spacer=5-10bp;gc_cont=0.313	WP_000142044.1 MULTISPECIES: TIGR01741 family protein [Staphylococcus]	100	99.4	6.39e-115
BAAHTB010000001.1_234|278914|279597|1|ID=1_234;partial=00;start_type=ATG;rbs_motif=AGGAG;rbs_spacer=5-10bp;gc_cont=0.273	WP_000208417.1 MULTISPECIES: DUF5079 family protein [Staphylococcus]	100	99.6	1.76e-148
BAAHTB010000001.1_235|279743|280354|1|ID=1_235;partial=00;start_type=ATG;rbs_motif=GGAG/GAGG;rbs_spacer=5-10bp;gc_cont=0.281	WP_000394911.1 MULTISPECIES: DUF5080 family protein [Staphylococcus]	100	99.5	8.43e-126
BAAHTB010000001.1_236|280489|280707|1|ID=1_236;partial=00;start_type=ATG;rbs_motif=AGGAG;rbs_spacer=5-10bp;gc_cont=0.269	WP_000431307.1 MULTISPECIES: hypothetical protein [Staphylococcus]	100	98.6	6.03e-41
BAAHTB010000001.1_237|280839|281339|1|ID=1_237;partial=00;start_type=ATG;rbs_motif=GGA/GAG/AGG;rbs_spacer=5-10bp;gc_cont=0.295	WP_000142138.1 MULTISPECIES: TIGR01741 family protein [Staphylococcus]	100	99.4	6.03e-101
BAAHTB010000001.1_238|281350|281850|1|ID=1_238;partial=00;start_type=ATG;rbs_motif=GGAG/GAGG;rbs_spacer=5-10bp;gc_cont=0.301	WP_000141939.1 TIGR01741 family protein [Staphylococcus aureus]	100	99.4	5.87e-117
BAAHTB010000001.1_239|281861|282346|1|ID=1_239;partial=00;start_type=ATG;rbs_motif=GGA/GAG/AGG;rbs_spacer=5-10bp;gc_cont=0.305	WP_000575678.1 MULTISPECIES: TIGR01741 family protein [Staphylococcus]	100	99.4	8.11e-117
BAAHTB010000001.1_240|282971|283345|1|ID=1_240;partial=00;start_type=ATG;rbs_motif=AGGAG;rbs_spacer=5-10bp;gc_cont=0.267	WP_000822161.1 MULTISPECIES: DUF4467 domain-containing protein [Staphylococcus]	100	99.2	4.80e-80
BAAHTB010000001.1_241|283495|283893|1|ID=1_241;partial=00;start_type=ATG;rbs_motif=AGGAG;rbs_spacer=5-10bp;gc_cont=0.316	WP_000415665.1 MULTISPECIES: DUF4064 domain-containing protein [Staphylococcus]	100	99.2	5.64e-76
BAAHTB010000001.1_242|284109|284954|-1|ID=1_242;partial=00;start_type=ATG;rbs_motif=None;rbs_spacer=None;gc_cont=0.333	WP_000834168.1 formate/nitrite transporter family protein [Staphylococcus aureus]	100	99.6	3.45e-191
BAAHTB010000001.1_243|285170|286477|-1|ID=1_243;partial=00;start_type=TTG;rbs_motif=AGGA;rbs_spacer=5-10bp;gc_cont=0.352	WP_000745087.1 MULTISPECIES: branched-chain amino acid transport system II carrier protein BrnQ2 [Staphylococcus]	100	99.8	1.68e-303
BAAHTB010000001.1_244|287061|287951|1|ID=1_244;partial=00;start_type=ATG;rbs_motif=GGAG/GAGG;rbs_spacer=5-10bp;gc_cont=0.331	WP_001033876.1 MULTISPECIES: 5'-nucleotidase, lipoprotein e(P4) family [Staphylococcus]	100	99.7	2.19e-206
BAAHTB010000001.1_245|288200|289249|1|ID=1_245;partial=00;start_type=ATG;rbs_motif=GGAG/GAGG;rbs_spacer=5-10bp;gc_cont=0.331	WP_000477931.1 MULTISPECIES: ABC transporter permease [Staphylococcus]	100	99.7	8.84e-235
BAAHTB010000001.1_246|289262|289939|1|ID=1_246;partial=00;start_type=ATG;rbs_motif=AGGAG;rbs_spacer=5-10bp;gc_cont=0.336	WP_000911017.1 MULTISPECIES: ABC transporter ATP-binding protein [Staphylococcus]	100	99.6	2.33e-152
BAAHTB010000001.1_247|290141|291178|1|ID=1_247;partial=00;start_type=ATG;rbs_motif=None;rbs_spacer=None;gc_cont=0.382	WP_223808404.1 PTS sugar transporter subunit IIC [Staphylococcus aureus]	99.7	96.0	8.39e-205
BAAHTB010000001.1_248|291521|292639|1|ID=1_248;partial=00;start_type=ATG;rbs_motif=AGGAG;rbs_spacer=5-10bp;gc_cont=0.342	WP_001283968.1 MULTISPECIES: carbohydrate kinase [Staphylococcus]	100	99.7	1.10e-267
BAAHTB010000001.1_249|292614|293537|1|ID=1_249;partial=00;start_type=ATG;rbs_motif=GGAG/GAGG;rbs_spacer=5-10bp;gc_cont=0.382	WP_000002071.1 MULTISPECIES: pseudouridine-5'-phosphate glycosidase [Staphylococcus]	100	99.7	9.27e-209
BAAHTB010000001.1_250|293548|294768|1|ID=1_250;partial=00;start_type=ATG;rbs_motif=GGA/GAG/AGG;rbs_spacer=5-10bp;gc_cont=0.328	WP_001022972.1 MULTISPECIES: NupC/NupG family nucleoside CNT transporter [Staphylococcus]	100	99.8	6.58e-268
BAAHTB010000001.1_251|294873|296405|-1|ID=1_251;partial=00;start_type=ATG;rbs_motif=GGA/GAG/AGG;rbs_spacer=5-10bp;gc_cont=0.357	WP_000665727.1 MULTISPECIES: sodium:solute symporter [Staphylococcus]	100	99.8	0.0
BAAHTB010000001.1_252|296445|297326|-1|ID=1_252;partial=00;start_type=ATG;rbs_motif=GGAG/GAGG;rbs_spacer=5-10bp;gc_cont=0.353	WP_001030736.1 MULTISPECIES: N-acetylneuraminate lyase [Staphylococcus]	100	99.7	3.00e-207
BAAHTB010000001.1_253|297442|298344|1|ID=1_253;partial=00;start_type=ATG;rbs_motif=None;rbs_spacer=None;gc_cont=0.370	WP_064646651.1 ROK family protein [Staphylococcus aureus]	98.7	99.7	1.44e-213
BAAHTB010000001.1_254|298621|299421|-1|ID=1_254;partial=00;start_type=ATG;rbs_motif=GGA/GAG/AGG;rbs_spacer=5-10bp;gc_cont=0.336	WP_000667382.1 MULTISPECIES: MurR/RpiR family transcriptional regulator [Staphylococcus]	100	99.6	3.72e-183
BAAHTB010000001.1_255|299561|300229|1|ID=1_255;partial=00;start_type=ATG;rbs_motif=GGAG/GAGG;rbs_spacer=5-10bp;gc_cont=0.381	WP_000936718.1 MULTISPECIES: N-acetylmannosamine-6-phosphate 2-epimerase [Staphylococcus]	100	99.6	7.86e-154
BAAHTB010000001.1_256|300360|301721|-1|ID=1_256;partial=00;start_type=ATG;rbs_motif=GGA/GAG/AGG;rbs_spacer=5-10bp;gc_cont=0.359	WP_001077725.1 MULTISPECIES: YjiH family protein [Staphylococcus]	100	96.3	9.81e-299
BAAHTB010000001.1_257|302091|304166|1|ID=1_257;partial=00;start_type=ATG;rbs_motif=GGAG/GAGG;rbs_spacer=5-10bp;gc_cont=0.378	WP_031901816.1 YSIRK domain-containing triacylglycerol lipase Lip2/Geh [Staphylococcus aureus]	98.1	99.9	0.0
BAAHTB010000001.1_258|304408|305235|-1|ID=1_258;partial=00;start_type=GTG;rbs_motif=AGGA/GGAG/GAGG;rbs_spacer=11-12bp;gc_cont=0.341	WP_000136054.1 MULTISPECIES: alpha/beta hydrolase [Staphylococcus]	100	99.6	5.39e-201
BAAHTB010000001.1_259|305308|306507|-1|ID=1_259;partial=00;start_type=ATG;rbs_motif=AGGA;rbs_spacer=5-10bp;gc_cont=0.395	WP_000286459.1 MULTISPECIES: NADH-dependent flavin oxidoreductase [Staphylococcus]	100	99.8	4.50e-292
BAAHTB010000001.1_260|306809|307810|1|ID=1_260;partial=00;start_type=TTG;rbs_motif=GGAG/GAGG;rbs_spacer=5-10bp;gc_cont=0.376	WP_000240063.1 MULTISPECIES: LLM class flavin-dependent oxidoreductase [Staphylococcus]	100	99.7	7.96e-239
BAAHTB010000001.1_261|307844|308176|1|ID=1_261;partial=00;start_type=ATG;rbs_motif=AGGA;rbs_spacer=5-10bp;gc_cont=0.363	WP_000731878.1 MULTISPECIES: glycine cleavage system protein H [Staphylococcus]	100	99.1	9.88e-71
BAAHTB010000001.1_262|308177|308977|1|ID=1_262;partial=00;start_type=ATG;rbs_motif=GGAG/GAGG;rbs_spacer=5-10bp;gc_cont=0.363	WP_000449069.1 MULTISPECIES: protein-ADP-ribose hydrolase [Staphylococcus]	100	99.6	6.25e-191
BAAHTB010000001.1_263|308967|309911|1|ID=1_263;partial=00;start_type=ATG;rbs_motif=AGGAG(G)/GGAGG;rbs_spacer=13-15bp;gc_cont=0.370	WP_001191954.1 MULTISPECIES: SIR2 family NAD-dependent protein deacylase [Staphylococcus]	100	99.7	9.91e-228
BAAHTB010000001.1_264|309889|310911|1|ID=1_264;partial=00;start_type=ATG;rbs_motif=GGAG/GAGG;rbs_spacer=5-10bp;gc_cont=0.341	WP_000280799.1 MULTISPECIES: lipoate--protein ligase [Staphylococcus]	100	99.7	1.14e-246
BAAHTB010000001.1_265|311227|312252|1|ID=1_265;partial=00;start_type=ATG;rbs_motif=AGGAG;rbs_spacer=5-10bp;gc_cont=0.353	WP_001060935.1 MULTISPECIES: SDR family oxidoreductase [Staphylococcus]	100	99.7	8.95e-240
BAAHTB010000001.1_266|312346|313692|-1|ID=1_266;partial=00;start_type=ATG;rbs_motif=AGGAG;rbs_spacer=5-10bp;gc_cont=0.380	WP_001147974.1 MULTISPECIES: PTS ascorbate transporter subunit IIC [Staphylococcus]	100	99.8	7.69e-302
BAAHTB010000001.1_267|313707|313991|-1|ID=1_267;partial=00;start_type=ATG;rbs_motif=AGGAG;rbs_spacer=5-10bp;gc_cont=0.354	WP_000699538.1 MULTISPECIES: PTS sugar transporter subunit IIB [Staphylococcus]	100	98.9	1.65e-57
BAAHTB010000001.1_268|313993|314436|-1|ID=1_268;partial=00;start_type=GTG;rbs_motif=AGGAG;rbs_spacer=5-10bp;gc_cont=0.356	WP_000050760.1 MULTISPECIES: PTS sugar transporter subunit IIA [Staphylococcus]	100	99.3	7.72e-97
BAAHTB010000001.1_269|314441|316396|-1|ID=1_269;partial=00;start_type=TTG;rbs_motif=AGGAG;rbs_spacer=5-10bp;gc_cont=0.347	WP_000954271.1 MULTISPECIES: BglG family transcription antiterminator [Staphylococcus]	100	99.8	0.0
BAAHTB010000001.1_270|316608|317027|1|ID=1_270;partial=00;start_type=ATG;rbs_motif=None;rbs_spacer=None;gc_cont=0.333	WP_000397416.1 MULTISPECIES: multidrug efflux transporter transcriptional repressor MepR [Staphylococcus]	100	99.3	1.47e-88
BAAHTB010000001.1_271|317134|318489|1|ID=1_271;partial=00;start_type=ATG;rbs_motif=AGGAG;rbs_spacer=5-10bp;gc_cont=0.328	WP_000651051.1 MULTISPECIES: multidrug efflux MATE transporter MepA [Staphylococcus]	100	99.8	2.66e-299
BAAHTB010000001.1_272|318593|319051|1|ID=1_272;partial=00;start_type=ATG;rbs_motif=GGA/GAG/AGG;rbs_spacer=5-10bp;gc_cont=0.292	WP_000278313.1 MepB family protein [Staphylococcus aureus]	100	99.3	5.81e-108
BAAHTB010000001.1_273|319115|320473|-1|ID=1_273;partial=00;start_type=ATG;rbs_motif=AGGAG;rbs_spacer=5-10bp;gc_cont=0.371	WP_001010111.1 MULTISPECIES: glycerol-3-phosphate transporter [Staphylococcus]	100	99.8	0.0
BAAHTB010000001.1_274|320722|321711|1|ID=1_274;partial=00;start_type=ATG;rbs_motif=GGA/GAG/AGG;rbs_spacer=5-10bp;gc_cont=0.336	WP_001028200.1 VOC family protein [Staphylococcus aureus]	100	93.3	1.63e-224
BAAHTB010000001.1_275|321725|322786|1|ID=1_275;partial=00;start_type=ATG;rbs_motif=AGGAG;rbs_spacer=5-10bp;gc_cont=0.366	WP_001096113.1 MULTISPECIES: LLM class flavin-dependent oxidoreductase [Staphylococcus]	100	99.7	1.85e-254
BAAHTB010000001.1_276|322800|323366|1|ID=1_276;partial=00;start_type=ATG;rbs_motif=AGGAG;rbs_spacer=5-10bp;gc_cont=0.333	WP_001028429.1 MULTISPECIES: NADPH-dependent FMN reductase [Staphylococcus]	100	99.5	9.41e-127
BAAHTB010000001.1_277|323425|324537|-1|ID=1_277;partial=00;start_type=ATG;rbs_motif=None;rbs_spacer=None;gc_cont=0.344	WP_000157630.1 MULTISPECIES: YeiH family protein [Staphylococcus]	100	89.2	1.29e-212
BAAHTB010000001.1_278|324785|325330|1|ID=1_278;partial=00;start_type=ATG;rbs_motif=GGAG/GAGG;rbs_spacer=5-10bp;gc_cont=0.352	WP_000467655.1 MULTISPECIES: GNAT family N-acetyltransferase [Staphylococcus]	100	99.5	1.41e-129
BAAHTB010000001.1_279|325597|326451|1|ID=1_279;partial=00;start_type=ATG;rbs_motif=GGAG/GAGG;rbs_spacer=5-10bp;gc_cont=0.310	WP_000737196.1 MULTISPECIES: iron uptake system protein EfeO [Staphylococcus]	100	99.6	5.92e-173
BAAHTB010000001.1_280|326448|327677|1|ID=1_280;partial=00;start_type=ATG;rbs_motif=None;rbs_spacer=None;gc_cont=0.372	WP_000186223.1 MULTISPECIES: iron uptake transporter deferrochelatase/peroxidase subunit [Staphylococcus]	100	99.8	1.27e-303
BAAHTB010000001.1_281|327658|329370|1|ID=1_281;partial=00;start_type=GTG;rbs_motif=GGAG/GAGG;rbs_spacer=5-10bp;gc_cont=0.343	WP_000683683.1 FTR1 family iron permease [Staphylococcus aureus]	100	99.8	0.0
BAAHTB010000001.1_282|329611|330216|-1|ID=1_282;partial=00;start_type=ATG;rbs_motif=None;rbs_spacer=None;gc_cont=0.338	WP_078098522.1 twin-arginine translocase subunit TatC [Staphylococcus aureus]	100	99.5	8.87e-137
BAAHTB010000001.1_283|330329|330544|-1|ID=1_283;partial=00;start_type=ATG;rbs_motif=GGAG/GAGG;rbs_spacer=5-10bp;gc_cont=0.366	WP_000632273.1 twin-arginine translocase TatA/TatE family subunit [Enterobacter hormaechei]	100	98.6	1.06e-36
BAAHTB010000001.1_284|330652|331041|-1|ID=1_284;partial=00;start_type=ATG;rbs_motif=AGGAG;rbs_spacer=5-10bp;gc_cont=0.331	WP_000886004.1 MULTISPECIES: DUF1398 domain-containing protein [Staphylococcus]	100	99.2	2.84e-88
BAAHTB010000001.1_285|331281|331484|1|ID=1_285;partial=00;start_type=GTG;rbs_motif=AGGAG;rbs_spacer=5-10bp;gc_cont=0.397	WP_001246008.1 MULTISPECIES: helix-turn-helix transcriptional regulator [Staphylococcus]	100	98.5	9.36e-36
BAAHTB010000001.1_286|331481|332194|1|ID=1_286;partial=00;start_type=ATG;rbs_motif=AGGAG;rbs_spacer=5-10bp;gc_cont=0.317	WP_374731422.1 DUF3169 family protein [Staphylococcus aureus]	98.7	99.6	6.67e-142
BAAHTB010000001.1_287|332219|333061|1|ID=1_287;partial=00;start_type=ATG;rbs_motif=AGGAG;rbs_spacer=5-10bp;gc_cont=0.318	WP_000209551.1 MULTISPECIES: ABC transporter ATP-binding protein [Staphylococcus]	100	99.6	8.18e-194
BAAHTB010000001.1_288|333061|333690|1|ID=1_288;partial=00;start_type=ATG;rbs_motif=GGAG/GAGG;rbs_spacer=5-10bp;gc_cont=0.324	WP_000677725.1 MULTISPECIES: ABC-2 transporter permease [Staphylococcus]	99.5	99.5	4.95e-121
BAAHTB010000001.1_289|334077|335210|-1|ID=1_289;partial=00;start_type=ATG;rbs_motif=AGGAG;rbs_spacer=5-10bp;gc_cont=0.317	WP_000245682.1 MULTISPECIES: low temperature requirement protein A [Staphylococcus]	100	99.7	8.60e-263
BAAHTB010000001.1_290|335749|336930|1|ID=1_290;partial=00;start_type=ATG;rbs_motif=AGGA/GGAG/GAGG;rbs_spacer=11-12bp;gc_cont=0.385	WP_000199066.1 MULTISPECIES: acetyl-CoA C-acetyltransferase [Staphylococcus]	100	99.7	1.72e-277
BAAHTB010000001.1_291|337013|337765|-1|ID=1_291;partial=00;start_type=ATG;rbs_motif=None;rbs_spacer=None;gc_cont=0.373	WP_000195907.1 MULTISPECIES: cyclase family protein [Staphylococcus]	100	99.6	3.36e-187
BAAHTB010000001.1_292|337808|340036|-1|ID=1_292;partial=00;start_type=ATG;rbs_motif=AGGAG;rbs_spacer=5-10bp;gc_cont=0.343	WP_000207622.1 5-methyltetrahydropteroyltriglutamate--homocysteine S-methyltransferase [Staphylococcus aureus]	100	99.9	0.0
BAAHTB010000001.1_293|340033|341874|-1|ID=1_293;partial=00;start_type=ATG;rbs_motif=AGGAG;rbs_spacer=5-10bp;gc_cont=0.362	WP_000077317.1 MULTISPECIES: bifunctional homocysteine S-methyltransferase/methylenetetrahydrofolate reductase [Staphylococcus]	100	99.8	0.0
BAAHTB010000001.1_294|341843|343003|-1|ID=1_294;partial=00;start_type=ATG;rbs_motif=GGAG/GAGG;rbs_spacer=5-10bp;gc_cont=0.379	WP_000175854.1 MULTISPECIES: cystathionine beta-lyase MetC [Staphylococcus]	100	99.7	1.35e-275
BAAHTB010000001.1_295|343000|344103|-1|ID=1_295;partial=00;start_type=ATG;rbs_motif=AGGAG;rbs_spacer=5-10bp;gc_cont=0.354	WP_000655692.1 MULTISPECIES: PLP-dependent transferase [Staphylococcus]	100	99.7	3.78e-261
BAAHTB010000001.1_297|344765|345610|1|ID=1_297;partial=00;start_type=GTG;rbs_motif=None;rbs_spacer=None;gc_cont=0.338	WP_025175307.1 ParB/RepB/Spo0J family partition protein [Staphylococcus aureus]	100	99.6	7.78e-188
BAAHTB010000001.1_298|345776|346645|1|ID=1_298;partial=00;start_type=ATG;rbs_motif=GGA/GAG/AGG;rbs_spacer=5-10bp;gc_cont=0.314	WP_242414256.1 mechanosensitive ion channel family protein [Staphylococcus aureus]	100	99.7	2.01e-148
BAAHTB010000001.1_299|346675|346878|1|ID=1_299;partial=00;start_type=ATG;rbs_motif=GGAG/GAGG;rbs_spacer=5-10bp;gc_cont=0.309	WP_000157348.1 MULTISPECIES: DUF951 domain-containing protein [Staphylococcus]	100	98.5	8.59e-41
BAAHTB010000001.1_300|346890|347987|1|ID=1_300;partial=00;start_type=ATG;rbs_motif=AGGAG;rbs_spacer=5-10bp;gc_cont=0.353	WP_001218732.1 MULTISPECIES: redox-regulated ATPase YchF [Staphylococcus]	100	99.7	2.44e-256
BAAHTB010000001.1_301|348073|348264|-1|ID=1_301;partial=00;start_type=ATG;rbs_motif=GGAG/GAGG;rbs_spacer=5-10bp;gc_cont=0.328	WP_001052484.1 MULTISPECIES: hypothetical protein [Bacteria]	100	98.4	6.50e-41
BAAHTB010000001.1_302|348508|348804|1|ID=1_302;partial=00;start_type=ATG;rbs_motif=AGGAG(G)/GGAGG;rbs_spacer=13-15bp;gc_cont=0.380	WP_001261460.1 MULTISPECIES: 30S ribosomal protein S6 [Bacteria]	100	99.0	3.52e-63
BAAHTB010000001.1_303|348825|349328|1|ID=1_303;partial=00;start_type=ATG;rbs_motif=GGAG/GAGG;rbs_spacer=5-10bp;gc_cont=0.383	WP_061839556.1 single-stranded DNA-binding protein [Staphylococcus aureus]	91.6	99.4	1.08e-99
BAAHTB010000001.1_304|349380|349622|1|ID=1_304;partial=00;start_type=ATG;rbs_motif=AGGAG;rbs_spacer=5-10bp;gc_cont=0.370	WP_000897044.1 MULTISPECIES: 30S ribosomal protein S18 [Bacteria]	100	98.8	3.02e-49
BAAHTB010000001.1_305|349899|350873|-1|ID=1_305;partial=00;start_type=TTG;rbs_motif=GGAG/GAGG;rbs_spacer=5-10bp;gc_cont=0.280	WP_001817700.1 MULTISPECIES: Abi family protein [Staphylococcus]	100	96.0	7.65e-225
BAAHTB010000001.1_306|351170|351298|-1|ID=1_306;partial=00;start_type=ATG;rbs_motif=GGA/GAG/AGG;rbs_spacer=5-10bp;gc_cont=0.380	WP_326024596.1 tyrosine-type recombinase/integrase [Staphylococcus saprophyticus]	79.4	79.1	5.24e-06
BAAHTB010000001.1_307|351295|351435|-1|ID=1_307;partial=00;start_type=ATG;rbs_motif=None;rbs_spacer=None;gc_cont=0.326	WP_000237577.1 integrase [Staphylococcus aureus]	100	97.9	1.48e-24
BAAHTB010000001.1_308|351795|352406|1|ID=1_308;partial=00;start_type=ATG;rbs_motif=AGGAG;rbs_spacer=5-10bp;gc_cont=0.299	WP_000475325.1 MULTISPECIES: staphylococcal enterotoxin-like toxin X [Staphylococcus]	100	99.5	2.77e-140
BAAHTB010000001.1_310|352775|353143|1|ID=1_310;partial=00;start_type=TTG;rbs_motif=GGAG/GAGG;rbs_spacer=5-10bp;gc_cont=0.317	WP_000849163.1 MULTISPECIES: YxeA family protein [Staphylococcus]	100	99.2	5.66e-78
BAAHTB010000001.1_311|353324|353896|1|ID=1_311;partial=00;start_type=ATG;rbs_motif=GGA/GAG/AGG;rbs_spacer=5-10bp;gc_cont=0.309	WP_000769722.1 MULTISPECIES: PepSY domain-containing protein [Staphylococcus]	100	99.5	1.18e-121
BAAHTB010000001.1_312|354033|354296|-1|ID=1_312;partial=00;start_type=ATG;rbs_motif=GGAG/GAGG;rbs_spacer=5-10bp;gc_cont=0.295	WP_001055897.1 MULTISPECIES: helix-turn-helix domain-containing protein [Staphylococcus]	100	98.9	1.21e-58
BAAHTB010000001.1_313|354596|354847|1|ID=1_313;partial=00;start_type=ATG;rbs_motif=AGGAG;rbs_spacer=5-10bp;gc_cont=0.369	WP_050963020.1 GlsB/YeaQ/YmgE family stress response membrane protein [Staphylococcus aureus]	84.3	98.8	1.47e-37
BAAHTB010000001.1_314|354886|355095|-1|ID=1_314;partial=00;start_type=ATG;rbs_motif=None;rbs_spacer=None;gc_cont=0.271	WP_000211677.1 MULTISPECIES: hypothetical protein [Staphylococcus]	100	98.6	2.94e-42
BAAHTB010000001.1_315|355273|355854|1|ID=1_315;partial=00;start_type=ATG;rbs_motif=AGGAG;rbs_spacer=5-10bp;gc_cont=0.320	WP_000158375.1 MULTISPECIES: histidine phosphatase family protein [Staphylococcus]	100	99.5	1.50e-139
BAAHTB010000001.1_316|355920|356306|-1|ID=1_316;partial=00;start_type=ATG;rbs_motif=AGGA;rbs_spacer=5-10bp;gc_cont=0.310	WP_000868259.1 hypothetical protein [Staphylococcus aureus]	100	98.4	1.93e-74
BAAHTB010000001.1_317|356365|356460|1|ID=1_317;partial=00;start_type=ATG;rbs_motif=GGA/GAG/AGG;rbs_spacer=5-10bp;gc_cont=0.333	WP_001249531.1 hypothetical protein [Staphylococcus aureus]	100	90.6	2.35e-11
BAAHTB010000001.1_318|356573|357199|-1|ID=1_318;partial=00;start_type=ATG;rbs_motif=AGGA/GGAG/GAGG;rbs_spacer=11-12bp;gc_cont=0.305	WP_000746679.1 MULTISPECIES: NDxxF motif lipoprotein [Staphylococcus]	100	99.5	7.54e-136
BAAHTB010000001.1_319|357272|357517|-1|ID=1_319;partial=00;start_type=ATG;rbs_motif=None;rbs_spacer=None;gc_cont=0.329	WP_001795623.1 hypothetical protein [Staphylococcus aureus]	94.4	87.8	3.69e-40
BAAHTB010000001.1_320|357643|359166|-1|ID=1_320;partial=00;start_type=ATG;rbs_motif=AGGAGG;rbs_spacer=5-10bp;gc_cont=0.380	WP_000930511.1 alkyl hydroperoxide reductase subunit F [Staphylococcus aureus]	100	99.8	0.0
BAAHTB010000001.1_321|359182|359751|-1|ID=1_321;partial=00;start_type=ATG;rbs_motif=AGGAG;rbs_spacer=5-10bp;gc_cont=0.370	WP_000052781.1 MULTISPECIES: alkyl hydroperoxide reductase subunit C [Staphylococcus]	100	99.5	3.05e-137
BAAHTB010000001.1_322|360243|360998|1|ID=1_322;partial=00;start_type=GTG;rbs_motif=AGGAG;rbs_spacer=5-10bp;gc_cont=0.374	WP_001287099.1 MULTISPECIES: oxygen-insensitive NADPH nitroreductase [Staphylococcus]	100	99.6	2.08e-177
BAAHTB010000001.1_323|361078|362466|-1|ID=1_323;partial=00;start_type=ATG;rbs_motif=AGGAG;rbs_spacer=5-10bp;gc_cont=0.393	WP_000991018.1 MULTISPECIES: L-cystine transporter [Staphylococcus]	100	99.8	3.71e-307
BAAHTB010000001.1_324|363420|364637|-1|ID=1_324;partial=00;start_type=ATG;rbs_motif=AGGAG;rbs_spacer=5-10bp;gc_cont=0.374	WP_001291561.1 MULTISPECIES: tyrosine-type recombinase/integrase [Bacteria]	100	99.8	1.02e-291
BAAHTB010000001.1_325|364719|364922|-1|ID=1_325;partial=00;start_type=ATG;rbs_motif=AGGAG;rbs_spacer=5-10bp;gc_cont=0.348	WP_000814511.1 MULTISPECIES: excisionase [Bacteria]	100	98.5	1.01e-39
BAAHTB010000001.1_326|365383|365613|-1|ID=1_326;partial=00;start_type=ATG;rbs_motif=GGAG/GAGG;rbs_spacer=5-10bp;gc_cont=0.372	WP_000857133.1 MULTISPECIES: helix-turn-helix domain-containing protein [Bacteria]	100	98.7	1.54e-47
BAAHTB010000001.1_327|365610|366032|-1|ID=1_327;partial=00;start_type=ATG;rbs_motif=AGxAGG/AGGxGG;rbs_spacer=5-10bp;gc_cont=0.378	WP_000804885.1 MULTISPECIES: sigma-70 family RNA polymerase sigma factor [Bacteria]	100	99.3	1.21e-92
BAAHTB010000001.1_328|365989|366177|-1|ID=1_328;partial=00;start_type=ATG;rbs_motif=None;rbs_spacer=None;gc_cont=0.370	WP_414380329.1 hypothetical protein, partial [Streptococcus sanguinis]	100	98.4	4.00e-37
BAAHTB010000001.1_329|366537|366890|1|ID=1_329;partial=00;start_type=ATG;rbs_motif=GGAG/GAGG;rbs_spacer=5-10bp;gc_cont=0.364	WP_001227347.1 MULTISPECIES: helix-turn-helix transcriptional regulator [Bacteria]	100	99.2	8.87e-75
BAAHTB010000001.1_330|367236|369155|-1|ID=1_330;partial=00;start_type=ATG;rbs_motif=GGAG/GAGG;rbs_spacer=5-10bp;gc_cont=0.361	WP_000691736.1 MULTISPECIES: tetracycline resistance ribosomal protection protein Tet(M) [Bacteria]	100	99.8	0.0
BAAHTB010000001.1_331|369532|370464|-1|ID=1_331;partial=00;start_type=ATG;rbs_motif=AGxAGG/AGGxGG;rbs_spacer=11-12bp;gc_cont=0.375	WP_001224318.1 MULTISPECIES: conjugal transfer protein [Bacteria]	100	99.7	1.19e-217
BAAHTB010000001.1_332|370461|371462|-1|ID=1_332;partial=00;start_type=ATG;rbs_motif=None;rbs_spacer=None;gc_cont=0.429	WP_000769868.1 MULTISPECIES: bifunctional lytic transglycosylase/C40 family peptidase [Bacteria]	100	99.7	1.43e-241
BAAHTB010000001.1_333|371459|373636|-1|ID=1_333;partial=00;start_type=GTG;rbs_motif=GGAG/GAGG;rbs_spacer=5-10bp;gc_cont=0.414	WP_000804744.1 MULTISPECIES: CD3337/EF1877 family mobilome membrane protein [Bacilli]	100	99.9	0.0
BAAHTB010000001.1_334|373639|376086|-1|ID=1_334;partial=00;start_type=ATG;rbs_motif=AGGAG;rbs_spacer=5-10bp;gc_cont=0.407	WP_000331160.1 MULTISPECIES: conjugal transfer ATPase TcpF [Bacteria]	100	99.9	0.0
BAAHTB010000001.1_335|376070|376576|-1|ID=1_335;partial=00;start_type=ATG;rbs_motif=None;rbs_spacer=None;gc_cont=0.391	WP_000506270.1 MULTISPECIES: conjugal transfer protein [Bacteria]	100	99.4	1.14e-115
BAAHTB010000001.1_336|376551|377048|-1|ID=1_336;partial=00;start_type=ATG;rbs_motif=AGGA;rbs_spacer=5-10bp;gc_cont=0.402	WP_000342539.1 MULTISPECIES: antirestriction protein ArdA [Bacteria]	99.4	99.4	1.50e-114
BAAHTB010000001.1_337|377165|377386|-1|ID=1_337;partial=00;start_type=ATG;rbs_motif=AGGAG;rbs_spacer=5-10bp;gc_cont=0.369	WP_001009056.1 MULTISPECIES: hypothetical protein [Bacteria]	100	98.6	1.86e-40
BAAHTB010000001.1_338|377429|378634|-1|ID=1_338;partial=00;start_type=TTG;rbs_motif=None;rbs_spacer=None;gc_cont=0.412	WP_000398284.1 MULTISPECIES: MobT family relaxase [Bacteria]	100	99.8	9.50e-295
BAAHTB010000001.1_339|378812|380197|-1|ID=1_339;partial=00;start_type=ATG;rbs_motif=AGGAG;rbs_spacer=5-10bp;gc_cont=0.400	WP_000813488.1 MULTISPECIES: FtsK/SpoIIIE domain-containing protein [Bacteria]	100	99.8	0.0
BAAHTB010000001.1_340|380226|380609|-1|ID=1_340;partial=00;start_type=ATG;rbs_motif=GGAG/GAGG;rbs_spacer=5-10bp;gc_cont=0.419	WP_000985015.1 MULTISPECIES: YdcP family protein [Bacteria]	100	99.2	1.30e-81
BAAHTB010000001.1_341|380628|380942|-1|ID=1_341;partial=00;start_type=ATG;rbs_motif=GGA/GAG/AGG;rbs_spacer=5-10bp;gc_cont=0.403	WP_000420682.1 MULTISPECIES: YdcP family protein [Bacteria]	100	99.0	6.12e-69
BAAHTB010000001.1_342|381351|381506|1|ID=1_342;partial=01;start_type=ATG;rbs_motif=AGGA/GGAG/GAGG;rbs_spacer=11-12bp;gc_cont=0.295	WP_000336039.1 ISL3 family transposase, partial [Staphylococcus aureus]	100	100	4.94e-30
