BAAHTX010000002.1_1|2|385|-1|ID=1_1;partial=10;start_type=ATG;rbs_motif=AGGAG;rbs_spacer=5-10bp;gc_cont=0.339	WP_031835410.1 helix-turn-helix domain-containing protein, partial [Staphylococcus aureus]	100	95.3	4.17e-79
BAAHTX010000002.1_2|724|1659|-1|ID=1_2;partial=00;start_type=ATG;rbs_motif=GGA/GAG/AGG;rbs_spacer=5-10bp;gc_cont=0.396	WP_000823215.1 MULTISPECIES: nucleoside hydrolase [Staphylococcus]	100	99.7	2.07e-223
BAAHTX010000002.1_3|2021|3550|1|ID=1_3;partial=00;start_type=ATG;rbs_motif=AGGAG;rbs_spacer=5-10bp;gc_cont=0.393	WP_000838204.1 MULTISPECIES: PTS transporter subunit EIIC [Staphylococcus]	100	99.8	0.0
BAAHTX010000002.1_4|3870|4823|-1|ID=1_4;partial=00;start_type=ATG;rbs_motif=GGAG/GAGG;rbs_spacer=5-10bp;gc_cont=0.373	WP_001031882.1 MULTISPECIES: L-lactate dehydrogenase [Bacilli]	100	99.7	7.77e-222
BAAHTX010000002.1_5|5396|6541|1|ID=1_5;partial=00;start_type=ATG;rbs_motif=AGGAG;rbs_spacer=5-10bp;gc_cont=0.348	WP_000954810.1 MULTISPECIES: globin domain-containing protein [Staphylococcus]	100	99.7	3.57e-273
BAAHTX010000002.1_6|6567|6740|1|ID=1_6;partial=00;start_type=ATG;rbs_motif=AGGA/GGAG/GAGG;rbs_spacer=11-12bp;gc_cont=0.259	WP_000773989.1 MULTISPECIES: hypothetical protein [Staphylococcus]	100	98.3	2.46e-29
BAAHTX010000002.1_7|6897|7253|1|ID=1_7;partial=00;start_type=ATG;rbs_motif=AGGAG;rbs_spacer=5-10bp;gc_cont=0.353	WP_000215216.1 MULTISPECIES: DUF488 domain-containing protein [Staphylococcus]	100	99.2	8.82e-80
BAAHTX010000002.1_8|7451|8926|1|ID=1_8;partial=00;start_type=ATG;rbs_motif=GGA/GAG/AGG;rbs_spacer=5-10bp;gc_cont=0.310	WP_000669653.1 MULTISPECIES: nickel ABC transporter substrate-binding protein [Staphylococcus]	100	99.8	0.0
BAAHTX010000002.1_9|9240|10469|-1|ID=1_9;partial=00;start_type=ATG;rbs_motif=GGA/GAG/AGG;rbs_spacer=5-10bp;gc_cont=0.343	WP_001789851.1 MULTISPECIES: PrsW family intramembrane metalloprotease [Staphylococcus]	100	92.7	1.92e-259
BAAHTX010000002.1_10|10823|12400|1|ID=1_10;partial=00;start_type=ATG;rbs_motif=None;rbs_spacer=None;gc_cont=0.368	WP_001789452.1 MULTISPECIES: fatty acid degradation protein FadX [Staphylococcus]	100	99.8	0.0
BAAHTX010000002.1_11|12426|13931|1|ID=1_11;partial=00;start_type=ATG;rbs_motif=GGA/GAG/AGG;rbs_spacer=5-10bp;gc_cont=0.373	WP_001008401.1 MULTISPECIES: long-chain-fatty-acid--CoA ligase FadD [Staphylococcus]	100	99.8	0.0
BAAHTX010000002.1_12|14043|15254|1|ID=1_12;partial=00;start_type=ATG;rbs_motif=AGGAG;rbs_spacer=5-10bp;gc_cont=0.394	WP_000142189.1 MULTISPECIES: acyl-CoA dehydrogenase FadE [Staphylococcus]	100	99.8	5.28e-293
BAAHTX010000002.1_13|15440|17701|1|ID=1_13;partial=00;start_type=ATG;rbs_motif=GGAG/GAGG;rbs_spacer=5-10bp;gc_cont=0.374	WP_000154514.1 MULTISPECIES: 3-hydroxyacyl-CoA dehydrogenase/crotonase FadB [Staphylococcus]	100	99.9	0.0
BAAHTX010000002.1_14|17731|18915|1|ID=1_14;partial=00;start_type=ATG;rbs_motif=GGAG/GAGG;rbs_spacer=5-10bp;gc_cont=0.434	WP_001154618.1 MULTISPECIES: thiolase family protein [Staphylococcus]	100	99.7	3.75e-277
BAAHTX010000002.1_15|19518|21104|-1|ID=1_15;partial=00;start_type=ATG;rbs_motif=AGGA/GGAG/GAGG;rbs_spacer=11-12bp;gc_cont=0.327	WP_108932409.1 staphylocoagulase [Staphylococcus aureus]	100	99.8	0.0
BAAHTX010000002.1_16|21294|21638|1|ID=1_16;partial=00;start_type=ATG;rbs_motif=AGGAG;rbs_spacer=5-10bp;gc_cont=0.319	WP_000211597.1 MULTISPECIES: complement inhibitor SCIN family protein [Staphylococcus]	100	99.1	1.61e-71
BAAHTX010000002.1_17|21802|23565|-1|ID=1_17;partial=00;start_type=ATG;rbs_motif=GGAG/GAGG;rbs_spacer=5-10bp;gc_cont=0.310	WP_000822608.1 MULTISPECIES: glycerophosphoryl diester phosphodiesterase membrane domain-containing protein [Staphylococcus]	100	99.8	0.0
BAAHTX010000002.1_18|23901|24656|-1|ID=1_18;partial=00;start_type=ATG;rbs_motif=GGA/GAG/AGG;rbs_spacer=5-10bp;gc_cont=0.362	WP_000911657.1 MULTISPECIES: pyruvate formate-lyase-activating protein [Staphylococcus]	100	99.6	5.37e-189
BAAHTX010000002.1_19|24679|26928|-1|ID=1_19;partial=00;start_type=ATG;rbs_motif=GGAG/GAGG;rbs_spacer=5-10bp;gc_cont=0.366	WP_000894660.1 MULTISPECIES: formate C-acetyltransferase [Staphylococcus]	100	99.9	0.0
BAAHTX010000002.1_20|27516|28484|1|ID=1_20;partial=00;start_type=ATG;rbs_motif=None;rbs_spacer=None;gc_cont=0.342	WP_000837105.1 MULTISPECIES: ABC transporter substrate-binding protein [Staphylococcus]	100	99.7	1.93e-229
BAAHTX010000002.1_21|28481|30037|1|ID=1_21;partial=00;start_type=ATG;rbs_motif=GGAG/GAGG;rbs_spacer=5-10bp;gc_cont=0.328	WP_000127982.1 MULTISPECIES: sensor histidine kinase [Staphylococcus]	100	99.8	0.0
BAAHTX010000002.1_22|30030|30788|1|ID=1_22;partial=00;start_type=ATG;rbs_motif=GGA/GAG/AGG;rbs_spacer=5-10bp;gc_cont=0.327	WP_000477521.1 MULTISPECIES: response regulator transcription factor [Staphylococcus]	100	99.6	7.30e-183
BAAHTX010000002.1_23|31147|32544|-1|ID=1_23;partial=00;start_type=ATG;rbs_motif=None;rbs_spacer=None;gc_cont=0.363	WP_001008722.1 MULTISPECIES: hexose-6-phosphate:phosphate antiporter [Staphylococcus]	100	98.5	0.0
BAAHTX010000002.1_24|32759|33253|1|ID=1_24;partial=00;start_type=ATG;rbs_motif=GGAG/GAGG;rbs_spacer=5-10bp;gc_cont=0.265	WP_000603754.1 MULTISPECIES: isoprenylcysteine carboxyl methyltransferase family protein [Staphylococcus]	100	99.4	8.00e-105
BAAHTX010000002.1_25|33614|34582|-1|ID=1_25;partial=00;start_type=ATG;rbs_motif=AGGAG;rbs_spacer=5-10bp;gc_cont=0.359	WP_000690419.1 MULTISPECIES: sugar phosphate isomerase/epimerase family protein [Staphylococcus]	100	99.7	6.59e-246
BAAHTX010000002.1_26|34637|35677|-1|ID=1_26;partial=00;start_type=ATG;rbs_motif=AGGAG;rbs_spacer=5-10bp;gc_cont=0.395	WP_000163809.1 MULTISPECIES: Gfo/Idh/MocA family protein [Staphylococcus]	100	99.7	1.52e-254
BAAHTX010000002.1_27|35702|36781|-1|ID=1_27;partial=00;start_type=ATG;rbs_motif=AGGAG;rbs_spacer=5-10bp;gc_cont=0.389	WP_108932407.1 Gfo/Idh/MocA family protein [Staphylococcus aureus]	100	99.4	2.47e-264
BAAHTX010000002.1_28|36852|37691|-1|ID=1_28;partial=00;start_type=ATG;rbs_motif=GGAG/GAGG;rbs_spacer=5-10bp;gc_cont=0.339	WP_000162661.1 MULTISPECIES: sugar ABC transporter permease [Staphylococcus]	100	99.6	1.91e-187
BAAHTX010000002.1_29|37693|38961|-1|ID=1_29;partial=00;start_type=ATG;rbs_motif=AGGAG;rbs_spacer=5-10bp;gc_cont=0.355	WP_086098788.1 sugar ABC transporter permease [Staphylococcus aureus]	98.8	99.8	5.35e-298
BAAHTX010000002.1_30|38964|40235|-1|ID=1_30;partial=00;start_type=ATG;rbs_motif=GGAG/GAGG;rbs_spacer=5-10bp;gc_cont=0.340	WP_000034961.1 MULTISPECIES: maltodextrin ABC transporter substrate-binding protein [Staphylococcus]	100	99.8	1.29e-310
BAAHTX010000002.1_31|40248|41345|-1|ID=1_31;partial=00;start_type=ATG;rbs_motif=GGAG/GAGG;rbs_spacer=5-10bp;gc_cont=0.351	WP_000818914.1 MULTISPECIES: ABC transporter ATP-binding protein [Staphylococcus]	100	99.7	7.94e-262
BAAHTX010000002.1_32|41728|42306|-1|ID=1_32;partial=00;start_type=ATG;rbs_motif=GGA/GAG/AGG;rbs_spacer=5-10bp;gc_cont=0.361	WP_000166917.1 MULTISPECIES: M23 family metallopeptidase [Staphylococcus]	100	99.5	2.14e-143
BAAHTX010000002.1_33|42515|43141|1|ID=1_33;partial=00;start_type=ATG;rbs_motif=AGGAG;rbs_spacer=5-10bp;gc_cont=0.322	WP_001151451.1 MULTISPECIES: FMN-dependent NADH-azoreductase [Staphylococcus]	100	99.5	1.17e-148
BAAHTX010000002.1_34|43301|44104|1|ID=1_34;partial=00;start_type=ATG;rbs_motif=None;rbs_spacer=None;gc_cont=0.299	WP_000643616.1 MULTISPECIES: tandem-type lipoprotein [Staphylococcus]	100	95.9	8.94e-180
BAAHTX010000002.1_35|44402|46408|-1|ID=1_35;partial=00;start_type=ATG;rbs_motif=AGGAG;rbs_spacer=5-10bp;gc_cont=0.376	WP_000236428.1 MULTISPECIES: gamma-glutamyltransferase [Staphylococcus]	100	99.9	0.0
BAAHTX010000002.1_36|46446|48221|-1|ID=1_36;partial=00;start_type=GTG;rbs_motif=GGA/GAG/AGG;rbs_spacer=5-10bp;gc_cont=0.333	WP_108932406.1 ABC transporter substrate-binding protein [Staphylococcus aureus]	100	99.8	0.0
BAAHTX010000002.1_37|48238|49401|-1|ID=1_37;partial=00;start_type=ATG;rbs_motif=AGGA;rbs_spacer=5-10bp;gc_cont=0.346	WP_000057899.1 MULTISPECIES: ABC transporter permease [Staphylococcus]	100	99.7	2.60e-253
BAAHTX010000002.1_38|49407|50840|-1|ID=1_38;partial=00;start_type=ATG;rbs_motif=None;rbs_spacer=None;gc_cont=0.328	WP_001797475.1 MULTISPECIES: ABC transporter permease [Staphylococcus]	100	99.8	7.21e-314
BAAHTX010000002.1_39|50842|52434|1|ID=1_39;partial=00;start_type=ATG;rbs_motif=GGAG/GAGG;rbs_spacer=5-10bp;gc_cont=0.357	WP_000067349.1 MULTISPECIES: ABC transporter ATP-binding protein [Staphylococcus]	100	99.8	0.0
BAAHTX010000002.1_40|52699|53811|-1|ID=1_40;partial=00;start_type=ATG;rbs_motif=GGAG/GAGG;rbs_spacer=5-10bp;gc_cont=0.273	WP_000686457.1 MULTISPECIES: RES domain-containing protein [Staphylococcus]	100	99.7	1.89e-267
BAAHTX010000002.1_41|53798|54721|-1|ID=1_41;partial=00;start_type=ATG;rbs_motif=AGGAG;rbs_spacer=5-10bp;gc_cont=0.297	WP_000291761.1 MULTISPECIES: sce7725 family protein [Staphylococcus]	100	99.7	5.29e-224
BAAHTX010000002.1_42|54723|55565|-1|ID=1_42;partial=00;start_type=ATG;rbs_motif=AGGAG;rbs_spacer=5-10bp;gc_cont=0.284	WP_000370334.1 MULTISPECIES: sce7726 family protein [Staphylococcus]	100	99.6	4.23e-196
BAAHTX010000002.1_43|55770|58559|-1|ID=1_43;partial=00;start_type=ATG;rbs_motif=GGA/GAG/AGG;rbs_spacer=5-10bp;gc_cont=0.332	WP_000331347.1 MULTISPECIES: type I restriction endonuclease subunit R [Staphylococcus]	100	99.9	0.0
BAAHTX010000002.1_44|59247|60125|-1|ID=1_44;partial=00;start_type=ATG;rbs_motif=None;rbs_spacer=None;gc_cont=0.344	WP_000181827.1 MurR/RpiR family transcriptional regulator [Staphylococcus aureus]	92.4	99.3	6.81e-185
BAAHTX010000002.1_45|60125|61579|-1|ID=1_45;partial=00;start_type=ATG;rbs_motif=AGGAG;rbs_spacer=5-10bp;gc_cont=0.381	WP_000159750.1 MULTISPECIES: PTS transporter subunit EIIC [Staphylococcus]	100	99.8	0.0
BAAHTX010000002.1_46|61591|62487|-1|ID=1_46;partial=00;start_type=ATG;rbs_motif=AGGA/GGAG/GAGG;rbs_spacer=11-12bp;gc_cont=0.381	WP_000432017.1 MULTISPECIES: N-acetylmuramic acid 6-phosphate etherase [Staphylococcus]	100	99.7	7.03e-204
BAAHTX010000002.1_47|62487|63527|-1|ID=1_47;partial=00;start_type=GTG;rbs_motif=GGA/GAG/AGG;rbs_spacer=5-10bp;gc_cont=0.353	WP_001802887.1 6-phospho-N-acetylmuramidase [Staphylococcus aureus]	99.7	99.7	2.63e-255
BAAHTX010000002.1_48|64128|66173|1|ID=1_48;partial=00;start_type=GTG;rbs_motif=GGAG/GAGG;rbs_spacer=5-10bp;gc_cont=0.378	WP_001227724.1 MULTISPECIES: glucose-specific PTS transporter subunit IIBC [Staphylococcus]	100	99.9	0.0
BAAHTX010000002.1_49|66447|68087|1|ID=1_49;partial=00;start_type=ATG;rbs_motif=AGxAGG/AGGxGG;rbs_spacer=5-10bp;gc_cont=0.365	WP_000813555.1 MULTISPECIES: alpha-keto acid decarboxylase family protein [Staphylococcus]	100	99.8	0.0
BAAHTX010000002.1_50|68154|68711|1|ID=1_50;partial=00;start_type=ATG;rbs_motif=AGGA/GGAG/GAGG;rbs_spacer=11-12bp;gc_cont=0.351	WP_000606890.1 MULTISPECIES: isochorismatase family protein [Staphylococcus]	100	99.5	2.83e-131
BAAHTX010000002.1_51|68987|70342|1|ID=1_51;partial=00;start_type=ATG;rbs_motif=AGGAG(G)/GGAGG;rbs_spacer=13-15bp;gc_cont=0.330	WP_000728173.1 MULTISPECIES: branched-chain amino acid transport system II carrier protein BrnQ1 [Staphylococcus]	100	99.8	4.51e-307
BAAHTX010000002.1_52|70568|71779|1|ID=1_52;partial=00;start_type=ATG;rbs_motif=None;rbs_spacer=None;gc_cont=0.378	WP_001084436.1 MULTISPECIES: ornithine--oxo-acid transaminase [Staphylococcus]	100	97.5	8.12e-288
BAAHTX010000002.1_53|71815|72849|1|ID=1_53;partial=00;start_type=ATG;rbs_motif=AGGAG;rbs_spacer=5-10bp;gc_cont=0.355	WP_000598483.1 MULTISPECIES: N-acetyl-gamma-glutamyl-phosphate reductase [Staphylococcus]	100	99.4	1.91e-249
BAAHTX010000002.1_54|72861|74102|1|ID=1_54;partial=00;start_type=ATG;rbs_motif=GGA/GAG/AGG;rbs_spacer=5-10bp;gc_cont=0.381	WP_000682611.1 MULTISPECIES: bifunctional glutamate N-acetyltransferase/amino-acid acetyltransferase ArgJ [Staphylococcus]	100	99.8	2.08e-295
BAAHTX010000002.1_55|74118|74882|1|ID=1_55;partial=00;start_type=ATG;rbs_motif=AGxAGG/AGGxGG;rbs_spacer=5-10bp;gc_cont=0.346	WP_000668894.1 MULTISPECIES: acetylglutamate kinase [Staphylococcus]	100	99.6	2.85e-181
BAAHTX010000002.1_56|75152|75631|1|ID=1_56;partial=00;start_type=ATG;rbs_motif=None;rbs_spacer=None;gc_cont=0.365	WP_001802886.1 MULTISPECIES: YagU family protein [Staphylococcus]	100	99.4	3.07e-111
BAAHTX010000002.1_57|75959|76603|-1|ID=1_57;partial=00;start_type=ATG;rbs_motif=GGA/GAG/AGG;rbs_spacer=5-10bp;gc_cont=0.335	WP_000215724.1 MULTISPECIES: aureusimine biosynthesis 4'-phosphopantetheinyl transferase AusB [Staphylococcus]	100	99.5	1.88e-157
BAAHTX010000002.1_58|76616|83809|-1|ID=1_58;partial=00;start_type=ATG;rbs_motif=GGA/GAG/AGG;rbs_spacer=5-10bp;gc_cont=0.352	WP_000605282.1 MULTISPECIES: aureusimine non-ribosomal peptide synthetase AusA [Staphylococcus]	100	99.7	0.0
BAAHTX010000002.1_59|84238|85488|-1|ID=1_59;partial=00;start_type=ATG;rbs_motif=None;rbs_spacer=None;gc_cont=0.324	WP_000826862.1 MULTISPECIES: MDR family MFS transporter [Staphylococcus]	100	99.8	1.15e-273
BAAHTX010000002.1_60|85874|86899|-1|ID=1_60;partial=00;start_type=ATG;rbs_motif=AGGAG;rbs_spacer=5-10bp;gc_cont=0.350	WP_000706137.1 MULTISPECIES: NAD-dependent formate dehydrogenase [Staphylococcus]	100	99.7	4.31e-247
BAAHTX010000002.1_61|87072|87431|-1|ID=1_61;partial=00;start_type=GTG;rbs_motif=None;rbs_spacer=None;gc_cont=0.328	WP_001092004.1 MULTISPECIES: DUF2294 domain-containing protein [Staphylococcus]	100	99.2	5.50e-79
BAAHTX010000002.1_62|87648|88679|-1|ID=1_62;partial=00;start_type=ATG;rbs_motif=AGGAG;rbs_spacer=5-10bp;gc_cont=0.356	WP_000171648.1 MULTISPECIES: acyl-CoA/acyl-ACP dehydrogenase [Staphylococcus]	100	99.7	1.45e-246
BAAHTX010000002.1_63|88692|89453|-1|ID=1_63;partial=00;start_type=ATG;rbs_motif=AGGAGG;rbs_spacer=5-10bp;gc_cont=0.354	WP_000197958.1 MULTISPECIES: ABC transporter permease [Staphylococcus]	100	99.6	7.26e-179
BAAHTX010000002.1_64|89450|90424|-1|ID=1_64;partial=00;start_type=ATG;rbs_motif=AGGAG;rbs_spacer=5-10bp;gc_cont=0.369	WP_000826685.1 MULTISPECIES: ABC transporter substrate-binding protein [Staphylococcus]	100	99.7	8.29e-241
BAAHTX010000002.1_65|90438|91178|-1|ID=1_65;partial=00;start_type=ATG;rbs_motif=GGA/GAG/AGG;rbs_spacer=5-10bp;gc_cont=0.352	WP_000590853.1 MULTISPECIES: ABC transporter ATP-binding protein [Staphylococcus]	100	99.6	3.47e-178
BAAHTX010000002.1_66|91520|92032|-1|ID=1_66;partial=00;start_type=ATG;rbs_motif=AGGAG;rbs_spacer=5-10bp;gc_cont=0.341	WP_000171919.1 MULTISPECIES: DUF4242 domain-containing protein [Staphylococcus]	100	99.4	9.30e-116
BAAHTX010000002.1_67|92211|92414|1|ID=1_67;partial=00;start_type=ATG;rbs_motif=GGA/GAG/AGG;rbs_spacer=5-10bp;gc_cont=0.314	WP_000356963.1 MULTISPECIES: hypothetical protein [Staphylococcus]	100	98.5	8.29e-39
BAAHTX010000002.1_68|92476|93540|-1|ID=1_68;partial=00;start_type=ATG;rbs_motif=None;rbs_spacer=None;gc_cont=0.317	WP_001013484.1 MULTISPECIES: cation diffusion facilitator family transporter [Staphylococcus]	100	89.9	1.38e-216
BAAHTX010000002.1_69|93859|93969|-1|ID=1_69;partial=00;start_type=ATG;rbs_motif=GGA/GAG/AGG;rbs_spacer=5-10bp;gc_cont=0.297	WP_000161255.1 hypothetical protein [Staphylococcus aureus]	76.5	91.9	1.21e-08
BAAHTX010000002.1_70|94096|95583|-1|ID=1_70;partial=00;start_type=ATG;rbs_motif=AGGAG;rbs_spacer=5-10bp;gc_cont=0.362	WP_000290400.1 MULTISPECIES: aldehyde dehydrogenase family protein [Staphylococcus]	100	99.8	0.0
BAAHTX010000002.1_71|96010|96393|1|ID=1_71;partial=00;start_type=ATG;rbs_motif=GGAG/GAGG;rbs_spacer=5-10bp;gc_cont=0.320	WP_001237004.1 MULTISPECIES: YbaN family protein [Staphylococcus]	100	99.2	1.59e-75
BAAHTX010000002.1_72|96400|96726|1|ID=1_72;partial=00;start_type=ATG;rbs_motif=AGGAG;rbs_spacer=5-10bp;gc_cont=0.303	WP_000480603.1 MULTISPECIES: staphylobilin-forming heme oxygenase IsdI [Staphylococcus]	100	99.1	4.22e-71
BAAHTX010000002.1_73|96791|97936|-1|ID=1_73;partial=00;start_type=ATG;rbs_motif=GGAG/GAGG;rbs_spacer=5-10bp;gc_cont=0.362	WP_000723454.1 type 8 capsular polysaccharide synthesis protein Cap8P [Staphylococcus aureus]	100	99.7	2.25e-276
BAAHTX010000002.1_74|98013|99263|-1|ID=1_74;partial=00;start_type=ATG;rbs_motif=GGAG/GAGG;rbs_spacer=5-10bp;gc_cont=0.344	WP_108932405.1 type 8 capsular polysaccharide synthesis protein Cap8O [Staphylococcus aureus]	100	99.8	1.48e-301
BAAHTX010000002.1_75|99317|100204|-1|ID=1_75;partial=00;start_type=ATG;rbs_motif=AGxAGG/AGGxGG;rbs_spacer=11-12bp;gc_cont=0.334	WP_001230670.1 MULTISPECIES: capsular polysaccharide type 5/8 biosynthesis epimerase CapN [Staphylococcus]	100	99.7	2.68e-211
BAAHTX010000002.1_76|100204|100761|-1|ID=1_76;partial=00;start_type=ATG;rbs_motif=AGGAG;rbs_spacer=5-10bp;gc_cont=0.324	WP_000825098.1 MULTISPECIES: type 8 capsular polysaccharide synthesis protein Cap8M [Staphylococcus]	100	99.5	8.74e-126
BAAHTX010000002.1_77|100772|101977|-1|ID=1_77;partial=00;start_type=ATG;rbs_motif=AGGA;rbs_spacer=5-10bp;gc_cont=0.351	WP_001291022.1 MULTISPECIES: type 8 capsular polysaccharide synthesis protein Cap8L [Staphylococcus]	100	99.8	3.18e-293
BAAHTX010000002.1_78|101978|103183|-1|ID=1_78;partial=00;start_type=ATG;rbs_motif=AGGA;rbs_spacer=5-10bp;gc_cont=0.269	WP_001085819.1 MULTISPECIES: capsular polysaccharide biosynthesis protein [Staphylococcus]	100	99.8	9.19e-261
BAAHTX010000002.1_79|103176|104342|-1|ID=1_79;partial=00;start_type=ATG;rbs_motif=GGAG/GAGG;rbs_spacer=5-10bp;gc_cont=0.292	WP_000668180.1 MULTISPECIES: O-antigen ligase family protein [Staphylococcus]	100	99.7	9.39e-268
BAAHTX010000002.1_80|104356|105465|-1|ID=1_80;partial=00;start_type=ATG;rbs_motif=AGGA/GGAG/GAGG;rbs_spacer=11-12bp;gc_cont=0.292	WP_001221639.1 MULTISPECIES: glycosyltransferase [Staphylococcus]	100	99.7	7.64e-262
BAAHTX010000002.1_81|105470|106096|-1|ID=1_81;partial=00;start_type=ATG;rbs_motif=GGAG/GAGG;rbs_spacer=5-10bp;gc_cont=0.327	WP_001216898.1 MULTISPECIES: CatB-related O-acetyltransferase [Staphylococcus]	100	99.5	1.37e-147
BAAHTX010000002.1_82|106099|107223|-1|ID=1_82;partial=00;start_type=ATG;rbs_motif=GGAG/GAGG;rbs_spacer=5-10bp;gc_cont=0.338	WP_000413171.1 MULTISPECIES: type 8 capsular polysaccharide synthesis protein Cap8G [Staphylococcus]	100	99.7	2.31e-270
BAAHTX010000002.1_83|107227|108336|-1|ID=1_83;partial=00;start_type=TTG;rbs_motif=AGGAG;rbs_spacer=5-10bp;gc_cont=0.350	WP_001028293.1 MULTISPECIES: type 8 capsular polysaccharide synthesis protein Cap8F [Staphylococcus]	100	99.7	9.83e-274
BAAHTX010000002.1_84|108349|109377|-1|ID=1_84;partial=00;start_type=ATG;rbs_motif=GGAG/GAGG;rbs_spacer=5-10bp;gc_cont=0.339	WP_000459054.1 MULTISPECIES: type 8 capsular polysaccharide synthesis protein Cap8E [Staphylococcus]	100	99.7	2.89e-241
BAAHTX010000002.1_85|109367|110377|-1|ID=1_85;partial=00;start_type=ATG;rbs_motif=None;rbs_spacer=None;gc_cont=0.359	WP_031888371.1 type 8 capsular polysaccharide synthesis protein Cap8D, partial [Staphylococcus aureus]	99.7	99.7	1.96e-238
BAAHTX010000002.1_86|110413|111189|-1|ID=1_86;partial=00;start_type=ATG;rbs_motif=GGAG/GAGG;rbs_spacer=5-10bp;gc_cont=0.337	WP_142297501.1 type 8 capsular polysaccharide synthesis protein Cap8D, partial [Staphylococcus aureus]	99.2	99.6	1.26e-167
BAAHTX010000002.1_87|111209|111973|-1|ID=1_87;partial=00;start_type=ATG;rbs_motif=GGAG/GAGG;rbs_spacer=5-10bp;gc_cont=0.319	WP_000565302.1 MULTISPECIES: type 8 capsular polysaccharide synthesis protein Cap8C [Staphylococcus]	100	99.6	5.13e-184
BAAHTX010000002.1_88|111976|112662|-1|ID=1_88;partial=00;start_type=ATG;rbs_motif=AGGA/GGAG/GAGG;rbs_spacer=11-12bp;gc_cont=0.336	WP_000037332.1 MULTISPECIES: type 8 capsular polysaccharide synthesis protein Cap8B [Staphylococcus]	100	99.6	3.57e-153
BAAHTX010000002.1_89|112678|113346|-1|ID=1_89;partial=00;start_type=ATG;rbs_motif=GGAG/GAGG;rbs_spacer=5-10bp;gc_cont=0.299	WP_000446299.1 MULTISPECIES: capsular polysaccharide type 5/8 biosynthesis protein CapA [Staphylococcus]	100	99.6	2.38e-139
BAAHTX010000002.1_90|113691|116300|-1|ID=1_90;partial=00;start_type=ATG;rbs_motif=AGGAG;rbs_spacer=5-10bp;gc_cont=0.361	WP_000955777.1 MULTISPECIES: bifunctional acetaldehyde-CoA/alcohol dehydrogenase [Staphylococcus]	100	99.9	0.0
BAAHTX010000002.1_91|116750|116971|-1|ID=1_91;partial=00;start_type=ATG;rbs_motif=AGGA/GGAG/GAGG;rbs_spacer=11-12bp;gc_cont=0.270	WP_000575576.1 IS200/IS605 family transposase [Staphylococcus aureus]	100	98.6	5.07e-47
BAAHTX010000002.1_92|117572|117859|-1|ID=1_92;partial=00;start_type=ATG;rbs_motif=AGxAG;rbs_spacer=5-10bp;gc_cont=0.198	WP_000469917.1 MULTISPECIES: hypothetical protein [Staphylococcus]	100	99.0	2.43e-55
BAAHTX010000002.1_93|117943|118233|-1|ID=1_93;partial=00;start_type=GTG;rbs_motif=None;rbs_spacer=None;gc_cont=0.275	WP_267246680.1 replication initiation factor domain-containing protein [Staphylococcus aureus]	95.8	99.0	2.39e-57
BAAHTX010000002.1_94|118218|118763|-1|ID=1_94;partial=00;start_type=ATG;rbs_motif=None;rbs_spacer=None;gc_cont=0.308	WP_001550007.1 replication initiation protein [Staphylococcus aureus]	100	88.5	5.90e-113
BAAHTX010000002.1_95|119076|119270|-1|ID=1_95;partial=00;start_type=ATG;rbs_motif=None;rbs_spacer=None;gc_cont=0.221	WP_301557689.1 ImmA/IrrE family metallo-endopeptidase, partial [Staphylococcus aureus]	100	98.5	9.65e-36
BAAHTX010000002.1_96|119363|120898|-1|ID=1_96;partial=00;start_type=ATG;rbs_motif=AGGAG;rbs_spacer=5-10bp;gc_cont=0.364	WP_000065035.1 MULTISPECIES: bifunctional metallophosphatase/5'-nucleotidase [Staphylococcus]	100	99.8	0.0
BAAHTX010000002.1_97|120949|122493|-1|ID=1_97;partial=00;start_type=ATG;rbs_motif=AGGAG;rbs_spacer=5-10bp;gc_cont=0.368	WP_409394142.1 DNA-binding protein [Staphylococcus aureus]	99.8	99.8	0.0
BAAHTX010000002.1_98|122722|123678|1|ID=1_98;partial=00;start_type=ATG;rbs_motif=GGA/GAG/AGG;rbs_spacer=5-10bp;gc_cont=0.310	WP_000787672.1 MULTISPECIES: phosphate/phosphite/phosphonate ABC transporter substrate-binding protein [Staphylococcus]	100	99.7	7.39e-216
BAAHTX010000002.1_99|123892|124665|1|ID=1_99;partial=00;start_type=ATG;rbs_motif=GGA/GAG/AGG;rbs_spacer=5-10bp;gc_cont=0.349	WP_000078092.1 MULTISPECIES: phosphonate ABC transporter ATP-binding protein [Staphylococcus]	100	99.6	6.96e-179
BAAHTX010000002.1_100|124667|125467|1|ID=1_100;partial=00;start_type=ATG;rbs_motif=AGGAG;rbs_spacer=5-10bp;gc_cont=0.343	WP_001127689.1 MULTISPECIES: phosphonate ABC transporter, permease protein PhnE [Staphylococcus]	100	99.6	5.67e-178
BAAHTX010000002.1_101|125464|126279|1|ID=1_101;partial=00;start_type=ATG;rbs_motif=AGGA/GGAG/GAGG;rbs_spacer=11-12bp;gc_cont=0.370	WP_000191092.1 MULTISPECIES: phosphonate ABC transporter, permease protein PhnE [Staphylococcus]	100	99.6	8.33e-178
BAAHTX010000002.1_102|126410|127588|-1|ID=1_102;partial=00;start_type=ATG;rbs_motif=GGAG/GAGG;rbs_spacer=5-10bp;gc_cont=0.369	WP_000197806.1 MULTISPECIES: phosphopentomutase [Staphylococcus]	100	99.7	4.49e-293
BAAHTX010000002.1_103|127616|128278|-1|ID=1_103;partial=00;start_type=ATG;rbs_motif=AGGAG;rbs_spacer=5-10bp;gc_cont=0.400	WP_000667269.1 MULTISPECIES: deoxyribose-phosphate aldolase [Staphylococcus]	100	99.5	1.46e-148
BAAHTX010000002.1_104|128359|129717|-1|ID=1_104;partial=00;start_type=ATG;rbs_motif=None;rbs_spacer=None;gc_cont=0.320	WP_001100300.1 MULTISPECIES: tetracycline efflux MFS transporter Tet(38) [Staphylococcus]	100	99.3	1.72e-295
BAAHTX010000002.1_105|129718|130425|-1|ID=1_105;partial=00;start_type=ATG;rbs_motif=GGAG/GAGG;rbs_spacer=5-10bp;gc_cont=0.374	WP_000843292.1 MULTISPECIES: purine-nucleoside phosphorylase [Staphylococcus]	100	99.6	5.75e-167
BAAHTX010000002.1_106|130661|131416|1|ID=1_106;partial=00;start_type=ATG;rbs_motif=None;rbs_spacer=None;gc_cont=0.357	WP_001789411.1 MULTISPECIES: GntR family transcriptional regulator [Staphylococcus]	100	99.6	3.35e-183
BAAHTX010000002.1_107|131608|132333|-1|ID=1_107;partial=00;start_type=ATG;rbs_motif=GGA/GAG/AGG;rbs_spacer=5-10bp;gc_cont=0.355	WP_325996532.1 LPXTG cell wall anchor domain-containing protein [Staphylococcus aureus]	86.3	99.6	2.24e-123
BAAHTX010000002.1_108|132701|133300|-1|ID=1_108;partial=00;start_type=ATG;rbs_motif=AGGAG;rbs_spacer=5-10bp;gc_cont=0.357	WP_000874681.1 MULTISPECIES: superoxide dismutase [Staphylococcus]	100	99.5	2.49e-150
BAAHTX010000002.1_109|133568|134998|-1|ID=1_109;partial=00;start_type=ATG;rbs_motif=GGA/GAG/AGG;rbs_spacer=5-10bp;gc_cont=0.314	WP_000834084.1 MULTISPECIES: oligosaccharide flippase family protein [Staphylococcus]	100	99.8	4.39e-313
BAAHTX010000002.1_110|134988|136226|-1|ID=1_110;partial=00;start_type=ATG;rbs_motif=GGA/GAG/AGG;rbs_spacer=11-12bp;gc_cont=0.304	WP_000431234.1 MULTISPECIES: O-antigen ligase family protein [Staphylococcus]	100	99.8	6.92e-273
BAAHTX010000002.1_111|136207|137373|-1|ID=1_111;partial=00;start_type=TTG;rbs_motif=GGA/GAG/AGG;rbs_spacer=11-12bp;gc_cont=0.333	WP_000692514.1 MULTISPECIES: glycosyltransferase family 4 protein [Staphylococcus]	100	99.7	1.21e-279
BAAHTX010000002.1_112|137583|138275|-1|ID=1_112;partial=00;start_type=TTG;rbs_motif=GGAG/GAGG;rbs_spacer=5-10bp;gc_cont=0.345	WP_000736084.1 MULTISPECIES: sugar transferase [Staphylococcus]	100	99.6	8.15e-160
BAAHTX010000002.1_113|138238|139209|-1|ID=1_113;partial=00;start_type=TTG;rbs_motif=GGAG/GAGG;rbs_spacer=5-10bp;gc_cont=0.316	WP_078096585.1 NAD-dependent epimerase/dehydratase family protein [Staphylococcus aureus]	99.4	99.7	3.45e-231
BAAHTX010000002.1_114|139554|140330|-1|ID=1_114;partial=00;start_type=ATG;rbs_motif=AGGAG;rbs_spacer=5-10bp;gc_cont=0.408	WP_117179539.1 (S)-acetoin forming diacetyl reductase [Staphylococcus aureus]	99.6	99.6	1.31e-163
BAAHTX010000002.1_115|140542|141168|-1|ID=1_115;partial=00;start_type=ATG;rbs_motif=GGA/GAG/AGG;rbs_spacer=5-10bp;gc_cont=0.317	WP_000414628.1 MULTISPECIES: MFS transporter [Staphylococcus]	100	99.5	1.28e-127
BAAHTX010000002.1_116|141218|141625|-1|ID=1_116;partial=00;start_type=ATG;rbs_motif=GGA/GAG/AGG;rbs_spacer=5-10bp;gc_cont=0.299	WP_000094899.1 MULTISPECIES: hypothetical protein [Staphylococcus]	100	99.3	1.13e-81
BAAHTX010000002.1_117|141821|142585|-1|ID=1_117;partial=00;start_type=TTG;rbs_motif=AGGA;rbs_spacer=5-10bp;gc_cont=0.367	WP_001015549.1 MULTISPECIES: bifunctional transcriptional regulator/O-phospho-L-serine synthase SbnI [Staphylococcus]	100	99.6	8.58e-192
BAAHTX010000002.1_118|142589|143791|-1|ID=1_118;partial=00;start_type=ATG;rbs_motif=GGA/GAG/AGG;rbs_spacer=5-10bp;gc_cont=0.367	WP_001223700.1 MULTISPECIES: staphyloferrin B biosynthesis decarboxylase SbnH [Staphylococcus]	100	99.8	7.31e-303
BAAHTX010000002.1_119|143791|144570|-1|ID=1_119;partial=00;start_type=ATG;rbs_motif=AGGAG;rbs_spacer=5-10bp;gc_cont=0.400	WP_001186806.1 MULTISPECIES: staphyloferrin B biosynthesis citrate synthase SbnG [Staphylococcus]	100	99.2	6.71e-180
BAAHTX010000002.1_120|144542|146320|-1|ID=1_120;partial=00;start_type=GTG;rbs_motif=AGGAG;rbs_spacer=5-10bp;gc_cont=0.360	WP_078091632.1 3-(L-alanin-3-ylcarbamoyl)-2-[(2-aminoethylcarbamoyl)methyl]-2-hydroxypropanoate synthase SbnF [Staphylococcus aureus]	100	99.7	0.0
BAAHTX010000002.1_121|146301|148037|-1|ID=1_121;partial=00;start_type=GTG;rbs_motif=None;rbs_spacer=None;gc_cont=0.366	WP_001179888.1 MULTISPECIES: L-2,3-diaminopropanoate--citrate ligase SbnE [Staphylococcus]	100	99.8	0.0
BAAHTX010000002.1_122|148027|149283|-1|ID=1_122;partial=00;start_type=ATG;rbs_motif=None;rbs_spacer=None;gc_cont=0.391	WP_000610051.1 MULTISPECIES: staphyloferrin B export MFS transporter [Staphylococcus]	100	99.8	4.29e-286
BAAHTX010000002.1_123|149276|151030|-1|ID=1_123;partial=00;start_type=TTG;rbs_motif=GGAG/GAGG;rbs_spacer=5-10bp;gc_cont=0.360	WP_001179384.1 MULTISPECIES: staphyloferrin B biosynthesis protein SbnC [Staphylococcus]	100	99.8	0.0
BAAHTX010000002.1_124|151051|152061|-1|ID=1_124;partial=00;start_type=ATG;rbs_motif=AGGAG;rbs_spacer=5-10bp;gc_cont=0.375	WP_001078456.1 MULTISPECIES: N-[(2S)-2-amino-2-carboxyethyl]-L-glutamate dehydrogenase SbnB [Staphylococcus]	100	99.7	9.37e-244
BAAHTX010000002.1_125|152058|153038|-1|ID=1_125;partial=00;start_type=TTG;rbs_motif=AGGAG;rbs_spacer=5-10bp;gc_cont=0.368	WP_000570808.1 MULTISPECIES: 2,3-diaminopropionate biosynthesis protein SbnA [Staphylococcus]	100	99.7	1.27e-236
BAAHTX010000002.1_126|153269|154261|1|ID=1_126;partial=00;start_type=ATG;rbs_motif=AGGA/GGAG/GAGG;rbs_spacer=11-12bp;gc_cont=0.322	WP_001045111.1 MULTISPECIES: staphyloferrin B ABC transporter substrate-binding protein SirA [Staphylococcus]	100	99.7	1.25e-229
BAAHTX010000002.1_127|154277|155272|1|ID=1_127;partial=00;start_type=ATG;rbs_motif=AGGAG;rbs_spacer=5-10bp;gc_cont=0.386	WP_000924997.1 MULTISPECIES: staphyloferrin B ABC transporter permease subunit SirB [Staphylococcus]	100	99.7	7.19e-209
BAAHTX010000002.1_128|155269|156267|1|ID=1_128;partial=00;start_type=ATG;rbs_motif=AGGA/GGAG/GAGG;rbs_spacer=11-12bp;gc_cont=0.367	WP_000136636.1 MULTISPECIES: staphyloferrin B ABC transporter permease subunit SirC [Staphylococcus]	100	99.7	9.90e-212
BAAHTX010000002.1_129|156636|157388|1|ID=1_129;partial=00;start_type=ATG;rbs_motif=AGGAG;rbs_spacer=5-10bp;gc_cont=0.275	WP_000876756.1 MULTISPECIES: HTH-type transcriptional regulator SarS [Staphylococcus]	100	99.6	3.84e-168
BAAHTX010000002.1_130|157773|159383|1|ID=1_130;partial=00;start_type=ATG;rbs_motif=None;rbs_spacer=None;gc_cont=0.381	WP_254414292.1 staphylococcal protein A [Staphylococcus aureus]	98.3	99.8	1.51e-272
BAAHTX010000002.1_131|159712|161304|-1|ID=1_131;partial=00;start_type=ATG;rbs_motif=GGAG/GAGG;rbs_spacer=5-10bp;gc_cont=0.345	WP_000173902.1 MULTISPECIES: L-lactate permease [Staphylococcus]	100	99.8	0.0
BAAHTX010000002.1_132|161566|162039|-1|ID=1_132;partial=00;start_type=ATG;rbs_motif=GGAG/GAGG;rbs_spacer=5-10bp;gc_cont=0.302	WP_000036327.1 MULTISPECIES: DUF1648 domain-containing protein [Staphylococcus]	100	99.4	2.08e-108
BAAHTX010000002.1_133|162229|163626|-1|ID=1_133;partial=00;start_type=ATG;rbs_motif=GGAG/GAGG;rbs_spacer=5-10bp;gc_cont=0.291	WP_001151814.1 MULTISPECIES: aminotransferase-like domain-containing protein [Staphylococcus]	100	99.8	0.0
BAAHTX010000002.1_134|163739|164611|1|ID=1_134;partial=00;start_type=ATG;rbs_motif=AGGA/GGAG/GAGG;rbs_spacer=11-12bp;gc_cont=0.308	WP_001038103.1 MULTISPECIES: DMT family transporter [Staphylococcus]	100	99.7	1.19e-191
BAAHTX010000002.1_135|164785|166560|1|ID=1_135;partial=00;start_type=ATG;rbs_motif=AGGA;rbs_spacer=5-10bp;gc_cont=0.355	WP_000291842.1 MULTISPECIES: oleate hydratase [Staphylococcus]	100	99.8	0.0
BAAHTX010000002.1_136|166880|168547|1|ID=1_136;partial=00;start_type=ATG;rbs_motif=GGAG/GAGG;rbs_spacer=5-10bp;gc_cont=0.361	WP_001791835.1 MULTISPECIES: Na/Pi cotransporter family protein [Staphylococcus]	100	99.5	0.0
BAAHTX010000002.1_137|169033|170421|-1|ID=1_137;partial=00;start_type=ATG;rbs_motif=AGGAG;rbs_spacer=5-10bp;gc_cont=0.368	WP_001006446.1 multidrug efflux MFS transporter NorC [Staphylococcus aureus]	100	99.8	2.01e-311
BAAHTX010000002.1_138|170423|171601|-1|ID=1_138;partial=00;start_type=ATG;rbs_motif=AGGAG;rbs_spacer=5-10bp;gc_cont=0.371	WP_001075826.1 MULTISPECIES: M20 family metallopeptidase [Staphylococcus]	100	99.7	3.96e-287
BAAHTX010000002.1_139|171752|173989|-1|ID=1_139;partial=00;start_type=ATG;rbs_motif=GGAG/GAGG;rbs_spacer=5-10bp;gc_cont=0.337	WP_001188495.1 MULTISPECIES: transcriptional regulator AryK [Staphylococcus]	100	99.9	0.0
BAAHTX010000002.1_140|174083|174850|-1|ID=1_140;partial=00;start_type=ATG;rbs_motif=AGGA;rbs_spacer=5-10bp;gc_cont=0.311	WP_000826311.1 MULTISPECIES: tandem-type lipoprotein [Staphylococcus]	100	99.6	8.83e-181
BAAHTX010000002.1_141|174917|175687|-1|ID=1_141;partial=00;start_type=ATG;rbs_motif=GGA/GAG/AGG;rbs_spacer=5-10bp;gc_cont=0.301	WP_000977781.1 MULTISPECIES: tandem-type lipoprotein [Staphylococcus]	100	99.6	1.93e-180
BAAHTX010000002.1_142|175751|176554|-1|ID=1_142;partial=00;start_type=ATG;rbs_motif=None;rbs_spacer=None;gc_cont=0.285	WP_000597212.1 MULTISPECIES: tandem-type lipoprotein [Staphylococcus]	100	95.5	2.03e-178
BAAHTX010000002.1_143|176573|177343|-1|ID=1_143;partial=00;start_type=ATG;rbs_motif=GGA/GAG/AGG;rbs_spacer=5-10bp;gc_cont=0.297	WP_000977774.1 MULTISPECIES: tandem-type lipoprotein [Staphylococcus]	100	99.6	1.65e-181
BAAHTX010000002.1_144|177564|178550|-1|ID=1_144;partial=00;start_type=ATG;rbs_motif=AGxAG;rbs_spacer=5-10bp;gc_cont=0.333	WP_000710576.1 MULTISPECIES: phosphatidylinositol-specific phospholipase C [Staphylococcus]	100	99.7	2.67e-239
BAAHTX010000002.1_145|178755|179237|-1|ID=1_145;partial=00;start_type=ATG;rbs_motif=AGGA/GGAG/GAGG;rbs_spacer=11-12bp;gc_cont=0.317	WP_108932403.1 hypothetical protein [Staphylococcus aureus]	100	99.4	3.29e-102
BAAHTX010000002.1_146|179294|182446|-1|ID=1_146;partial=00;start_type=ATG;rbs_motif=GGA/GAG/AGG;rbs_spacer=5-10bp;gc_cont=0.314	WP_000080559.1 MULTISPECIES: DEAD/DEAH box helicase [Staphylococcus]	100	99.9	0.0
BAAHTX010000002.1_147|182713|183315|-1|ID=1_147;partial=00;start_type=ATG;rbs_motif=GGA/GAG/AGG;rbs_spacer=5-10bp;gc_cont=0.300	WP_000908952.1 MULTISPECIES: hypothetical protein [Staphylococcus]	100	99.5	1.26e-130
BAAHTX010000002.1_148|183749|184492|-1|ID=1_148;partial=00;start_type=GTG;rbs_motif=None;rbs_spacer=None;gc_cont=0.263	WP_001793250.1 MULTISPECIES: LysR family transcriptional regulator [Staphylococcus]	100	99.6	3.56e-167
BAAHTX010000002.1_149|184583|185116|1|ID=1_149;partial=00;start_type=ATG;rbs_motif=AGxAGG/AGGxGG;rbs_spacer=5-10bp;gc_cont=0.262	WP_000543163.1 MULTISPECIES: DUF4865 family protein [Staphylococcus]	100	99.4	2.35e-126
BAAHTX010000002.1_150|185471|186331|-1|ID=1_150;partial=00;start_type=TTG;rbs_motif=AGGAG;rbs_spacer=5-10bp;gc_cont=0.278	WP_001052510.1 MULTISPECIES: LysR family transcriptional regulator [Staphylococcus]	100	99.7	2.35e-196
BAAHTX010000002.1_151|186444|186995|1|ID=1_151;partial=00;start_type=ATG;rbs_motif=AGGAG;rbs_spacer=5-10bp;gc_cont=0.310	WP_000627022.1 MULTISPECIES: flavodoxin family protein [Staphylococcus]	100	99.5	3.32e-129
BAAHTX010000002.1_152|186988|188208|1|ID=1_152;partial=00;start_type=ATG;rbs_motif=GGA/GAG/AGG;rbs_spacer=5-10bp;gc_cont=0.290	WP_000130764.1 MULTISPECIES: MFS transporter [Staphylococcus]	100	99.8	8.75e-273
BAAHTX010000002.1_153|188280|188576|-1|ID=1_153;partial=00;start_type=ATG;rbs_motif=AGGAG;rbs_spacer=5-10bp;gc_cont=0.316	WP_000201640.1 MULTISPECIES: TfoX/Sxy family protein [Staphylococcus]	100	99.0	3.52e-63
BAAHTX010000002.1_154|188625|188828|-1|ID=1_154;partial=00;start_type=ATG;rbs_motif=GGA/GAG/AGG;rbs_spacer=5-10bp;gc_cont=0.265	WP_000398679.1 MULTISPECIES: DUF6007 family protein [Staphylococcus]	100	98.5	4.80e-38
BAAHTX010000002.1_155|189137|190123|1|ID=1_155;partial=00;start_type=ATG;rbs_motif=None;rbs_spacer=None;gc_cont=0.389	WP_000662031.1 MULTISPECIES: tRNA dihydrouridine synthase [Staphylococcus]	100	99.7	1.88e-239
BAAHTX010000002.1_156|190789|191982|-1|ID=1_156;partial=00;start_type=ATG;rbs_motif=AGGA;rbs_spacer=5-10bp;gc_cont=0.326	WP_001033018.1 MULTISPECIES: type II sulfide:quinone oxidoreductase Sqr [Staphylococcus]	100	99.7	1.78e-297
BAAHTX010000002.1_157|192001|193335|-1|ID=1_157;partial=00;start_type=ATG;rbs_motif=AGGAG;rbs_spacer=5-10bp;gc_cont=0.336	WP_000465472.1 MULTISPECIES: persulfide dioxygenase-sulfurtransferase CstB [Staphylococcus]	100	99.8	0.0
BAAHTX010000002.1_158|193366|194433|-1|ID=1_158;partial=00;start_type=ATG;rbs_motif=GGAG/GAGG;rbs_spacer=5-10bp;gc_cont=0.317	WP_000816129.1 MULTISPECIES: persulfide response sulfurtransferase CstA [Staphylococcus]	100	99.7	4.88e-251
BAAHTX010000002.1_159|194570|194830|1|ID=1_159;partial=00;start_type=ATG;rbs_motif=GGAG/GAGG;rbs_spacer=5-10bp;gc_cont=0.310	WP_001105087.1 MULTISPECIES: persulfide-sensing transcriptional repressor CstR [Staphylococcus]	100	98.9	1.96e-50
BAAHTX010000002.1_160|194830|195585|1|ID=1_160;partial=00;start_type=ATG;rbs_motif=None;rbs_spacer=None;gc_cont=0.316	WP_000355845.1 MULTISPECIES: sulfite exporter TauE/SafE family protein [Staphylococcus]	100	99.6	2.75e-157
BAAHTX010000002.1_161|195800|196252|1|ID=1_161;partial=00;start_type=ATG;rbs_motif=None;rbs_spacer=None;gc_cont=0.353	WP_000048258.1 tRNA-dihydrouridine synthase [Staphylococcus aureus]	100	99.3	1.49e-100
BAAHTX010000002.1_162|196346|198091|-1|ID=1_162;partial=00;start_type=ATG;rbs_motif=GGA/GAG/AGG;rbs_spacer=5-10bp;gc_cont=0.255	WP_000700190.1 MULTISPECIES: DUF6119 family protein [Staphylococcus]	100	99.8	0.0
BAAHTX010000002.1_163|198788|199285|-1|ID=1_163;partial=00;start_type=ATG;rbs_motif=GGAG/GAGG;rbs_spacer=5-10bp;gc_cont=0.275	WP_000051479.1 MULTISPECIES: hypothetical protein [Staphylococcus]	100	99.4	2.24e-91
BAAHTX010000002.1_164|199754|200131|-1|ID=1_164;partial=00;start_type=GTG;rbs_motif=None;rbs_spacer=None;gc_cont=0.235	WP_000687965.1 MULTISPECIES: hypothetical protein [Staphylococcus]	100	99.2	9.66e-85
BAAHTX010000002.1_165|200557|201489|-1|ID=1_165;partial=00;start_type=ATG;rbs_motif=GGA/GAG/AGG;rbs_spacer=5-10bp;gc_cont=0.229	WP_000364405.1 MULTISPECIES: hypothetical protein [Staphylococcus]	100	99.7	1.29e-221
BAAHTX010000002.1_166|201561|203144|-1|ID=1_166;partial=00;start_type=GTG;rbs_motif=GGAG/GAGG;rbs_spacer=5-10bp;gc_cont=0.252	WP_001551935.1 MULTISPECIES: hypothetical protein [Staphylococcus]	100	99.8	0.0
BAAHTX010000002.1_167|203316|203612|1|ID=1_167;partial=00;start_type=ATG;rbs_motif=GGAG/GAGG;rbs_spacer=5-10bp;gc_cont=0.367	WP_000221967.1 MULTISPECIES: cassette chromosome ssDNA-binding protein [Staphylococcus]	100	99.0	2.28e-68
BAAHTX010000002.1_168|203612|205405|1|ID=1_168;partial=00;start_type=ATG;rbs_motif=AGGAG;rbs_spacer=5-10bp;gc_cont=0.345	WP_108932402.1 cassette chromosome replicative helicase [Staphylococcus aureus]	100	99.8	0.0
BAAHTX010000002.1_169|205639|206988|1|ID=1_169;partial=00;start_type=ATG;rbs_motif=AGGAG;rbs_spacer=5-10bp;gc_cont=0.346	WP_000815640.1 MULTISPECIES: cassette chromosome recombinase CcrA [Bacillota]	100	99.8	0.0
BAAHTX010000002.1_170|207010|208638|1|ID=1_170;partial=00;start_type=ATG;rbs_motif=AGGA;rbs_spacer=5-10bp;gc_cont=0.351	WP_108932401.1 MULTISPECIES: cassette chromosome recombinase CcrB [Staphylococcus]	100	99.8	0.0
BAAHTX010000002.1_171|209160|209510|1|ID=1_171;partial=00;start_type=ATG;rbs_motif=AGGAG;rbs_spacer=5-10bp;gc_cont=0.365	WP_000849672.1 MULTISPECIES: SAUGI family uracil-DNA glycosylase inhibitor [Bacteria]	100	99.1	6.26e-79
BAAHTX010000002.1_172|209597|209908|1|ID=1_172;partial=00;start_type=ATG;rbs_motif=GGAG/GAGG;rbs_spacer=5-10bp;gc_cont=0.321	WP_000700851.1 MULTISPECIES: DUF960 family protein [Bacillota]	100	99.0	1.39e-69
BAAHTX010000002.1_173|209923|210429|1|ID=1_173;partial=00;start_type=ATG;rbs_motif=AGGA;rbs_spacer=5-10bp;gc_cont=0.371	WP_001092189.1 MULTISPECIES: DUF1643 domain-containing protein [Staphylococcus]	100	99.4	1.38e-116
BAAHTX010000002.1_174|210565|212088|1|ID=1_174;partial=00;start_type=ATG;rbs_motif=None;rbs_spacer=None;gc_cont=0.283	WP_371383177.1 IS1182 family transposase, partial [Staphylococcus aureus]	100	99.8	0.0
BAAHTX010000002.1_175|212079|212351|-1|ID=1_175;partial=00;start_type=TTG;rbs_motif=None;rbs_spacer=None;gc_cont=0.370	WP_320159820.1 type I restriction enzyme endonuclease domain-containing protein, partial [Staphylococcus aureus]	98.9	98.9	7.30e-53
BAAHTX010000002.1_176|212311|213297|-1|ID=1_176;partial=00;start_type=GTG;rbs_motif=GGAG/GAGG;rbs_spacer=5-10bp;gc_cont=0.293	WP_001549960.1 MULTISPECIES: beta-lactam sensor/signal transducer MecR1 [Staphylococcus]	100	99.7	4.68e-224
BAAHTX010000002.1_177|213397|215403|1|ID=1_177;partial=00;start_type=ATG;rbs_motif=AGGAG;rbs_spacer=5-10bp;gc_cont=0.306	WP_199613021.1 PBP2a family beta-lactam-resistant peptidoglycan transpeptidase MecA [Staphylococcus pseudintermedius]	100	99.9	0.0
BAAHTX010000002.1_178|215449|215877|-1|ID=1_178;partial=00;start_type=ATG;rbs_motif=GGA/GAG/AGG;rbs_spacer=5-10bp;gc_cont=0.289	WP_000872606.1 MULTISPECIES: MaoC family dehydratase [Bacillota]	100	99.3	4.36e-96
BAAHTX010000002.1_179|215974|216717|-1|ID=1_179;partial=00;start_type=ATG;rbs_motif=AGGAG;rbs_spacer=5-10bp;gc_cont=0.335	WP_000958858.1 MULTISPECIES: glycerophosphoryl diester phosphodiesterase [Bacillota]	100	99.6	5.12e-176
BAAHTX010000002.1_180|217186|217416|-1|ID=1_180;partial=00;start_type=ATG;rbs_motif=None;rbs_spacer=None;gc_cont=0.346	WP_225261247.1 hypothetical protein, partial [Staphylococcus aureus]	98.7	97.4	4.86e-38
BAAHTX010000002.1_181|217514|217681|-1|ID=1_181;partial=00;start_type=ATG;rbs_motif=GGA/GAG/AGG;rbs_spacer=11-12bp;gc_cont=0.292	WP_000894158.1 MULTISPECIES: hypothetical protein [Staphylococcus]	100	98.2	6.38e-31
BAAHTX010000002.1_182|217939|218613|1|ID=1_182;partial=00;start_type=ATG;rbs_motif=AGGAG;rbs_spacer=5-10bp;gc_cont=0.344	WP_001106057.1 MULTISPECIES: IS6-like element IS257 family transposase [Bacteria]	100	99.6	9.24e-163
BAAHTX010000002.1_183|218645|218884|-1|ID=1_183;partial=00;start_type=ATG;rbs_motif=GGA/GAG/AGG;rbs_spacer=5-10bp;gc_cont=0.246	WP_001282728.1 MULTISPECIES: hypothetical protein [Staphylococcaceae]	100	98.8	6.40e-46
BAAHTX010000002.1_185|219299|220555|-1|ID=1_185;partial=00;start_type=ATG;rbs_motif=AGGAG;rbs_spacer=5-10bp;gc_cont=0.285	WP_061648669.1 MrcB family domain-containing protein [Staphylococcus aureus]	95.9	99.8	4.29e-286
BAAHTX010000002.1_186|220877|221356|-1|ID=1_186;partial=00;start_type=ATG;rbs_motif=GGAG/GAGG;rbs_spacer=5-10bp;gc_cont=0.396	WP_000704775.1 MULTISPECIES: 23S rRNA (pseudouridine(1915)-N(3))-methyltransferase RlmH [Staphylococcus]	100	99.4	1.29e-103
BAAHTX010000002.1_187|221724|224084|-1|ID=1_187;partial=00;start_type=ATG;rbs_motif=None;rbs_spacer=None;gc_cont=0.385	WP_000645779.1 LPXTG-anchored adenosine synthase AdsA [Staphylococcus aureus]	100	98.1	0.0
BAAHTX010000002.1_188|224270|225052|-1|ID=1_188;partial=00;start_type=ATG;rbs_motif=None;rbs_spacer=None;gc_cont=0.356	WP_000088648.1 MULTISPECIES: MBL fold metallo-hydrolase [Staphylococcus]	100	99.6	5.48e-188
BAAHTX010000002.1_189|225460|226248|-1|ID=1_189;partial=00;start_type=ATG;rbs_motif=GGAG/GAGG;rbs_spacer=5-10bp;gc_cont=0.324	WP_001104172.1 MULTISPECIES: two-component system regulatory protein YycI [Staphylococcus]	100	99.6	9.81e-177
BAAHTX010000002.1_190|226249|227532|-1|ID=1_190;partial=00;start_type=ATG;rbs_motif=None;rbs_spacer=None;gc_cont=0.350	WP_001060154.1 MULTISPECIES: two-component system activity regulator YycH [Staphylococcus]	100	99.8	2.04e-311
BAAHTX010000002.1_191|227576|229402|-1|ID=1_191;partial=00;start_type=ATG;rbs_motif=GGAG/GAGG;rbs_spacer=5-10bp;gc_cont=0.349	WP_000871607.1 MULTISPECIES: cell wall metabolism sensor histidine kinase WalK [Staphylococcus]	100	99.8	0.0
BAAHTX010000002.1_192|229415|230116|-1|ID=1_192;partial=00;start_type=ATG;rbs_motif=GGAG/GAGG;rbs_spacer=5-10bp;gc_cont=0.363	WP_000101976.1 MULTISPECIES: response regulator YycF [Staphylococcus]	100	99.6	6.25e-170
BAAHTX010000002.1_193|231320|232603|-1|ID=1_193;partial=00;start_type=ATG;rbs_motif=GGAG/GAGG;rbs_spacer=5-10bp;gc_cont=0.363	WP_000095327.1 MULTISPECIES: adenylosuccinate synthase [Staphylococcus]	100	99.8	1.46e-315
BAAHTX010000002.1_194|232881|234281|-1|ID=1_194;partial=00;start_type=ATG;rbs_motif=AGGA/GGAG/GAGG;rbs_spacer=11-12bp;gc_cont=0.383	WP_047213056.1 replicative DNA helicase [Staphylococcus aureus]	100	99.8	0.0
BAAHTX010000002.1_195|234313|234759|-1|ID=1_195;partial=00;start_type=ATG;rbs_motif=AGGAG;rbs_spacer=5-10bp;gc_cont=0.322	WP_000864305.1 MULTISPECIES: 50S ribosomal protein L9 [Staphylococcus]	100	99.3	1.38e-95
BAAHTX010000002.1_196|234756|236723|-1|ID=1_196;partial=00;start_type=ATG;rbs_motif=GGAG/GAGG;rbs_spacer=5-10bp;gc_cont=0.357	WP_001081634.1 MULTISPECIES: cyclic-di-AMP phosphodiesterase GdpP [Staphylococcus]	100	99.8	0.0
BAAHTX010000002.1_197|236738|237676|-1|ID=1_197;partial=00;start_type=ATG;rbs_motif=None;rbs_spacer=None;gc_cont=0.330	WP_001791710.1 MULTISPECIES: YybS family protein [Staphylococcus]	100	99.7	2.21e-198
BAAHTX010000002.1_198|237967|238935|-1|ID=1_198;partial=00;start_type=ATG;rbs_motif=AGGAG;rbs_spacer=5-10bp;gc_cont=0.357	WP_000186481.1 MULTISPECIES: homoserine O-acetyltransferase MetX [Staphylococcus]	100	99.7	1.09e-244
BAAHTX010000002.1_199|239298|239627|-1|ID=1_199;partial=00;start_type=ATG;rbs_motif=AGGAG(G)/GGAGG;rbs_spacer=13-15bp;gc_cont=0.348	WP_000628050.1 MULTISPECIES: AzlD domain-containing protein [Bacillales]	100	99.1	4.37e-60
BAAHTX010000002.1_200|239624|240319|-1|ID=1_200;partial=00;start_type=ATG;rbs_motif=AGGAG;rbs_spacer=5-10bp;gc_cont=0.372	WP_303752051.1 AzlC family ABC transporter permease [Staphylococcus aureus]	93.5	99.6	8.91e-144
BAAHTX010000002.1_201|240971|242257|-1|ID=1_201;partial=00;start_type=ATG;rbs_motif=AGGA;rbs_spacer=5-10bp;gc_cont=0.346	WP_000884334.1 MULTISPECIES: serine--tRNA ligase [Staphylococcus]	100	99.8	1.11e-309
BAAHTX010000002.1_202|242636|244150|-1|ID=1_202;partial=00;start_type=ATG;rbs_motif=AGxAGG/AGGxGG;rbs_spacer=5-10bp;gc_cont=0.368	WP_108932398.1 histidine ammonia-lyase [Staphylococcus aureus]	100	99.8	0.0
BAAHTX010000002.1_203|244458|245288|1|ID=1_203;partial=00;start_type=ATG;rbs_motif=GGA/GAG/AGG;rbs_spacer=5-10bp;gc_cont=0.371	WP_000449218.1 MULTISPECIES: NAD(P)H-hydrate dehydratase [Staphylococcus]	100	97.5	9.30e-192
BAAHTX010000002.1_204|245375|248038|-1|ID=1_204;partial=00;start_type=ATG;rbs_motif=AGGAG;rbs_spacer=5-10bp;gc_cont=0.369	WP_024936933.1 MULTISPECIES: DNA gyrase subunit A [Staphylococcus]	100	99.9	0.0
BAAHTX010000002.1_205|248075|250009|-1|ID=1_205;partial=00;start_type=ATG;rbs_motif=None;rbs_spacer=None;gc_cont=0.371	WP_000255586.1 MULTISPECIES: DNA topoisomerase (ATP-hydrolyzing) subunit B [Staphylococcus]	100	99.8	0.0
BAAHTX010000002.1_206|250019|251131|-1|ID=1_206;partial=00;start_type=ATG;rbs_motif=GGA/GAG/AGG;rbs_spacer=5-10bp;gc_cont=0.338	WP_000775113.1 MULTISPECIES: DNA replication/repair protein RecF [Staphylococcus]	100	99.7	9.64e-261
BAAHTX010000002.1_207|251128|251364|-1|ID=1_207;partial=00;start_type=TTG;rbs_motif=GGAG/GAGG;rbs_spacer=5-10bp;gc_cont=0.359	WP_000249647.1 S4 domain-containing protein YaaA [Staphylococcus aureus]	100	98.7	2.61e-49
BAAHTX010000002.1_208|251754|252887|-1|ID=1_208;partial=00;start_type=ATG;rbs_motif=AGGAG;rbs_spacer=5-10bp;gc_cont=0.327	WP_000969811.1 MULTISPECIES: DNA polymerase III subunit beta [Staphylococcus]	100	99.7	9.37e-267
BAAHTX010000002.1_209|253165|254526|-1|ID=1_209;partial=00;start_type=ATG;rbs_motif=GGAG/GAGG;rbs_spacer=5-10bp;gc_cont=0.329	WP_001290433.1 MULTISPECIES: chromosomal replication initiator protein DnaA [Staphylococcus]	100	99.8	0.0
BAAHTX010000002.1_210|255257|255394|1|ID=1_210;partial=00;start_type=ATG;rbs_motif=GGAG/GAGG;rbs_spacer=5-10bp;gc_cont=0.377	WP_000240855.1 MULTISPECIES: 50S ribosomal protein L34 [Bacillati]	100	97.8	4.62e-20
BAAHTX010000002.1_211|255515|255868|1|ID=1_211;partial=00;start_type=ATG;rbs_motif=None;rbs_spacer=None;gc_cont=0.291	WP_001789343.1 MULTISPECIES: ribonuclease P protein component [Staphylococcus]	100	99.2	1.47e-73
BAAHTX010000002.1_212|256007|257386|1|ID=1_212;partial=00;start_type=ATG;rbs_motif=GGA/GAG/AGG;rbs_spacer=5-10bp;gc_cont=0.341	WP_000362509.1 MULTISPECIES: tRNA uridine-5-carboxymethylaminomethyl(34) synthesis GTPase MnmE [Staphylococcus]	100	99.8	0.0
BAAHTX010000002.1_213|257453|259330|1|ID=1_213;partial=00;start_type=GTG;rbs_motif=AGGAG;rbs_spacer=5-10bp;gc_cont=0.353	WP_000249662.1 MULTISPECIES: tRNA uridine-5-carboxymethylaminomethyl(34) synthesis enzyme MnmG [Staphylococcus]	100	99.8	0.0
BAAHTX010000002.1_214|259330|260049|1|ID=1_214;partial=00;start_type=ATG;rbs_motif=GGA/GAG/AGG;rbs_spacer=5-10bp;gc_cont=0.335	WP_000215595.1 MULTISPECIES: 16S rRNA (guanine(527)-N(7))-methyltransferase RsmG [Staphylococcus]	100	99.6	1.35e-167
BAAHTX010000002.1_215|260092|260931|1|ID=1_215;partial=00;start_type=ATG;rbs_motif=AGGAG;rbs_spacer=5-10bp;gc_cont=0.354	WP_000742837.1 MULTISPECIES: nucleoid occlusion protein [Staphylococcus]	100	99.6	6.12e-184
BAAHTX010000002.1_216|261384|261737|1|ID=1_216;partial=00;start_type=ATG;rbs_motif=GGA/GAG/AGG;rbs_spacer=5-10bp;gc_cont=0.373	WP_000491382.1 MULTISPECIES: DUF3147 family protein [Staphylococcus]	100	99.2	4.06e-71
BAAHTX010000002.1_217|261805|262200|1|ID=1_217;partial=00;start_type=ATG;rbs_motif=GGAG/GAGG;rbs_spacer=5-10bp;gc_cont=0.348	WP_000779136.1 MULTISPECIES: DUF3147 family protein [Bacteria]	100	99.2	1.51e-84
BAAHTX010000002.1_218|262460|263029|1|ID=1_218;partial=00;start_type=TTG;rbs_motif=GGAG/GAGG;rbs_spacer=5-10bp;gc_cont=0.318	WP_001054118.1 MULTISPECIES: helix-turn-helix domain-containing protein [Staphylococcus]	100	99.5	3.54e-127
BAAHTX010000002.1_219|263156|263356|-1|ID=1_219;partial=00;start_type=ATG;rbs_motif=GGAG/GAGG;rbs_spacer=5-10bp;gc_cont=0.383	WP_001059079.1 MULTISPECIES: cold-shock protein [Staphylococcus]	100	98.5	1.96e-41
BAAHTX010000002.1_220|263749|263940|-1|ID=1_220;partial=00;start_type=ATG;rbs_motif=AGGAG;rbs_spacer=5-10bp;gc_cont=0.307	WP_000672039.1 MULTISPECIES: peptide resistance ABC transporter activity modulator VraH [Staphylococcus]	100	98.4	4.12e-35
BAAHTX010000002.1_221|263969|264319|-1|ID=1_221;partial=00;start_type=TTG;rbs_motif=None;rbs_spacer=None;gc_cont=0.322	WP_001791705.1 IS30 family transposase [Staphylococcus aureus]	100	99.1	3.91e-82
BAAHTX010000002.1_222|264398|264895|1|ID=1_222;partial=00;start_type=ATG;rbs_motif=GGAG/GAGG;rbs_spacer=5-10bp;gc_cont=0.263	WP_108932397.1 phage tail protein [Staphylococcus aureus]	100	99.4	1.82e-115
BAAHTX010000002.1_223|264955|265491|-1|ID=1_223;partial=00;start_type=GTG;rbs_motif=None;rbs_spacer=None;gc_cont=0.345	WP_001549881.1 IS30 family transposase [Staphylococcus aureus]	100	99.4	2.64e-128
BAAHTX010000002.1_224|265503|265694|-1|ID=1_224;partial=00;start_type=ATG;rbs_motif=AGGAG;rbs_spacer=5-10bp;gc_cont=0.312	WP_108932396.1 peptide resistance ABC transporter activity modulator VraH [Staphylococcus aureus]	100	98.4	2.04e-35
BAAHTX010000002.1_225|265787|267667|-1|ID=1_225;partial=00;start_type=ATG;rbs_motif=AGxAGG/AGGxGG;rbs_spacer=5-10bp;gc_cont=0.315	WP_000143650.1 MULTISPECIES: peptide resistance ABC transporter permease subunit VraE [Staphylococcus]	100	99.8	0.0
BAAHTX010000002.1_226|267657|268415|-1|ID=1_226;partial=00;start_type=ATG;rbs_motif=AGGAG;rbs_spacer=5-10bp;gc_cont=0.369	WP_000154162.1 MULTISPECIES: peptide resistance ABC transporter ATP-binding subunit VraD [Staphylococcus]	100	99.6	8.79e-175
BAAHTX010000002.1_227|268698|269210|1|ID=1_227;partial=00;start_type=ATG;rbs_motif=AGGA;rbs_spacer=5-10bp;gc_cont=0.298	WP_000410771.1 MULTISPECIES: HdeD family acid-resistance protein [Staphylococcus]	100	99.4	4.91e-102
BAAHTX010000002.1_228|269344|270144|-1|ID=1_228;partial=00;start_type=ATG;rbs_motif=AGGAG;rbs_spacer=5-10bp;gc_cont=0.305	WP_001017423.1 MULTISPECIES: arylamine N-acetyltransferase family protein [Staphylococcus]	100	98.9	1.81e-194
BAAHTX010000002.1_229|270381|271415|-1|ID=1_229;partial=00;start_type=ATG;rbs_motif=None;rbs_spacer=None;gc_cont=0.346	WP_000215642.1 MULTISPECIES: HoxN/HupN/NixA family nickel/cobalt transporter [Staphylococcus]	99.7	98.0	9.67e-235
BAAHTX010000002.1_230|271562|272137|-1|ID=1_230;partial=00;start_type=ATG;rbs_motif=AGGA;rbs_spacer=5-10bp;gc_cont=0.349	WP_000174578.1 MULTISPECIES: DNA-binding protein [Staphylococcus]	100	99.5	3.99e-134
BAAHTX010000002.1_231|272362|273270|1|ID=1_231;partial=00;start_type=GTG;rbs_motif=AGGAG;rbs_spacer=5-10bp;gc_cont=0.347	WP_001083804.1 MULTISPECIES: EamA family transporter RarD [Staphylococcus]	100	99.7	4.96e-206
BAAHTX010000002.1_232|273683|275101|-1|ID=1_232;partial=00;start_type=ATG;rbs_motif=AGGA;rbs_spacer=5-10bp;gc_cont=0.382	WP_000432356.1 MULTISPECIES: anion permease [Staphylococcus]	100	99.8	0.0
BAAHTX010000002.1_233|275339|275821|-1|ID=1_233;partial=00;start_type=ATG;rbs_motif=None;rbs_spacer=None;gc_cont=0.327	WP_000208915.1 MULTISPECIES: bacillithiol transferase BstA [Staphylococcus]	100	95.7	2.12e-108
BAAHTX010000002.1_234|275970|276308|1|ID=1_234;partial=00;start_type=ATG;rbs_motif=GGA/GAG/AGG;rbs_spacer=5-10bp;gc_cont=0.360	WP_000116417.1 MULTISPECIES: PadR family transcriptional regulator [Staphylococcus]	100	99.1	1.76e-74
BAAHTX010000002.1_235|276298|277065|1|ID=1_235;partial=00;start_type=ATG;rbs_motif=GGAG/GAGG;rbs_spacer=5-10bp;gc_cont=0.292	WP_049298354.1 membrane protein [Staphylococcus aureus]	99.6	99.6	2.74e-159
BAAHTX010000002.1_236|277184|277822|-1|ID=1_236;partial=00;start_type=ATG;rbs_motif=None;rbs_spacer=None;gc_cont=0.374	WP_000547833.1 MULTISPECIES: pyroglutamyl-peptidase I [Staphylococcus]	100	99.5	1.17e-150
BAAHTX010000002.1_237|277974|278930|-1|ID=1_237;partial=00;start_type=ATG;rbs_motif=AGGAG;rbs_spacer=5-10bp;gc_cont=0.346	WP_001109272.1 MULTISPECIES: oxygen-dependent tRNA uridine(34) hydroxylase TrhO [Staphylococcus]	100	99.7	1.88e-243
BAAHTX010000002.1_238|279171|280145|1|ID=1_238;partial=00;start_type=ATG;rbs_motif=AGGA;rbs_spacer=5-10bp;gc_cont=0.358	WP_000082559.1 MULTISPECIES: SMP-30/gluconolactonase/LRE family protein [Staphylococcus]	100	99.4	9.72e-242
BAAHTX010000002.1_239|280294|280809|-1|ID=1_239;partial=00;start_type=ATG;rbs_motif=GGAG/GAGG;rbs_spacer=5-10bp;gc_cont=0.329	WP_000181129.1 MULTISPECIES: YceI family protein [Staphylococcus]	100	99.4	1.73e-116
BAAHTX010000002.1_240|281189|282037|1|ID=1_240;partial=00;start_type=ATG;rbs_motif=AGGAG;rbs_spacer=5-10bp;gc_cont=0.346	WP_000528923.1 MULTISPECIES: SAM hydrolase/SAM-dependent halogenase family protein [Staphylococcus]	100	99.6	6.07e-206
BAAHTX010000002.1_241|282066|282620|1|ID=1_241;partial=00;start_type=ATG;rbs_motif=AGGAG;rbs_spacer=5-10bp;gc_cont=0.326	WP_000743717.1 MULTISPECIES: ECF-type riboflavin transporter substrate-binding protein [Staphylococcus]	100	99.5	8.10e-126
BAAHTX010000002.1_242|282673|284385|1|ID=1_242;partial=00;start_type=ATG;rbs_motif=GGA/GAG/AGG;rbs_spacer=11-12bp;gc_cont=0.333	WP_108932394.1 ABC transporter ATP-binding protein [Staphylococcus aureus]	100	99.8	0.0
BAAHTX010000002.1_243|284382|285215|1|ID=1_243;partial=00;start_type=ATG;rbs_motif=GGA/GAG/AGG;rbs_spacer=5-10bp;gc_cont=0.299	WP_001077826.1 MULTISPECIES: energy-coupling factor transporter transmembrane component T family protein [Staphylococcus]	100	99.6	6.27e-176
BAAHTX010000002.1_244|285262|285759|1|ID=1_244;partial=00;start_type=ATG;rbs_motif=AGGAGG;rbs_spacer=5-10bp;gc_cont=0.297	WP_000610978.1 MULTISPECIES: GNAT family N-acetyltransferase [Staphylococcus]	100	99.4	3.41e-120
BAAHTX010000002.1_245|285877|286596|1|ID=1_245;partial=00;start_type=ATG;rbs_motif=GGAG/GAGG;rbs_spacer=5-10bp;gc_cont=0.322	WP_095254163.1 polysaccharide deacetylase, partial [Staphylococcus aureus]	98.7	96.7	2.70e-167
BAAHTX010000002.1_246|286593|286997|1|ID=1_246;partial=00;start_type=ATG;rbs_motif=None;rbs_spacer=None;gc_cont=0.333	WP_224061425.1 polysaccharide deacetylase family protein, partial [Staphylococcus aureus]	100	99.3	5.32e-97
BAAHTX010000002.1_247|287263|288120|1|ID=1_247;partial=00;start_type=GTG;rbs_motif=None;rbs_spacer=None;gc_cont=0.351	WP_001065590.1 MULTISPECIES: ATP phosphoribosyltransferase regulatory subunit [Staphylococcus]	99.6	95.1	1.91e-196
BAAHTX010000002.1_248|288138|288752|1|ID=1_248;partial=00;start_type=ATG;rbs_motif=GGAG/GAGG;rbs_spacer=5-10bp;gc_cont=0.338	WP_000944149.1 MULTISPECIES: ATP phosphoribosyltransferase [Staphylococcus]	100	99.5	4.76e-137
BAAHTX010000002.1_249|288745|289995|1|ID=1_249;partial=00;start_type=ATG;rbs_motif=AGGA/GGAG/GAGG;rbs_spacer=11-12bp;gc_cont=0.357	WP_000930643.1 MULTISPECIES: histidinol dehydrogenase [Staphylococcus]	100	99.8	6.20e-294
BAAHTX010000002.1_250|290011|291024|1|ID=1_250;partial=00;start_type=ATG;rbs_motif=GGAG/GAGG;rbs_spacer=5-10bp;gc_cont=0.345	WP_000639183.1 MULTISPECIES: pyridoxal phosphate-dependent aminotransferase [Staphylococcus]	100	99.7	4.81e-242
BAAHTX010000002.1_251|290993|291571|1|ID=1_251;partial=00;start_type=ATG;rbs_motif=GGAG/GAGG;rbs_spacer=5-10bp;gc_cont=0.371	WP_000640266.1 MULTISPECIES: imidazoleglycerol-phosphate dehydratase HisB [Staphylococcus]	100	99.5	1.68e-131
BAAHTX010000002.1_252|291568|292146|1|ID=1_252;partial=00;start_type=ATG;rbs_motif=GGA/GAG/AGG;rbs_spacer=5-10bp;gc_cont=0.364	WP_000635623.1 MULTISPECIES: imidazole glycerol phosphate synthase subunit HisH [Staphylococcus]	100	99.5	5.45e-137
BAAHTX010000002.1_253|292139|292843|1|ID=1_253;partial=00;start_type=ATG;rbs_motif=GGA/GAG/AGG;rbs_spacer=5-10bp;gc_cont=0.390	WP_000571736.1 MULTISPECIES: 1-(5-phosphoribosyl)-5-((5-phosphoribosylamino)methylideneamino)imidazole-4-carboxamide isomerase [Staphylococcus]	100	99.6	1.07e-166
BAAHTX010000002.1_254|292840|293598|1|ID=1_254;partial=00;start_type=ATG;rbs_motif=GGAG/GAGG;rbs_spacer=5-10bp;gc_cont=0.373	WP_000592596.1 imidazole glycerol phosphate synthase subunit HisF [Staphylococcus aureus]	98.4	99.6	3.73e-176
BAAHTX010000002.1_255|293595|294227|1|ID=1_255;partial=00;start_type=ATG;rbs_motif=AGxAGG/AGGxGG;rbs_spacer=11-12bp;gc_cont=0.348	WP_000186284.1 bifunctional phosphoribosyl-AMP cyclohydrolase/phosphoribosyl-ATP diphosphatase HisIE [Staphylococcus aureus]	99.5	99.5	2.27e-147
BAAHTX010000002.1_256|295317|297362|1|ID=1_256;partial=00;start_type=ATG;rbs_motif=GGAG/GAGG;rbs_spacer=5-10bp;gc_cont=0.343	WP_387465252.1 YSIRK domain-containing triacylglycerol lipase Lip1 [Staphylococcus aureus]	100	99.7	0.0
BAAHTX010000002.1_257|297929|298801|-1|ID=1_257;partial=00;start_type=ATG;rbs_motif=GGA/GAG/AGG;rbs_spacer=5-10bp;gc_cont=0.274	WP_147701189.1 polysaccharide intercellular adhesin biosynthesis/export protein IcaC, partial [Staphylococcus aureus]	100	98.3	3.22e-195
BAAHTX010000002.1_258|298788|299681|-1|ID=1_258;partial=00;start_type=ATG;rbs_motif=None;rbs_spacer=None;gc_cont=0.296	WP_000877317.1 MULTISPECIES: intercellular adhesin biosynthesis polysaccharide N-deacetylase [Staphylococcus]	100	97.0	3.84e-208
BAAHTX010000002.1_259|299657|299962|-1|ID=1_259;partial=00;start_type=ATG;rbs_motif=AGxAGG/AGGxGG;rbs_spacer=5-10bp;gc_cont=0.314	WP_108932393.1 intracellular adhesion protein IcaD [Staphylococcus aureus]	100	99.0	2.09e-61
BAAHTX010000002.1_260|299926|301164|-1|ID=1_260;partial=00;start_type=TTG;rbs_motif=GGA/GAG/AGG;rbs_spacer=5-10bp;gc_cont=0.342	WP_409401557.1 poly-beta-1,6 N-acetyl-D-glucosamine synthase IcaA [Staphylococcus aureus]	100	99.8	2.16e-276
BAAHTX010000002.1_261|301328|301888|1|ID=1_261;partial=00;start_type=TTG;rbs_motif=AGxAGG/AGGxGG;rbs_spacer=5-10bp;gc_cont=0.275	WP_000653261.1 MULTISPECIES: ica operon transcriptional regulator IcaR [Staphylococcus]	100	99.5	4.00e-127
BAAHTX010000002.1_262|302704|303399|1|ID=1_262;partial=00;start_type=ATG;rbs_motif=None;rbs_spacer=None;gc_cont=0.286	WP_134413407.1 Wzz/FepE/Etk N-terminal domain-containing protein [Staphylococcus aureus]	99.1	98.3	2.56e-140
BAAHTX010000002.1_263|303416|304108|1|ID=1_263;partial=00;start_type=ATG;rbs_motif=GGAG/GAGG;rbs_spacer=5-10bp;gc_cont=0.358	WP_000185864.1 MULTISPECIES: polysaccharide biosynthesis tyrosine autokinase [Staphylococcus]	100	99.6	7.82e-158
BAAHTX010000002.1_264|304105|304872|1|ID=1_264;partial=00;start_type=ATG;rbs_motif=GGA/GAG/AGG;rbs_spacer=5-10bp;gc_cont=0.323	WP_000565310.1 MULTISPECIES: tyrosine-protein phosphatase [Staphylococcus]	100	99.6	1.31e-182
BAAHTX010000002.1_265|305107|305607|1|ID=1_265;partial=00;start_type=ATG;rbs_motif=AGGA;rbs_spacer=5-10bp;gc_cont=0.331	WP_000244278.1 MULTISPECIES: GNAT family N-acetyltransferase [Staphylococcus]	100	99.4	9.75e-116
BAAHTX010000002.1_266|305610|306086|1|ID=1_266;partial=00;start_type=ATG;rbs_motif=GGAG/GAGG;rbs_spacer=5-10bp;gc_cont=0.348	WP_000301926.1 MULTISPECIES: peptide-methionine (S)-S-oxide reductase [Staphylococcus]	100	99.4	2.96e-113
BAAHTX010000002.1_267|306165|306776|1|ID=1_267;partial=00;start_type=ATG;rbs_motif=GGAG/GAGG;rbs_spacer=5-10bp;gc_cont=0.342	WP_108932392.1 flavin reductase family protein [Staphylococcus aureus]	100	99.5	3.37e-141
BAAHTX010000002.1_268|306861|307220|-1|ID=1_268;partial=00;start_type=ATG;rbs_motif=GGAG/GAGG;rbs_spacer=5-10bp;gc_cont=0.347	WP_000603480.1 MULTISPECIES: hypothetical protein [Bacillati]	100	99.2	4.19e-74
BAAHTX010000002.1_269|307374|307679|-1|ID=1_269;partial=00;start_type=ATG;rbs_motif=GGAG/GAGG;rbs_spacer=5-10bp;gc_cont=0.337	WP_001260013.1 MULTISPECIES: hypothetical protein [Staphylococcus]	100	98.0	3.93e-59
BAAHTX010000002.1_270|307663|308091|-1|ID=1_270;partial=00;start_type=ATG;rbs_motif=None;rbs_spacer=None;gc_cont=0.312	WP_001549854.1 MULTISPECIES: hypothetical protein [Bacilli]	100	99.3	3.07e-96
BAAHTX010000002.1_271|308357|309049|1|ID=1_271;partial=00;start_type=ATG;rbs_motif=GGA/GAG/AGG;rbs_spacer=11-12bp;gc_cont=0.369	WP_001109879.1 MULTISPECIES: flavin reductase family protein [Staphylococcus]	100	99.6	4.95e-170
BAAHTX010000002.1_272|309594|315137|1|ID=1_272;partial=00;start_type=ATG;rbs_motif=AGGAG;rbs_spacer=5-10bp;gc_cont=0.382	WP_410537520.1 serine-rich repeat glycoprotein adhesin SasA [Staphylococcus aureus]	100	42.7	0.0
BAAHTX010000002.1_273|315267|316478|1|ID=1_273;partial=00;start_type=ATG;rbs_motif=GGAG/GAGG;rbs_spacer=5-10bp;gc_cont=0.288	WP_000916119.1 MULTISPECIES: accessory Sec system protein translocase subunit SecY2 [Staphylococcus]	100	99.8	2.70e-270
BAAHTX010000002.1_274|316489|318042|1|ID=1_274;partial=00;start_type=ATG;rbs_motif=AGGAG;rbs_spacer=5-10bp;gc_cont=0.342	WP_108932390.1 accessory Sec system protein Asp1 [Staphylococcus aureus]	100	99.8	0.0
BAAHTX010000002.1_275|318029|319600|1|ID=1_275;partial=00;start_type=ATG;rbs_motif=GGA/GAG/AGG;rbs_spacer=5-10bp;gc_cont=0.362	WP_001137474.1 MULTISPECIES: accessory Sec system protein Asp2 [Staphylococcus]	100	99.6	0.0
BAAHTX010000002.1_276|319578|320537|1|ID=1_276;partial=00;start_type=ATG;rbs_motif=GGAG/GAGG;rbs_spacer=5-10bp;gc_cont=0.331	WP_000916742.1 MULTISPECIES: accessory Sec system protein Asp3 [Staphylococcus]	100	99.7	2.56e-237
BAAHTX010000002.1_277|320527|322917|1|ID=1_277;partial=00;start_type=ATG;rbs_motif=GGA/GAG/AGG;rbs_spacer=5-10bp;gc_cont=0.341	WP_108932389.1 accessory Sec system translocase SecA2 [Staphylococcus aureus]	100	99.9	0.0
BAAHTX010000002.1_278|322935|324443|1|ID=1_278;partial=00;start_type=ATG;rbs_motif=GGA/GAG/AGG;rbs_spacer=5-10bp;gc_cont=0.345	WP_000158433.1 MULTISPECIES: accessory Sec system glycosyltransferase GtfA [Staphylococcus]	100	99.8	0.0
BAAHTX010000002.1_279|324436|325794|1|ID=1_279;partial=00;start_type=ATG;rbs_motif=GGAG/GAGG;rbs_spacer=5-10bp;gc_cont=0.333	WP_000593153.1 MULTISPECIES: accessory Sec system glycosylation chaperone GtfB [Staphylococcus]	100	99.8	0.0
BAAHTX010000002.1_280|326036|327943|1|ID=1_280;partial=00;start_type=ATG;rbs_motif=AGGAG;rbs_spacer=5-10bp;gc_cont=0.321	WP_031882003.1 cell-wall-anchored protein SasF [Staphylococcus aureus]	100	99.8	0.0
BAAHTX010000002.1_281|328111|328671|1|ID=1_281;partial=00;start_type=ATG;rbs_motif=AGGAG;rbs_spacer=5-10bp;gc_cont=0.348	WP_000088195.1 MULTISPECIES: isochorismatase family cysteine hydrolase [Staphylococcus]	100	99.5	7.44e-123
BAAHTX010000002.1_282|328938|330797|-1|ID=1_282;partial=00;start_type=ATG;rbs_motif=GGAG/GAGG;rbs_spacer=5-10bp;gc_cont=0.327	WP_115276698.1 amidase domain-containing protein [Staphylococcus aureus]	100	99.8	0.0
BAAHTX010000002.1_283|331008|333989|1|ID=1_283;partial=00;start_type=ATG;rbs_motif=AGGAG;rbs_spacer=5-10bp;gc_cont=0.347	WP_000785110.1 MULTISPECIES: YhgE/Pip family protein [Staphylococcus]	100	99.9	0.0
BAAHTX010000002.1_284|334101|335039|-1|ID=1_284;partial=00;start_type=ATG;rbs_motif=AGGAG;rbs_spacer=5-10bp;gc_cont=0.356	WP_001173201.1 MULTISPECIES: mannose-6-phosphate isomerase, class I [Staphylococcus]	100	99.7	4.42e-239
BAAHTX010000002.1_285|335053|337005|-1|ID=1_285;partial=00;start_type=ATG;rbs_motif=AGGAG;rbs_spacer=5-10bp;gc_cont=0.385	WP_000706113.1 MULTISPECIES: fructose-specific PTS transporter subunit EIIC [Staphylococcus]	100	99.8	0.0
BAAHTX010000002.1_286|337082|338815|-1|ID=1_286;partial=00;start_type=ATG;rbs_motif=None;rbs_spacer=None;gc_cont=0.311	WP_000887026.1 MULTISPECIES: BglG family transcription antiterminator [Staphylococcus]	100	99.8	0.0
BAAHTX010000002.1_287|339197|339670|-1|ID=1_287;partial=00;start_type=ATG;rbs_motif=None;rbs_spacer=None;gc_cont=0.342	WP_042742425.1 hypothetical protein [Staphylococcus aureus]	96.7	95.6	7.95e-35
BAAHTX010000002.1_288|339913|340440|1|ID=1_288;partial=00;start_type=ATG;rbs_motif=GGA/GAG/AGG;rbs_spacer=5-10bp;gc_cont=0.309	WP_001044560.1 MULTISPECIES: immunodominant staphylococcal antigen IsaB [Staphylococcus]	100	99.4	1.65e-116
BAAHTX010000002.1_289|340864|342393|1|ID=1_289;partial=00;start_type=GTG;rbs_motif=AGGAG;rbs_spacer=5-10bp;gc_cont=0.357	WP_001225019.1 MULTISPECIES: zinc metalloproteinase aureolysin [Staphylococcus]	100	99.8	0.0
BAAHTX010000002.1_290|342760|343209|1|ID=1_290;partial=00;start_type=ATG;rbs_motif=AGGAG;rbs_spacer=5-10bp;gc_cont=0.300	WP_000748760.1 MULTISPECIES: arginine repressor [Bacilli]	100	99.3	1.96e-100
BAAHTX010000002.1_291|343212|343379|1|ID=1_291;partial=00;start_type=ATG;rbs_motif=None;rbs_spacer=None;gc_cont=0.250	WP_001792441.1 MULTISPECIES: hypothetical protein [Staphylococcus]	100	98.2	2.38e-35
BAAHTX010000002.1_292|343556|344791|1|ID=1_292;partial=00;start_type=ATG;rbs_motif=AGGAG;rbs_spacer=5-10bp;gc_cont=0.344	WP_000129411.1 MULTISPECIES: arginine deiminase [Staphylococcus]	100	99.8	1.17e-300
BAAHTX010000002.1_293|344824|345834|1|ID=1_293;partial=00;start_type=ATG;rbs_motif=GGAG/GAGG;rbs_spacer=5-10bp;gc_cont=0.330	WP_150014974.1 ornithine carbamoyltransferase [Staphylococcus aureus]	100	99.7	9.37e-244
BAAHTX010000002.1_294|345925|347355|1|ID=1_294;partial=00;start_type=ATG;rbs_motif=AGGAG;rbs_spacer=5-10bp;gc_cont=0.352	WP_001005842.1 MULTISPECIES: arginine-ornithine antiporter [Staphylococcus]	100	99.8	0.0
BAAHTX010000002.1_295|347372|348313|1|ID=1_295;partial=00;start_type=ATG;rbs_motif=AGGAG;rbs_spacer=5-10bp;gc_cont=0.370	WP_000660034.1 MULTISPECIES: carbamate kinase [Staphylococcus]	100	99.7	2.32e-221
BAAHTX010000002.1_296|348412|349116|1|ID=1_296;partial=00;start_type=ATG;rbs_motif=AGGAG;rbs_spacer=5-10bp;gc_cont=0.295	WP_000138214.1 MULTISPECIES: Crp/Fnr family transcriptional regulator [Staphylococcus]	100	99.6	4.95e-172
BAAHTX010000002.1_297|349466|351292|1|ID=1_297;partial=01;start_type=TTG;rbs_motif=GGAG/GAGG;rbs_spacer=5-10bp;gc_cont=0.366	WP_442758894.1 MSCRAMM family adhesin clumping factor ClfB, partial [Staphylococcus aureus]	100	91.0	0.0
