BAAHUI010000002.1_1|3|485|-1|ID=1_1;partial=10;start_type=ATG;rbs_motif=GGA/GAG/AGG;rbs_spacer=5-10bp;gc_cont=0.294	WP_150014962.1 TIGR01741 family protein [Staphylococcus aureus]	100	100	6.52e-117
BAAHUI010000002.1_2|1071|1754|-1|ID=1_2;partial=00;start_type=ATG;rbs_motif=AGGAG;rbs_spacer=5-10bp;gc_cont=0.268	WP_000208414.1 DUF5079 family protein [Staphylococcus aureus]	100	99.6	8.71e-149
BAAHUI010000002.1_3|1962|2453|-1|ID=1_3;partial=00;start_type=ATG;rbs_motif=GGAG/GAGG;rbs_spacer=5-10bp;gc_cont=0.289	WP_000142049.1 MULTISPECIES: TIGR01741 family protein [Staphylococcus]	100	99.4	1.57e-115
BAAHUI010000002.1_4|2464|4308|-1|ID=1_4;partial=00;start_type=ATG;rbs_motif=GGA/GAG/AGG;rbs_spacer=5-10bp;gc_cont=0.357	WP_123090409.1 DNA/RNA non-specific endonuclease [Staphylococcus aureus]	98.9	99.8	0.0
BAAHUI010000002.1_5|4318|4635|-1|ID=1_5;partial=00;start_type=ATG;rbs_motif=GGA/GAG/AGG;rbs_spacer=5-10bp;gc_cont=0.368	WP_000175722.1 MULTISPECIES: type VII secretion system extracellular protein EsxD [Staphylococcus]	100	99.1	3.14e-67
BAAHUI010000002.1_6|4635|5312|-1|ID=1_6;partial=00;start_type=ATG;rbs_motif=GGA/GAG/AGG;rbs_spacer=5-10bp;gc_cont=0.296	WP_000655875.1 MULTISPECIES: DUF5081 family protein [Staphylococcus]	100	99.1	1.79e-158
BAAHUI010000002.1_7|5309|5623|-1|ID=1_7;partial=00;start_type=ATG;rbs_motif=GGAG/GAGG;rbs_spacer=5-10bp;gc_cont=0.387	WP_000509668.1 MULTISPECIES: WXG100 family type VII secretion effector EsxB [Staphylococcus]	100	99.0	1.98e-65
BAAHUI010000002.1_8|5639|6031|-1|ID=1_8;partial=00;start_type=ATG;rbs_motif=AGGAGG;rbs_spacer=5-10bp;gc_cont=0.310	WP_001010289.1 MULTISPECIES: type VII secretion substrate EsaC [Staphylococcus]	100	99.2	7.50e-80
BAAHUI010000002.1_9|6061|10500|-1|ID=1_9;partial=00;start_type=ATG;rbs_motif=GGAG/GAGG;rbs_spacer=5-10bp;gc_cont=0.340	WP_000549278.1 MULTISPECIES: type VII secretion protein EssC [Staphylococcus]	100	99.9	0.0
BAAHUI010000002.1_10|10522|11856|-1|ID=1_10;partial=00;start_type=ATG;rbs_motif=AGGAG;rbs_spacer=5-10bp;gc_cont=0.300	WP_031796234.1 type VII secretion protein EssB, partial [Staphylococcus aureus]	100	87.9	2.16e-276
BAAHUI010000002.1_11|11869|12111|-1|ID=1_11;partial=00;start_type=ATG;rbs_motif=AGGA/GGAG/GAGG;rbs_spacer=11-12bp;gc_cont=0.296	WP_001071606.1 MULTISPECIES: type VII secretion protein EsaB [Staphylococcus]	100	98.8	3.02e-49
BAAHUI010000002.1_12|12083|12541|-1|ID=1_12;partial=00;start_type=ATG;rbs_motif=GGA/GAG/AGG;rbs_spacer=5-10bp;gc_cont=0.327	WP_000928935.1 MULTISPECIES: type VII secretion protein EssA [Staphylococcus]	100	99.3	7.91e-97
BAAHUI010000002.1_13|12541|15570|-1|ID=1_13;partial=00;start_type=ATG;rbs_motif=AGGA;rbs_spacer=5-10bp;gc_cont=0.309	WP_000728949.1 MULTISPECIES: type VII secretion protein EsaA [Staphylococcus]	100	99.9	0.0
BAAHUI010000002.1_14|15654|15947|-1|ID=1_14;partial=00;start_type=ATG;rbs_motif=AGGAG;rbs_spacer=5-10bp;gc_cont=0.378	WP_001240826.1 MULTISPECIES: WXG100 family type VII secretion effector EsxA [Staphylococcus]	100	99.0	5.04e-58
BAAHUI010000002.1_15|16186|17088|1|ID=1_15;partial=00;start_type=ATG;rbs_motif=GGA/GAG/AGG;rbs_spacer=5-10bp;gc_cont=0.373	WP_000751207.1 MULTISPECIES: CHAP domain-containing protein [Staphylococcus]	100	98.7	3.96e-208
BAAHUI010000002.1_16|17231|17818|-1|ID=1_16;partial=00;start_type=ATG;rbs_motif=AGGAG;rbs_spacer=5-10bp;gc_cont=0.281	WP_000583198.1 MULTISPECIES: DUF5080 family protein [Staphylococcus]	100	99.5	2.09e-122
BAAHUI010000002.1_17|17852|18505|-1|ID=1_17;partial=00;start_type=ATG;rbs_motif=AGGA/GGAG/GAGG;rbs_spacer=11-12bp;gc_cont=0.277	WP_000421225.1 MULTISPECIES: DUF5079 family protein [Staphylococcus]	100	99.5	1.46e-142
BAAHUI010000002.1_18|18776|20299|1|ID=1_18;partial=00;start_type=ATG;rbs_motif=GGAG/GAGG;rbs_spacer=5-10bp;gc_cont=0.284	WP_000038517.1 MULTISPECIES: DUF6583 family protein [Staphylococcus]	100	99.8	0.0
BAAHUI010000002.1_19|20367|21533|1|ID=1_19;partial=00;start_type=ATG;rbs_motif=AGGAG;rbs_spacer=5-10bp;gc_cont=0.319	WP_000848764.1 MULTISPECIES: ABC transporter permease [Staphylococcus]	100	99.7	4.98e-263
BAAHUI010000002.1_20|21530|22450|1|ID=1_20;partial=00;start_type=ATG;rbs_motif=GGAG/GAGG;rbs_spacer=5-10bp;gc_cont=0.316	WP_000806113.1 MULTISPECIES: ABC transporter permease [Staphylococcus]	100	99.7	3.66e-194
BAAHUI010000002.1_21|22464|23123|1|ID=1_21;partial=00;start_type=ATG;rbs_motif=AGGAG;rbs_spacer=5-10bp;gc_cont=0.314	WP_000570071.1 MULTISPECIES: ABC transporter ATP-binding protein [Staphylococcus]	100	99.5	3.22e-156
BAAHUI010000002.1_22|23175|24143|-1|ID=1_22;partial=00;start_type=ATG;rbs_motif=None;rbs_spacer=None;gc_cont=0.396	WP_000736798.1 MULTISPECIES: glycine-glycine endopeptidase LytM [Staphylococcus]	100	97.8	1.21e-226
BAAHUI010000002.1_23|24451|25443|-1|ID=1_23;partial=00;start_type=ATG;rbs_motif=AGGAG;rbs_spacer=5-10bp;gc_cont=0.354	WP_000337364.1 MULTISPECIES: choloylglycine hydrolase family protein [Staphylococcus]	100	99.7	3.68e-247
BAAHUI010000002.1_24|25677|27053|1|ID=1_24;partial=00;start_type=GTG;rbs_motif=AGGAG;rbs_spacer=5-10bp;gc_cont=0.375	WP_001066545.1 MULTISPECIES: MFS transporter [Staphylococcus]	100	99.8	1.64e-308
BAAHUI010000002.1_25|27094|27498|-1|ID=1_25;partial=00;start_type=TTG;rbs_motif=None;rbs_spacer=None;gc_cont=0.306	WP_151180494.1 transposase, partial [Staphylococcus aureus]	99.2	91.1	5.33e-84
BAAHUI010000002.1_26|27726|28118|-1|ID=1_26;partial=00;start_type=ATG;rbs_motif=GGAG/GAGG;rbs_spacer=5-10bp;gc_cont=0.265	WP_001159765.1 MULTISPECIES: hypothetical protein [Staphylococcus]	100	99.2	8.78e-88
BAAHUI010000002.1_27|28498|29496|1|ID=1_27;partial=00;start_type=ATG;rbs_motif=AGGA;rbs_spacer=5-10bp;gc_cont=0.373	WP_000757880.1 MULTISPECIES: ribose utilization transcriptional repressor RbsR [Staphylococcus]	100	99.7	1.00e-236
BAAHUI010000002.1_28|29728|30609|1|ID=1_28;partial=00;start_type=ATG;rbs_motif=GGAG/GAGG;rbs_spacer=5-10bp;gc_cont=0.384	WP_000029204.1 MULTISPECIES: ribose/proton symporter RbsU [Staphylococcus]	100	99.7	1.37e-203
BAAHUI010000002.1_29|30624|31028|1|ID=1_29;partial=00;start_type=ATG;rbs_motif=AGGAG;rbs_spacer=5-10bp;gc_cont=0.321	WP_000747873.1 MULTISPECIES: D-ribose pyranase [Staphylococcus]	100	99.3	5.86e-88
BAAHUI010000002.1_30|31056|31970|1|ID=1_30;partial=00;start_type=ATG;rbs_motif=AGGAG;rbs_spacer=5-10bp;gc_cont=0.376	WP_000182751.1 MULTISPECIES: ribokinase [Staphylococcus]	100	99.7	2.11e-208
BAAHUI010000002.1_31|32221|32982|1|ID=1_31;partial=00;start_type=ATG;rbs_motif=AGGAG;rbs_spacer=5-10bp;gc_cont=0.344	WP_000031268.1 MULTISPECIES: class I SAM-dependent methyltransferase [Staphylococcus]	100	99.6	1.31e-181
BAAHUI010000002.1_32|33153|33344|-1|ID=1_32;partial=00;start_type=ATG;rbs_motif=None;rbs_spacer=None;gc_cont=0.375	WP_000596691.1 hypothetical protein, partial [Staphylococcus aureus]	90.3	96.9	3.27e-32
BAAHUI010000002.1_33|33416|34852|-1|ID=1_33;partial=00;start_type=ATG;rbs_motif=AGGA/GGAG/GAGG;rbs_spacer=11-12bp;gc_cont=0.368	WP_000163988.1 MULTISPECIES: 6-phospho-beta-glucosidase [Staphylococcus]	100	99.8	0.0
BAAHUI010000002.1_34|34868|35659|-1|ID=1_34;partial=00;start_type=ATG;rbs_motif=AGGA/GGAG/GAGG;rbs_spacer=11-12bp;gc_cont=0.348	WP_000066938.1 MULTISPECIES: glucose PTS transporter subunit IIA [Staphylococcus]	100	99.6	1.35e-179
BAAHUI010000002.1_35|35808|36512|1|ID=1_35;partial=00;start_type=TTG;rbs_motif=GGAG/GAGG;rbs_spacer=5-10bp;gc_cont=0.335	WP_000922329.1 MULTISPECIES: GntR family transcriptional regulator [Staphylococcus]	100	99.6	1.07e-166
BAAHUI010000002.1_36|36620|37321|-1|ID=1_36;partial=00;start_type=ATG;rbs_motif=AGGAG;rbs_spacer=5-10bp;gc_cont=0.366	WP_000607067.1 MULTISPECIES: antiholin-like protein LrgB [Staphylococcus]	100	99.6	4.81e-149
BAAHUI010000002.1_37|37314|37757|-1|ID=1_37;partial=00;start_type=ATG;rbs_motif=GGA/GAG/AGG;rbs_spacer=5-10bp;gc_cont=0.347	WP_001792906.1 MULTISPECIES: antiholin-like murein hydrolase modulator LrgA [Staphylococcus]	100	99.3	2.67e-88
BAAHUI010000002.1_38|37870|38610|-1|ID=1_38;partial=00;start_type=ATG;rbs_motif=AGGAG;rbs_spacer=5-10bp;gc_cont=0.323	WP_000645452.1 MULTISPECIES: response regulator transcription factor LytR [Staphylococcus]	100	99.6	5.09e-171
BAAHUI010000002.1_39|38613|40352|-1|ID=1_39;partial=00;start_type=ATG;rbs_motif=None;rbs_spacer=None;gc_cont=0.355	WP_000925394.1 sensor histidine kinase [Staphylococcus aureus]	100	99.8	0.0
BAAHUI010000002.1_40|40614|41288|-1|ID=1_40;partial=00;start_type=ATG;rbs_motif=AGGAG;rbs_spacer=5-10bp;gc_cont=0.326	WP_000608826.1 MULTISPECIES: iron-sulfur cluster repair di-iron protein ScdA [Staphylococcus]	100	99.6	7.29e-160
BAAHUI010000002.1_41|41428|43152|-1|ID=1_41;partial=00;start_type=ATG;rbs_motif=GGAG/GAGG;rbs_spacer=5-10bp;gc_cont=0.319	WP_000975357.1 MULTISPECIES: poly(ribitol-phosphate) beta-N-acetylglucosaminyltransferase [Staphylococcus]	100	99.8	0.0
BAAHUI010000002.1_42|43185|44873|-1|ID=1_42;partial=00;start_type=TTG;rbs_motif=AGGA;rbs_spacer=5-10bp;gc_cont=0.319	WP_000240920.1 MULTISPECIES: teichoic acid ribitol-phosphate polymerase TarL [Staphylococcus]	100	99.8	0.0
BAAHUI010000002.1_43|44895|45947|-1|ID=1_43;partial=00;start_type=ATG;rbs_motif=None;rbs_spacer=None;gc_cont=0.338	WP_000610203.1 MULTISPECIES: ribitol-5-phosphate dehydrogenase [Staphylococcus]	100	97.2	5.95e-245
BAAHUI010000002.1_44|45913|46629|-1|ID=1_44;partial=00;start_type=ATG;rbs_motif=GGAG/GAGG;rbs_spacer=5-10bp;gc_cont=0.322	WP_000872486.1 MULTISPECIES: D-ribitol-5-phosphate cytidylyltransferase [Staphylococcus]	100	99.6	1.71e-165
BAAHUI010000002.1_45|46905|48074|-1|ID=1_45;partial=00;start_type=ATG;rbs_motif=GGAG/GAGG;rbs_spacer=5-10bp;gc_cont=0.334	WP_000594815.1 MULTISPECIES: teichoic acid glycerol-phosphate transferase TarF [Staphylococcus]	100	99.7	1.02e-292
BAAHUI010000002.1_46|48502|50196|-1|ID=1_46;partial=00;start_type=ATG;rbs_motif=GGA/GAG/AGG;rbs_spacer=5-10bp;gc_cont=0.328	WP_000167985.1 MULTISPECIES: teichoic acid ribitol-phosphate polymerase TarK [Staphylococcus]	100	99.8	0.0
BAAHUI010000002.1_47|50218|51243|-1|ID=1_47;partial=00;start_type=ATG;rbs_motif=GGA/GAG/AGG;rbs_spacer=11-12bp;gc_cont=0.350	WP_000610189.1 MULTISPECIES: alcohol dehydrogenase catalytic domain-containing protein [Staphylococcus]	100	99.7	1.83e-248
BAAHUI010000002.1_48|51236|51952|-1|ID=1_48;partial=00;start_type=ATG;rbs_motif=GGAG/GAGG;rbs_spacer=5-10bp;gc_cont=0.329	WP_000638476.1 2-C-methyl-D-erythritol 4-phosphate cytidylyltransferase [Staphylococcus aureus]	100	99.6	1.40e-164
BAAHUI010000002.1_49|52480|53523|-1|ID=1_49;partial=00;start_type=GTG;rbs_motif=GGAG/GAGG;rbs_spacer=5-10bp;gc_cont=0.379	WP_108932411.1 galactitol-1-phosphate 5-dehydrogenase [Staphylococcus aureus]	100	99.7	8.49e-257
BAAHUI010000002.1_50|53547|53693|-1|ID=1_50;partial=00;start_type=ATG;rbs_motif=AGGAG;rbs_spacer=5-10bp;gc_cont=0.299	WP_000230358.1 MULTISPECIES: hypothetical protein [Bacteria]	100	98.0	3.61e-25
BAAHUI010000002.1_51|53695|54753|-1|ID=1_51;partial=00;start_type=GTG;rbs_motif=GGAG/GAGG;rbs_spacer=5-10bp;gc_cont=0.366	WP_108932410.1 zinc-binding dehydrogenase [Staphylococcus aureus]	99.7	99.4	1.79e-258
BAAHUI010000002.1_52|54768|56027|-1|ID=1_52;partial=00;start_type=ATG;rbs_motif=GGAG/GAGG;rbs_spacer=5-10bp;gc_cont=0.367	WP_000120104.1 MULTISPECIES: PTS galactitol transporter subunit IIC [Staphylococcus]	100	99.8	6.59e-286
BAAHUI010000002.1_53|56254|56532|-1|ID=1_53;partial=00;start_type=ATG;rbs_motif=GGAG/GAGG;rbs_spacer=5-10bp;gc_cont=0.305	WP_000815795.1 MULTISPECIES: PTS sugar transporter subunit IIB [Bacilli]	100	98.9	5.84e-57
BAAHUI010000002.1_54|56555|57022|-1|ID=1_54;partial=00;start_type=ATG;rbs_motif=GGAG/GAGG;rbs_spacer=5-10bp;gc_cont=0.350	WP_000531476.1 MULTISPECIES: PTS sugar transporter subunit IIA [Staphylococcus]	100	99.4	2.64e-101
BAAHUI010000002.1_55|57007|58608|-1|ID=1_55;partial=00;start_type=TTG;rbs_motif=None;rbs_spacer=None;gc_cont=0.330	WP_001012749.1 BglG family transcription antiterminator [Staphylococcus aureus]	99.8	99.8	0.0
BAAHUI010000002.1_56|58681|59103|-1|ID=1_56;partial=00;start_type=ATG;rbs_motif=AGGAG;rbs_spacer=5-10bp;gc_cont=0.331	WP_031835410.1 helix-turn-helix domain-containing protein, partial [Staphylococcus aureus]	99.3	99.3	1.36e-92
BAAHUI010000002.1_57|59442|60377|-1|ID=1_57;partial=00;start_type=ATG;rbs_motif=GGA/GAG/AGG;rbs_spacer=5-10bp;gc_cont=0.396	WP_000823215.1 MULTISPECIES: nucleoside hydrolase [Staphylococcus]	100	99.7	2.07e-223
BAAHUI010000002.1_58|60739|62268|1|ID=1_58;partial=00;start_type=ATG;rbs_motif=AGGAG;rbs_spacer=5-10bp;gc_cont=0.393	WP_000838204.1 MULTISPECIES: PTS transporter subunit EIIC [Staphylococcus]	100	99.8	0.0
BAAHUI010000002.1_59|62588|63541|-1|ID=1_59;partial=00;start_type=ATG;rbs_motif=GGAG/GAGG;rbs_spacer=5-10bp;gc_cont=0.373	WP_001031882.1 MULTISPECIES: L-lactate dehydrogenase [Bacilli]	100	99.7	7.77e-222
BAAHUI010000002.1_60|64114|65259|1|ID=1_60;partial=00;start_type=ATG;rbs_motif=AGGAG;rbs_spacer=5-10bp;gc_cont=0.348	WP_000954810.1 MULTISPECIES: globin domain-containing protein [Staphylococcus]	100	99.7	3.57e-273
BAAHUI010000002.1_61|65285|65458|1|ID=1_61;partial=00;start_type=ATG;rbs_motif=AGGA/GGAG/GAGG;rbs_spacer=11-12bp;gc_cont=0.259	WP_000773989.1 MULTISPECIES: hypothetical protein [Staphylococcus]	100	98.3	2.46e-29
BAAHUI010000002.1_62|65615|65971|1|ID=1_62;partial=00;start_type=ATG;rbs_motif=AGGAG;rbs_spacer=5-10bp;gc_cont=0.353	WP_000215216.1 MULTISPECIES: DUF488 domain-containing protein [Staphylococcus]	100	99.2	8.82e-80
BAAHUI010000002.1_63|66169|67644|1|ID=1_63;partial=00;start_type=ATG;rbs_motif=GGA/GAG/AGG;rbs_spacer=5-10bp;gc_cont=0.310	WP_203234744.1 nickel ABC transporter substrate-binding protein [Staphylococcus aureus]	99.6	99.8	0.0
BAAHUI010000002.1_64|67958|69187|-1|ID=1_64;partial=00;start_type=ATG;rbs_motif=GGA/GAG/AGG;rbs_spacer=5-10bp;gc_cont=0.343	WP_001789851.1 MULTISPECIES: PrsW family intramembrane metalloprotease [Staphylococcus]	100	92.7	1.92e-259
BAAHUI010000002.1_65|69541|71118|1|ID=1_65;partial=00;start_type=ATG;rbs_motif=None;rbs_spacer=None;gc_cont=0.368	WP_001789452.1 MULTISPECIES: fatty acid degradation protein FadX [Staphylococcus]	100	99.8	0.0
BAAHUI010000002.1_66|71144|72649|1|ID=1_66;partial=00;start_type=ATG;rbs_motif=GGA/GAG/AGG;rbs_spacer=5-10bp;gc_cont=0.373	WP_001008401.1 MULTISPECIES: long-chain-fatty-acid--CoA ligase FadD [Staphylococcus]	100	99.8	0.0
BAAHUI010000002.1_67|72761|73972|1|ID=1_67;partial=00;start_type=ATG;rbs_motif=AGGAG;rbs_spacer=5-10bp;gc_cont=0.394	WP_000142189.1 MULTISPECIES: acyl-CoA dehydrogenase FadE [Staphylococcus]	100	99.8	5.28e-293
BAAHUI010000002.1_68|74158|76419|1|ID=1_68;partial=00;start_type=ATG;rbs_motif=GGAG/GAGG;rbs_spacer=5-10bp;gc_cont=0.374	WP_000154514.1 MULTISPECIES: 3-hydroxyacyl-CoA dehydrogenase/crotonase FadB [Staphylococcus]	100	99.9	0.0
BAAHUI010000002.1_69|76449|77633|1|ID=1_69;partial=00;start_type=ATG;rbs_motif=GGAG/GAGG;rbs_spacer=5-10bp;gc_cont=0.434	WP_001154618.1 MULTISPECIES: thiolase family protein [Staphylococcus]	99.7	99.7	1.07e-276
BAAHUI010000002.1_70|78236|79822|-1|ID=1_70;partial=00;start_type=ATG;rbs_motif=AGGA/GGAG/GAGG;rbs_spacer=11-12bp;gc_cont=0.327	WP_108932409.1 staphylocoagulase [Staphylococcus aureus]	100	99.8	0.0
BAAHUI010000002.1_71|80012|80356|1|ID=1_71;partial=00;start_type=ATG;rbs_motif=AGGAG;rbs_spacer=5-10bp;gc_cont=0.319	WP_000211597.1 MULTISPECIES: complement inhibitor SCIN family protein [Staphylococcus]	100	99.1	1.61e-71
BAAHUI010000002.1_72|80520|82283|-1|ID=1_72;partial=00;start_type=ATG;rbs_motif=GGAG/GAGG;rbs_spacer=5-10bp;gc_cont=0.310	WP_000822608.1 MULTISPECIES: glycerophosphoryl diester phosphodiesterase membrane domain-containing protein [Staphylococcus]	100	99.8	0.0
BAAHUI010000002.1_73|82619|83374|-1|ID=1_73;partial=00;start_type=ATG;rbs_motif=GGA/GAG/AGG;rbs_spacer=5-10bp;gc_cont=0.362	WP_000911657.1 MULTISPECIES: pyruvate formate-lyase-activating protein [Staphylococcus]	100	99.6	5.37e-189
BAAHUI010000002.1_74|83397|85646|-1|ID=1_74;partial=00;start_type=ATG;rbs_motif=GGAG/GAGG;rbs_spacer=5-10bp;gc_cont=0.366	WP_000894660.1 MULTISPECIES: formate C-acetyltransferase [Staphylococcus]	100	99.9	0.0
BAAHUI010000002.1_75|86234|87202|1|ID=1_75;partial=00;start_type=ATG;rbs_motif=None;rbs_spacer=None;gc_cont=0.342	WP_000837105.1 MULTISPECIES: ABC transporter substrate-binding protein [Staphylococcus]	100	99.7	1.93e-229
BAAHUI010000002.1_76|87199|88755|1|ID=1_76;partial=00;start_type=ATG;rbs_motif=GGAG/GAGG;rbs_spacer=5-10bp;gc_cont=0.328	WP_000127982.1 MULTISPECIES: sensor histidine kinase [Staphylococcus]	100	99.8	0.0
BAAHUI010000002.1_77|88748|89506|1|ID=1_77;partial=00;start_type=ATG;rbs_motif=GGA/GAG/AGG;rbs_spacer=5-10bp;gc_cont=0.327	WP_000477521.1 MULTISPECIES: response regulator transcription factor [Staphylococcus]	100	99.6	7.30e-183
BAAHUI010000002.1_78|89865|91262|-1|ID=1_78;partial=00;start_type=ATG;rbs_motif=None;rbs_spacer=None;gc_cont=0.363	WP_001008722.1 MULTISPECIES: hexose-6-phosphate:phosphate antiporter [Staphylococcus]	100	98.5	0.0
BAAHUI010000002.1_79|91477|91971|1|ID=1_79;partial=00;start_type=ATG;rbs_motif=GGAG/GAGG;rbs_spacer=5-10bp;gc_cont=0.265	WP_000603754.1 MULTISPECIES: isoprenylcysteine carboxyl methyltransferase family protein [Staphylococcus]	100	99.4	8.00e-105
BAAHUI010000002.1_80|92332|93300|-1|ID=1_80;partial=00;start_type=ATG;rbs_motif=AGGAG;rbs_spacer=5-10bp;gc_cont=0.359	WP_000690419.1 MULTISPECIES: sugar phosphate isomerase/epimerase family protein [Staphylococcus]	100	99.7	6.59e-246
BAAHUI010000002.1_81|93355|94395|-1|ID=1_81;partial=00;start_type=ATG;rbs_motif=AGGAG;rbs_spacer=5-10bp;gc_cont=0.395	WP_000163809.1 MULTISPECIES: Gfo/Idh/MocA family protein [Staphylococcus]	100	99.7	1.52e-254
BAAHUI010000002.1_82|94420|95499|-1|ID=1_82;partial=00;start_type=ATG;rbs_motif=AGGAG;rbs_spacer=5-10bp;gc_cont=0.389	WP_108932407.1 Gfo/Idh/MocA family protein [Staphylococcus aureus]	100	99.4	2.47e-264
BAAHUI010000002.1_83|95570|96409|-1|ID=1_83;partial=00;start_type=ATG;rbs_motif=GGAG/GAGG;rbs_spacer=5-10bp;gc_cont=0.339	WP_000162661.1 MULTISPECIES: sugar ABC transporter permease [Staphylococcus]	100	99.6	1.91e-187
BAAHUI010000002.1_84|96411|97679|-1|ID=1_84;partial=00;start_type=ATG;rbs_motif=AGGAG;rbs_spacer=5-10bp;gc_cont=0.355	WP_086098788.1 sugar ABC transporter permease [Staphylococcus aureus]	98.8	99.8	5.35e-298
BAAHUI010000002.1_85|97682|98953|-1|ID=1_85;partial=00;start_type=ATG;rbs_motif=GGAG/GAGG;rbs_spacer=5-10bp;gc_cont=0.340	WP_000034961.1 MULTISPECIES: maltodextrin ABC transporter substrate-binding protein [Staphylococcus]	100	99.8	1.29e-310
BAAHUI010000002.1_86|98966|100063|-1|ID=1_86;partial=00;start_type=ATG;rbs_motif=GGAG/GAGG;rbs_spacer=5-10bp;gc_cont=0.351	WP_000818914.1 MULTISPECIES: ABC transporter ATP-binding protein [Staphylococcus]	100	99.7	7.94e-262
BAAHUI010000002.1_87|100446|101024|-1|ID=1_87;partial=00;start_type=ATG;rbs_motif=GGA/GAG/AGG;rbs_spacer=5-10bp;gc_cont=0.361	WP_000166917.1 MULTISPECIES: M23 family metallopeptidase [Staphylococcus]	100	99.5	2.14e-143
BAAHUI010000002.1_88|101233|101859|1|ID=1_88;partial=00;start_type=ATG;rbs_motif=AGGAG;rbs_spacer=5-10bp;gc_cont=0.322	WP_001151451.1 MULTISPECIES: FMN-dependent NADH-azoreductase [Staphylococcus]	100	99.5	1.17e-148
BAAHUI010000002.1_89|102019|102822|1|ID=1_89;partial=00;start_type=ATG;rbs_motif=None;rbs_spacer=None;gc_cont=0.299	WP_000643616.1 MULTISPECIES: tandem-type lipoprotein [Staphylococcus]	100	95.9	8.94e-180
BAAHUI010000002.1_90|103120|105126|-1|ID=1_90;partial=00;start_type=ATG;rbs_motif=AGGAG;rbs_spacer=5-10bp;gc_cont=0.376	WP_000236428.1 MULTISPECIES: gamma-glutamyltransferase [Staphylococcus]	100	99.9	0.0
BAAHUI010000002.1_91|105164|106939|-1|ID=1_91;partial=00;start_type=GTG;rbs_motif=GGA/GAG/AGG;rbs_spacer=5-10bp;gc_cont=0.333	WP_108932406.1 ABC transporter substrate-binding protein [Staphylococcus aureus]	100	99.8	0.0
BAAHUI010000002.1_92|106956|108119|-1|ID=1_92;partial=00;start_type=ATG;rbs_motif=AGGA;rbs_spacer=5-10bp;gc_cont=0.346	WP_000057899.1 MULTISPECIES: ABC transporter permease [Staphylococcus]	100	99.7	2.60e-253
BAAHUI010000002.1_93|108125|109558|-1|ID=1_93;partial=00;start_type=ATG;rbs_motif=None;rbs_spacer=None;gc_cont=0.328	WP_001797475.1 MULTISPECIES: ABC transporter permease [Staphylococcus]	100	99.8	7.21e-314
BAAHUI010000002.1_94|109560|111152|1|ID=1_94;partial=00;start_type=ATG;rbs_motif=GGAG/GAGG;rbs_spacer=5-10bp;gc_cont=0.357	WP_000067349.1 MULTISPECIES: ABC transporter ATP-binding protein [Staphylococcus]	100	99.8	0.0
BAAHUI010000002.1_95|111417|112529|-1|ID=1_95;partial=00;start_type=ATG;rbs_motif=GGAG/GAGG;rbs_spacer=5-10bp;gc_cont=0.273	WP_000686457.1 MULTISPECIES: RES domain-containing protein [Staphylococcus]	100	99.7	1.89e-267
BAAHUI010000002.1_96|112516|113439|-1|ID=1_96;partial=00;start_type=ATG;rbs_motif=AGGAG;rbs_spacer=5-10bp;gc_cont=0.297	WP_000291761.1 MULTISPECIES: sce7725 family protein [Staphylococcus]	100	99.7	5.29e-224
BAAHUI010000002.1_97|113441|114283|-1|ID=1_97;partial=00;start_type=ATG;rbs_motif=AGGAG;rbs_spacer=5-10bp;gc_cont=0.284	WP_000370334.1 MULTISPECIES: sce7726 family protein [Staphylococcus]	100	99.6	4.23e-196
BAAHUI010000002.1_98|114488|117277|-1|ID=1_98;partial=00;start_type=ATG;rbs_motif=GGA/GAG/AGG;rbs_spacer=5-10bp;gc_cont=0.332	WP_000331347.1 MULTISPECIES: type I restriction endonuclease subunit R [Staphylococcus]	100	99.9	0.0
BAAHUI010000002.1_99|117965|118843|-1|ID=1_99;partial=00;start_type=ATG;rbs_motif=None;rbs_spacer=None;gc_cont=0.344	WP_000181827.1 MurR/RpiR family transcriptional regulator [Staphylococcus aureus]	92.4	99.3	6.81e-185
BAAHUI010000002.1_100|118843|120297|-1|ID=1_100;partial=00;start_type=ATG;rbs_motif=AGGAG;rbs_spacer=5-10bp;gc_cont=0.381	WP_000159750.1 MULTISPECIES: PTS transporter subunit EIIC [Staphylococcus]	100	99.8	0.0
BAAHUI010000002.1_101|120309|121205|-1|ID=1_101;partial=00;start_type=ATG;rbs_motif=AGGA/GGAG/GAGG;rbs_spacer=11-12bp;gc_cont=0.381	WP_000432017.1 MULTISPECIES: N-acetylmuramic acid 6-phosphate etherase [Staphylococcus]	100	99.7	7.03e-204
BAAHUI010000002.1_102|121205|122245|-1|ID=1_102;partial=00;start_type=GTG;rbs_motif=GGA/GAG/AGG;rbs_spacer=5-10bp;gc_cont=0.353	WP_001802887.1 6-phospho-N-acetylmuramidase [Staphylococcus aureus]	99.7	99.7	2.63e-255
BAAHUI010000002.1_103|122846|124891|1|ID=1_103;partial=00;start_type=GTG;rbs_motif=GGAG/GAGG;rbs_spacer=5-10bp;gc_cont=0.378	WP_001227724.1 MULTISPECIES: glucose-specific PTS transporter subunit IIBC [Staphylococcus]	100	99.9	0.0
BAAHUI010000002.1_104|125165|126805|1|ID=1_104;partial=00;start_type=ATG;rbs_motif=AGxAGG/AGGxGG;rbs_spacer=5-10bp;gc_cont=0.365	WP_000813555.1 MULTISPECIES: alpha-keto acid decarboxylase family protein [Staphylococcus]	100	99.8	0.0
BAAHUI010000002.1_105|126872|127429|1|ID=1_105;partial=00;start_type=ATG;rbs_motif=AGGA/GGAG/GAGG;rbs_spacer=11-12bp;gc_cont=0.351	WP_000606890.1 MULTISPECIES: isochorismatase family protein [Staphylococcus]	100	99.5	2.83e-131
BAAHUI010000002.1_106|127705|129060|1|ID=1_106;partial=00;start_type=ATG;rbs_motif=AGGAG(G)/GGAGG;rbs_spacer=13-15bp;gc_cont=0.330	WP_000728173.1 MULTISPECIES: branched-chain amino acid transport system II carrier protein BrnQ1 [Staphylococcus]	100	99.8	4.51e-307
BAAHUI010000002.1_107|129286|130497|1|ID=1_107;partial=00;start_type=ATG;rbs_motif=None;rbs_spacer=None;gc_cont=0.378	WP_001084436.1 MULTISPECIES: ornithine--oxo-acid transaminase [Staphylococcus]	100	97.5	8.12e-288
BAAHUI010000002.1_108|130533|131567|1|ID=1_108;partial=00;start_type=ATG;rbs_motif=AGGAG;rbs_spacer=5-10bp;gc_cont=0.354	WP_000598483.1 MULTISPECIES: N-acetyl-gamma-glutamyl-phosphate reductase [Staphylococcus]	99.7	99.4	1.10e-248
BAAHUI010000002.1_109|131579|132820|1|ID=1_109;partial=00;start_type=ATG;rbs_motif=GGA/GAG/AGG;rbs_spacer=5-10bp;gc_cont=0.381	WP_000682611.1 MULTISPECIES: bifunctional glutamate N-acetyltransferase/amino-acid acetyltransferase ArgJ [Staphylococcus]	100	99.8	2.08e-295
BAAHUI010000002.1_110|132836|133600|1|ID=1_110;partial=00;start_type=ATG;rbs_motif=AGxAGG/AGGxGG;rbs_spacer=5-10bp;gc_cont=0.346	WP_000668894.1 MULTISPECIES: acetylglutamate kinase [Staphylococcus]	100	99.6	2.85e-181
BAAHUI010000002.1_111|133870|134349|1|ID=1_111;partial=00;start_type=ATG;rbs_motif=None;rbs_spacer=None;gc_cont=0.365	WP_001802886.1 MULTISPECIES: YagU family protein [Staphylococcus]	100	99.4	3.07e-111
BAAHUI010000002.1_112|134677|135321|-1|ID=1_112;partial=00;start_type=ATG;rbs_motif=GGA/GAG/AGG;rbs_spacer=5-10bp;gc_cont=0.335	WP_000215724.1 MULTISPECIES: aureusimine biosynthesis 4'-phosphopantetheinyl transferase AusB [Staphylococcus]	100	99.5	1.88e-157
BAAHUI010000002.1_113|135334|142527|-1|ID=1_113;partial=00;start_type=ATG;rbs_motif=GGA/GAG/AGG;rbs_spacer=5-10bp;gc_cont=0.352	WP_000605282.1 MULTISPECIES: aureusimine non-ribosomal peptide synthetase AusA [Staphylococcus]	100	99.7	0.0
BAAHUI010000002.1_114|142956|144206|-1|ID=1_114;partial=00;start_type=ATG;rbs_motif=None;rbs_spacer=None;gc_cont=0.324	WP_000826862.1 MULTISPECIES: MDR family MFS transporter [Staphylococcus]	100	99.8	1.15e-273
BAAHUI010000002.1_115|144592|145617|-1|ID=1_115;partial=00;start_type=ATG;rbs_motif=AGGAG;rbs_spacer=5-10bp;gc_cont=0.350	WP_000706137.1 MULTISPECIES: NAD-dependent formate dehydrogenase [Staphylococcus]	100	99.7	4.31e-247
BAAHUI010000002.1_116|145790|146149|-1|ID=1_116;partial=00;start_type=GTG;rbs_motif=None;rbs_spacer=None;gc_cont=0.328	WP_001092004.1 MULTISPECIES: DUF2294 domain-containing protein [Staphylococcus]	100	99.2	5.50e-79
BAAHUI010000002.1_117|146366|147397|-1|ID=1_117;partial=00;start_type=ATG;rbs_motif=AGGAG;rbs_spacer=5-10bp;gc_cont=0.356	WP_000171648.1 MULTISPECIES: acyl-CoA/acyl-ACP dehydrogenase [Staphylococcus]	100	99.7	1.45e-246
BAAHUI010000002.1_118|147410|148171|-1|ID=1_118;partial=00;start_type=ATG;rbs_motif=AGGAGG;rbs_spacer=5-10bp;gc_cont=0.354	WP_000197958.1 MULTISPECIES: ABC transporter permease [Staphylococcus]	100	99.6	7.26e-179
BAAHUI010000002.1_119|148168|149142|-1|ID=1_119;partial=00;start_type=ATG;rbs_motif=AGGAG;rbs_spacer=5-10bp;gc_cont=0.369	WP_000826685.1 MULTISPECIES: ABC transporter substrate-binding protein [Staphylococcus]	100	99.7	8.29e-241
BAAHUI010000002.1_120|149156|149896|-1|ID=1_120;partial=00;start_type=ATG;rbs_motif=GGA/GAG/AGG;rbs_spacer=5-10bp;gc_cont=0.354	WP_000590853.1 MULTISPECIES: ABC transporter ATP-binding protein [Staphylococcus]	99.6	99.6	4.05e-177
BAAHUI010000002.1_121|150238|150750|-1|ID=1_121;partial=00;start_type=ATG;rbs_motif=AGGAG;rbs_spacer=5-10bp;gc_cont=0.341	WP_000171919.1 MULTISPECIES: DUF4242 domain-containing protein [Staphylococcus]	100	99.4	9.30e-116
BAAHUI010000002.1_122|150929|151132|1|ID=1_122;partial=00;start_type=ATG;rbs_motif=AGxAGG/AGGxGG;rbs_spacer=5-10bp;gc_cont=0.314	WP_000356963.1 MULTISPECIES: hypothetical protein [Staphylococcus]	100	98.5	8.29e-39
BAAHUI010000002.1_123|151194|152258|-1|ID=1_123;partial=00;start_type=ATG;rbs_motif=None;rbs_spacer=None;gc_cont=0.317	WP_001013484.1 MULTISPECIES: cation diffusion facilitator family transporter [Staphylococcus]	100	89.9	1.38e-216
BAAHUI010000002.1_124|152577|152687|-1|ID=1_124;partial=00;start_type=ATG;rbs_motif=GGA/GAG/AGG;rbs_spacer=5-10bp;gc_cont=0.297	WP_000161255.1 hypothetical protein [Staphylococcus aureus]	76.5	91.9	1.21e-08
BAAHUI010000002.1_125|152814|154301|-1|ID=1_125;partial=00;start_type=ATG;rbs_motif=AGGAG;rbs_spacer=5-10bp;gc_cont=0.362	WP_000290400.1 MULTISPECIES: aldehyde dehydrogenase family protein [Staphylococcus]	100	99.8	0.0
BAAHUI010000002.1_126|154728|155111|1|ID=1_126;partial=00;start_type=ATG;rbs_motif=GGAG/GAGG;rbs_spacer=5-10bp;gc_cont=0.320	WP_001237004.1 MULTISPECIES: YbaN family protein [Staphylococcus]	100	99.2	1.59e-75
BAAHUI010000002.1_127|155118|155444|1|ID=1_127;partial=00;start_type=ATG;rbs_motif=AGGAG;rbs_spacer=5-10bp;gc_cont=0.303	WP_000480603.1 MULTISPECIES: staphylobilin-forming heme oxygenase IsdI [Staphylococcus]	100	99.1	4.22e-71
BAAHUI010000002.1_128|155509|156654|-1|ID=1_128;partial=00;start_type=ATG;rbs_motif=GGAG/GAGG;rbs_spacer=5-10bp;gc_cont=0.362	WP_000723454.1 type 8 capsular polysaccharide synthesis protein Cap8P [Staphylococcus aureus]	100	99.7	2.25e-276
BAAHUI010000002.1_129|156731|157981|-1|ID=1_129;partial=00;start_type=ATG;rbs_motif=GGAG/GAGG;rbs_spacer=5-10bp;gc_cont=0.344	WP_108932405.1 type 8 capsular polysaccharide synthesis protein Cap8O [Staphylococcus aureus]	100	99.8	1.48e-301
BAAHUI010000002.1_130|158035|158922|-1|ID=1_130;partial=00;start_type=ATG;rbs_motif=AGxAGG/AGGxGG;rbs_spacer=11-12bp;gc_cont=0.334	WP_001230670.1 MULTISPECIES: capsular polysaccharide type 5/8 biosynthesis epimerase CapN [Staphylococcus]	100	99.7	2.68e-211
BAAHUI010000002.1_131|158922|159479|-1|ID=1_131;partial=00;start_type=ATG;rbs_motif=AGGAG;rbs_spacer=5-10bp;gc_cont=0.324	WP_000825098.1 MULTISPECIES: type 8 capsular polysaccharide synthesis protein Cap8M [Staphylococcus]	100	99.5	8.74e-126
BAAHUI010000002.1_132|159490|160695|-1|ID=1_132;partial=00;start_type=ATG;rbs_motif=AGGA;rbs_spacer=5-10bp;gc_cont=0.351	WP_001291022.1 MULTISPECIES: type 8 capsular polysaccharide synthesis protein Cap8L [Staphylococcus]	100	99.8	3.18e-293
BAAHUI010000002.1_133|160696|161901|-1|ID=1_133;partial=00;start_type=ATG;rbs_motif=AGGA;rbs_spacer=5-10bp;gc_cont=0.269	WP_001085819.1 MULTISPECIES: capsular polysaccharide biosynthesis protein [Staphylococcus]	100	99.8	9.19e-261
BAAHUI010000002.1_134|161894|163060|-1|ID=1_134;partial=00;start_type=ATG;rbs_motif=GGAG/GAGG;rbs_spacer=5-10bp;gc_cont=0.292	WP_000668180.1 MULTISPECIES: O-antigen ligase family protein [Staphylococcus]	100	99.7	9.39e-268
BAAHUI010000002.1_135|163074|164183|-1|ID=1_135;partial=00;start_type=ATG;rbs_motif=AGGA/GGAG/GAGG;rbs_spacer=11-12bp;gc_cont=0.292	WP_001221639.1 MULTISPECIES: glycosyltransferase [Staphylococcus]	100	99.7	7.64e-262
BAAHUI010000002.1_136|164188|164814|-1|ID=1_136;partial=00;start_type=ATG;rbs_motif=GGAG/GAGG;rbs_spacer=5-10bp;gc_cont=0.327	WP_001216898.1 MULTISPECIES: CatB-related O-acetyltransferase [Staphylococcus]	100	99.5	1.37e-147
BAAHUI010000002.1_137|164817|165941|-1|ID=1_137;partial=00;start_type=ATG;rbs_motif=GGAG/GAGG;rbs_spacer=5-10bp;gc_cont=0.338	WP_000413171.1 MULTISPECIES: type 8 capsular polysaccharide synthesis protein Cap8G [Staphylococcus]	100	99.7	2.31e-270
BAAHUI010000002.1_138|165945|167054|-1|ID=1_138;partial=00;start_type=TTG;rbs_motif=AGGAG;rbs_spacer=5-10bp;gc_cont=0.350	WP_001028293.1 MULTISPECIES: type 8 capsular polysaccharide synthesis protein Cap8F [Staphylococcus]	100	99.7	9.83e-274
BAAHUI010000002.1_139|167067|168095|-1|ID=1_139;partial=00;start_type=ATG;rbs_motif=GGAG/GAGG;rbs_spacer=5-10bp;gc_cont=0.339	WP_000459054.1 MULTISPECIES: type 8 capsular polysaccharide synthesis protein Cap8E [Staphylococcus]	100	99.7	2.89e-241
BAAHUI010000002.1_140|168085|169095|-1|ID=1_140;partial=00;start_type=ATG;rbs_motif=None;rbs_spacer=None;gc_cont=0.359	WP_031888371.1 type 8 capsular polysaccharide synthesis protein Cap8D, partial [Staphylococcus aureus]	99.7	99.7	1.96e-238
BAAHUI010000002.1_141|169131|169907|-1|ID=1_141;partial=00;start_type=ATG;rbs_motif=GGAG/GAGG;rbs_spacer=5-10bp;gc_cont=0.337	WP_142297501.1 type 8 capsular polysaccharide synthesis protein Cap8D, partial [Staphylococcus aureus]	99.2	99.6	1.26e-167
BAAHUI010000002.1_142|169927|170691|-1|ID=1_142;partial=00;start_type=ATG;rbs_motif=GGAG/GAGG;rbs_spacer=5-10bp;gc_cont=0.319	WP_000565302.1 MULTISPECIES: type 8 capsular polysaccharide synthesis protein Cap8C [Staphylococcus]	100	99.6	5.13e-184
BAAHUI010000002.1_143|170694|171380|-1|ID=1_143;partial=00;start_type=ATG;rbs_motif=AGGA/GGAG/GAGG;rbs_spacer=11-12bp;gc_cont=0.336	WP_000037332.1 MULTISPECIES: type 8 capsular polysaccharide synthesis protein Cap8B [Staphylococcus]	100	99.6	3.57e-153
BAAHUI010000002.1_144|171396|172064|-1|ID=1_144;partial=00;start_type=ATG;rbs_motif=GGAG/GAGG;rbs_spacer=5-10bp;gc_cont=0.299	WP_000446299.1 MULTISPECIES: capsular polysaccharide type 5/8 biosynthesis protein CapA [Staphylococcus]	100	99.6	2.38e-139
BAAHUI010000002.1_145|172409|175018|-1|ID=1_145;partial=00;start_type=ATG;rbs_motif=AGGAG;rbs_spacer=5-10bp;gc_cont=0.361	WP_000955777.1 MULTISPECIES: bifunctional acetaldehyde-CoA/alcohol dehydrogenase [Staphylococcus]	100	99.9	0.0
BAAHUI010000002.1_146|175468|175689|-1|ID=1_146;partial=00;start_type=ATG;rbs_motif=AGGA/GGAG/GAGG;rbs_spacer=11-12bp;gc_cont=0.261	WP_001550009.1 transposase [Staphylococcus aureus]	100	98.6	5.07e-47
BAAHUI010000002.1_147|176342|176629|-1|ID=1_147;partial=00;start_type=ATG;rbs_motif=AGxAG;rbs_spacer=5-10bp;gc_cont=0.198	WP_000469917.1 MULTISPECIES: hypothetical protein [Staphylococcus]	100	99.0	2.43e-55
BAAHUI010000002.1_148|176713|177003|-1|ID=1_148;partial=00;start_type=GTG;rbs_motif=None;rbs_spacer=None;gc_cont=0.275	WP_267246680.1 replication initiation factor domain-containing protein [Staphylococcus aureus]	95.8	99.0	2.39e-57
BAAHUI010000002.1_149|176988|177533|-1|ID=1_149;partial=00;start_type=ATG;rbs_motif=None;rbs_spacer=None;gc_cont=0.308	WP_001550007.1 replication initiation protein [Staphylococcus aureus]	100	88.5	5.90e-113
BAAHUI010000002.1_150|177845|178039|-1|ID=1_150;partial=00;start_type=ATG;rbs_motif=None;rbs_spacer=None;gc_cont=0.221	WP_301557689.1 ImmA/IrrE family metallo-endopeptidase, partial [Staphylococcus aureus]	100	98.5	9.65e-36
BAAHUI010000002.1_151|178132|179667|-1|ID=1_151;partial=00;start_type=ATG;rbs_motif=AGGAG;rbs_spacer=5-10bp;gc_cont=0.364	WP_000065035.1 MULTISPECIES: bifunctional metallophosphatase/5'-nucleotidase [Staphylococcus]	100	99.8	0.0
BAAHUI010000002.1_152|179718|181262|-1|ID=1_152;partial=00;start_type=ATG;rbs_motif=AGGAG;rbs_spacer=5-10bp;gc_cont=0.368	WP_409394142.1 DNA-binding protein [Staphylococcus aureus]	99.8	99.8	0.0
BAAHUI010000002.1_153|181491|182447|1|ID=1_153;partial=00;start_type=ATG;rbs_motif=GGA/GAG/AGG;rbs_spacer=5-10bp;gc_cont=0.310	WP_000787672.1 MULTISPECIES: phosphate/phosphite/phosphonate ABC transporter substrate-binding protein [Staphylococcus]	100	99.7	7.39e-216
BAAHUI010000002.1_154|182661|183434|1|ID=1_154;partial=00;start_type=ATG;rbs_motif=GGA/GAG/AGG;rbs_spacer=5-10bp;gc_cont=0.349	WP_000078092.1 MULTISPECIES: phosphonate ABC transporter ATP-binding protein [Staphylococcus]	100	99.6	6.96e-179
BAAHUI010000002.1_155|183436|184236|1|ID=1_155;partial=00;start_type=ATG;rbs_motif=AGGAG;rbs_spacer=5-10bp;gc_cont=0.343	WP_001127689.1 MULTISPECIES: phosphonate ABC transporter, permease protein PhnE [Staphylococcus]	100	99.6	5.67e-178
BAAHUI010000002.1_156|184233|185048|1|ID=1_156;partial=00;start_type=ATG;rbs_motif=AGGA/GGAG/GAGG;rbs_spacer=11-12bp;gc_cont=0.370	WP_000191092.1 MULTISPECIES: phosphonate ABC transporter, permease protein PhnE [Staphylococcus]	100	99.6	8.33e-178
BAAHUI010000002.1_157|185179|186357|-1|ID=1_157;partial=00;start_type=ATG;rbs_motif=GGAG/GAGG;rbs_spacer=5-10bp;gc_cont=0.369	WP_000197806.1 MULTISPECIES: phosphopentomutase [Staphylococcus]	100	99.7	4.49e-293
BAAHUI010000002.1_158|186385|187047|-1|ID=1_158;partial=00;start_type=ATG;rbs_motif=AGGAG;rbs_spacer=5-10bp;gc_cont=0.400	WP_000667269.1 MULTISPECIES: deoxyribose-phosphate aldolase [Staphylococcus]	100	99.5	1.46e-148
BAAHUI010000002.1_159|187128|188486|-1|ID=1_159;partial=00;start_type=ATG;rbs_motif=None;rbs_spacer=None;gc_cont=0.320	WP_001100300.1 MULTISPECIES: tetracycline efflux MFS transporter Tet(38) [Staphylococcus]	100	99.3	1.72e-295
BAAHUI010000002.1_160|188487|189194|-1|ID=1_160;partial=00;start_type=ATG;rbs_motif=GGAG/GAGG;rbs_spacer=5-10bp;gc_cont=0.374	WP_000843292.1 MULTISPECIES: purine-nucleoside phosphorylase [Staphylococcus]	100	99.6	5.75e-167
BAAHUI010000002.1_161|189430|190185|1|ID=1_161;partial=00;start_type=ATG;rbs_motif=None;rbs_spacer=None;gc_cont=0.357	WP_001789411.1 MULTISPECIES: GntR family transcriptional regulator [Staphylococcus]	100	99.6	3.35e-183
BAAHUI010000002.1_162|190377|191102|-1|ID=1_162;partial=00;start_type=ATG;rbs_motif=GGA/GAG/AGG;rbs_spacer=5-10bp;gc_cont=0.355	WP_325996532.1 LPXTG cell wall anchor domain-containing protein [Staphylococcus aureus]	86.3	99.6	2.24e-123
BAAHUI010000002.1_163|191470|192069|-1|ID=1_163;partial=00;start_type=ATG;rbs_motif=AGGAG;rbs_spacer=5-10bp;gc_cont=0.357	WP_000874681.1 MULTISPECIES: superoxide dismutase [Staphylococcus]	100	99.5	2.49e-150
BAAHUI010000002.1_164|192337|193767|-1|ID=1_164;partial=00;start_type=ATG;rbs_motif=GGA/GAG/AGG;rbs_spacer=5-10bp;gc_cont=0.314	WP_000834084.1 MULTISPECIES: oligosaccharide flippase family protein [Staphylococcus]	100	99.8	4.39e-313
BAAHUI010000002.1_165|193757|194995|-1|ID=1_165;partial=00;start_type=ATG;rbs_motif=GGA/GAG/AGG;rbs_spacer=11-12bp;gc_cont=0.304	WP_000431234.1 MULTISPECIES: O-antigen ligase family protein [Staphylococcus]	100	99.8	6.92e-273
BAAHUI010000002.1_166|194976|196142|-1|ID=1_166;partial=00;start_type=TTG;rbs_motif=GGA/GAG/AGG;rbs_spacer=11-12bp;gc_cont=0.332	WP_000692514.1 MULTISPECIES: glycosyltransferase family 4 protein [Staphylococcus]	100	99.7	1.21e-279
BAAHUI010000002.1_167|196352|197044|-1|ID=1_167;partial=00;start_type=TTG;rbs_motif=GGAG/GAGG;rbs_spacer=5-10bp;gc_cont=0.345	WP_000736084.1 MULTISPECIES: sugar transferase [Staphylococcus]	100	99.6	8.15e-160
BAAHUI010000002.1_168|197007|197978|-1|ID=1_168;partial=00;start_type=TTG;rbs_motif=GGAG/GAGG;rbs_spacer=5-10bp;gc_cont=0.316	WP_078096585.1 NAD-dependent epimerase/dehydratase family protein [Staphylococcus aureus]	99.7	99.7	2.96e-232
BAAHUI010000002.1_169|198323|199099|-1|ID=1_169;partial=00;start_type=ATG;rbs_motif=AGGAG;rbs_spacer=5-10bp;gc_cont=0.408	WP_117179539.1 (S)-acetoin forming diacetyl reductase [Staphylococcus aureus]	99.6	99.6	1.31e-163
BAAHUI010000002.1_170|199311|199937|-1|ID=1_170;partial=00;start_type=ATG;rbs_motif=GGA/GAG/AGG;rbs_spacer=5-10bp;gc_cont=0.317	WP_000414628.1 MULTISPECIES: MFS transporter [Staphylococcus]	100	99.5	1.28e-127
BAAHUI010000002.1_171|199987|200394|-1|ID=1_171;partial=00;start_type=ATG;rbs_motif=GGA/GAG/AGG;rbs_spacer=5-10bp;gc_cont=0.299	WP_000094899.1 MULTISPECIES: hypothetical protein [Staphylococcus]	100	99.3	1.13e-81
BAAHUI010000002.1_172|200590|201354|-1|ID=1_172;partial=00;start_type=TTG;rbs_motif=AGGA;rbs_spacer=5-10bp;gc_cont=0.367	WP_001015549.1 MULTISPECIES: bifunctional transcriptional regulator/O-phospho-L-serine synthase SbnI [Staphylococcus]	100	99.6	8.58e-192
BAAHUI010000002.1_173|201358|202560|-1|ID=1_173;partial=00;start_type=ATG;rbs_motif=GGA/GAG/AGG;rbs_spacer=5-10bp;gc_cont=0.367	WP_001223700.1 MULTISPECIES: staphyloferrin B biosynthesis decarboxylase SbnH [Staphylococcus]	100	99.8	7.31e-303
BAAHUI010000002.1_174|202560|203339|-1|ID=1_174;partial=00;start_type=ATG;rbs_motif=AGGAG;rbs_spacer=5-10bp;gc_cont=0.400	WP_001186806.1 MULTISPECIES: staphyloferrin B biosynthesis citrate synthase SbnG [Staphylococcus]	100	99.2	6.71e-180
BAAHUI010000002.1_175|203311|205089|-1|ID=1_175;partial=00;start_type=GTG;rbs_motif=AGGAG;rbs_spacer=5-10bp;gc_cont=0.360	WP_078091632.1 3-(L-alanin-3-ylcarbamoyl)-2-[(2-aminoethylcarbamoyl)methyl]-2-hydroxypropanoate synthase SbnF [Staphylococcus aureus]	100	99.7	0.0
BAAHUI010000002.1_176|205070|206806|-1|ID=1_176;partial=00;start_type=GTG;rbs_motif=None;rbs_spacer=None;gc_cont=0.366	WP_001179888.1 MULTISPECIES: L-2,3-diaminopropanoate--citrate ligase SbnE [Staphylococcus]	100	99.8	0.0
BAAHUI010000002.1_177|206796|208052|-1|ID=1_177;partial=00;start_type=ATG;rbs_motif=None;rbs_spacer=None;gc_cont=0.391	WP_000610051.1 MULTISPECIES: staphyloferrin B export MFS transporter [Staphylococcus]	100	99.8	4.29e-286
BAAHUI010000002.1_178|208045|209799|-1|ID=1_178;partial=00;start_type=TTG;rbs_motif=GGAG/GAGG;rbs_spacer=5-10bp;gc_cont=0.360	WP_001179384.1 MULTISPECIES: staphyloferrin B biosynthesis protein SbnC [Staphylococcus]	100	99.8	0.0
BAAHUI010000002.1_179|209820|210830|-1|ID=1_179;partial=00;start_type=ATG;rbs_motif=AGGAG;rbs_spacer=5-10bp;gc_cont=0.375	WP_001078456.1 MULTISPECIES: N-[(2S)-2-amino-2-carboxyethyl]-L-glutamate dehydrogenase SbnB [Staphylococcus]	100	99.7	9.37e-244
BAAHUI010000002.1_180|210827|211807|-1|ID=1_180;partial=00;start_type=TTG;rbs_motif=AGGAG;rbs_spacer=5-10bp;gc_cont=0.368	WP_000570808.1 MULTISPECIES: 2,3-diaminopropionate biosynthesis protein SbnA [Staphylococcus]	100	99.7	1.27e-236
BAAHUI010000002.1_181|212038|213030|1|ID=1_181;partial=00;start_type=ATG;rbs_motif=AGGA/GGAG/GAGG;rbs_spacer=11-12bp;gc_cont=0.322	WP_001045111.1 MULTISPECIES: staphyloferrin B ABC transporter substrate-binding protein SirA [Staphylococcus]	100	99.7	1.25e-229
BAAHUI010000002.1_182|213046|214041|1|ID=1_182;partial=00;start_type=ATG;rbs_motif=AGGAG;rbs_spacer=5-10bp;gc_cont=0.386	WP_000924997.1 MULTISPECIES: staphyloferrin B ABC transporter permease subunit SirB [Staphylococcus]	100	99.7	7.19e-209
BAAHUI010000002.1_183|214038|215036|1|ID=1_183;partial=00;start_type=ATG;rbs_motif=AGGA/GGAG/GAGG;rbs_spacer=11-12bp;gc_cont=0.367	WP_000136636.1 MULTISPECIES: staphyloferrin B ABC transporter permease subunit SirC [Staphylococcus]	100	99.7	9.90e-212
BAAHUI010000002.1_184|215405|216157|1|ID=1_184;partial=00;start_type=ATG;rbs_motif=AGGAG;rbs_spacer=5-10bp;gc_cont=0.275	WP_000876756.1 MULTISPECIES: HTH-type transcriptional regulator SarS [Staphylococcus]	100	99.6	3.84e-168
BAAHUI010000002.1_185|216542|218056|1|ID=1_185;partial=00;start_type=ATG;rbs_motif=None;rbs_spacer=None;gc_cont=0.378	WP_049882064.1 staphylococcal protein A [Staphylococcus aureus]	93.7	99.8	6.04e-278
BAAHUI010000002.1_186|218385|219977|-1|ID=1_186;partial=00;start_type=ATG;rbs_motif=GGAG/GAGG;rbs_spacer=5-10bp;gc_cont=0.345	WP_000173902.1 MULTISPECIES: L-lactate permease [Staphylococcus]	100	99.8	0.0
BAAHUI010000002.1_187|220239|220712|-1|ID=1_187;partial=00;start_type=ATG;rbs_motif=GGAG/GAGG;rbs_spacer=5-10bp;gc_cont=0.302	WP_000036327.1 MULTISPECIES: DUF1648 domain-containing protein [Staphylococcus]	100	99.4	2.08e-108
BAAHUI010000002.1_188|220902|222299|-1|ID=1_188;partial=00;start_type=ATG;rbs_motif=GGAG/GAGG;rbs_spacer=5-10bp;gc_cont=0.291	WP_001151814.1 MULTISPECIES: aminotransferase-like domain-containing protein [Staphylococcus]	100	99.8	0.0
BAAHUI010000002.1_189|222412|223284|1|ID=1_189;partial=00;start_type=ATG;rbs_motif=AGGA/GGAG/GAGG;rbs_spacer=11-12bp;gc_cont=0.308	WP_001038103.1 MULTISPECIES: DMT family transporter [Staphylococcus]	100	99.7	1.19e-191
BAAHUI010000002.1_190|223458|225233|1|ID=1_190;partial=00;start_type=ATG;rbs_motif=AGGA;rbs_spacer=5-10bp;gc_cont=0.355	WP_000291842.1 MULTISPECIES: oleate hydratase [Staphylococcus]	100	99.8	0.0
BAAHUI010000002.1_191|225553|227220|1|ID=1_191;partial=00;start_type=ATG;rbs_motif=GGAG/GAGG;rbs_spacer=5-10bp;gc_cont=0.361	WP_001791835.1 MULTISPECIES: Na/Pi cotransporter family protein [Staphylococcus]	100	99.5	0.0
BAAHUI010000002.1_192|227706|229094|-1|ID=1_192;partial=00;start_type=ATG;rbs_motif=AGGAG;rbs_spacer=5-10bp;gc_cont=0.368	WP_001006446.1 multidrug efflux MFS transporter NorC [Staphylococcus aureus]	100	99.8	2.01e-311
BAAHUI010000002.1_193|229096|230274|-1|ID=1_193;partial=00;start_type=ATG;rbs_motif=AGGAG;rbs_spacer=5-10bp;gc_cont=0.371	WP_001075826.1 MULTISPECIES: M20 family metallopeptidase [Staphylococcus]	100	99.7	3.96e-287
BAAHUI010000002.1_194|230425|232662|-1|ID=1_194;partial=00;start_type=ATG;rbs_motif=GGAG/GAGG;rbs_spacer=5-10bp;gc_cont=0.336	WP_001188495.1 MULTISPECIES: transcriptional regulator AryK [Staphylococcus]	99.9	99.9	0.0
BAAHUI010000002.1_195|232756|233523|-1|ID=1_195;partial=00;start_type=ATG;rbs_motif=AGGA;rbs_spacer=5-10bp;gc_cont=0.311	WP_000826311.1 MULTISPECIES: tandem-type lipoprotein [Staphylococcus]	100	99.6	8.83e-181
BAAHUI010000002.1_196|233590|234360|-1|ID=1_196;partial=00;start_type=ATG;rbs_motif=GGA/GAG/AGG;rbs_spacer=5-10bp;gc_cont=0.301	WP_000977781.1 MULTISPECIES: tandem-type lipoprotein [Staphylococcus]	100	99.6	1.93e-180
BAAHUI010000002.1_197|234424|235227|-1|ID=1_197;partial=00;start_type=ATG;rbs_motif=None;rbs_spacer=None;gc_cont=0.285	WP_000597212.1 MULTISPECIES: tandem-type lipoprotein [Staphylococcus]	100	95.5	2.03e-178
BAAHUI010000002.1_198|235246|236016|-1|ID=1_198;partial=00;start_type=ATG;rbs_motif=GGA/GAG/AGG;rbs_spacer=5-10bp;gc_cont=0.297	WP_000977774.1 MULTISPECIES: tandem-type lipoprotein [Staphylococcus]	100	99.6	1.65e-181
BAAHUI010000002.1_199|236237|237223|-1|ID=1_199;partial=00;start_type=ATG;rbs_motif=AGxAG;rbs_spacer=5-10bp;gc_cont=0.333	WP_000710576.1 MULTISPECIES: phosphatidylinositol-specific phospholipase C [Staphylococcus]	100	99.7	2.67e-239
BAAHUI010000002.1_200|237428|237910|-1|ID=1_200;partial=00;start_type=ATG;rbs_motif=AGGA/GGAG/GAGG;rbs_spacer=11-12bp;gc_cont=0.317	WP_108932403.1 hypothetical protein [Staphylococcus aureus]	100	99.4	3.29e-102
BAAHUI010000002.1_201|237967|241119|-1|ID=1_201;partial=00;start_type=ATG;rbs_motif=GGA/GAG/AGG;rbs_spacer=5-10bp;gc_cont=0.314	WP_000080559.1 MULTISPECIES: DEAD/DEAH box helicase [Staphylococcus]	100	99.9	0.0
BAAHUI010000002.1_202|241386|241988|-1|ID=1_202;partial=00;start_type=ATG;rbs_motif=GGA/GAG/AGG;rbs_spacer=5-10bp;gc_cont=0.300	WP_000908952.1 MULTISPECIES: hypothetical protein [Staphylococcus]	100	99.5	1.26e-130
BAAHUI010000002.1_203|242422|243165|-1|ID=1_203;partial=00;start_type=GTG;rbs_motif=None;rbs_spacer=None;gc_cont=0.263	WP_001793250.1 MULTISPECIES: LysR family transcriptional regulator [Staphylococcus]	100	99.6	3.56e-167
BAAHUI010000002.1_204|243256|243789|1|ID=1_204;partial=00;start_type=ATG;rbs_motif=AGxAGG/AGGxGG;rbs_spacer=5-10bp;gc_cont=0.262	WP_000543163.1 MULTISPECIES: DUF4865 family protein [Staphylococcus]	100	99.4	2.35e-126
BAAHUI010000002.1_205|244144|245004|-1|ID=1_205;partial=00;start_type=TTG;rbs_motif=AGGAG;rbs_spacer=5-10bp;gc_cont=0.278	WP_001052510.1 MULTISPECIES: LysR family transcriptional regulator [Staphylococcus]	100	99.7	2.35e-196
BAAHUI010000002.1_206|245117|245668|1|ID=1_206;partial=00;start_type=ATG;rbs_motif=AGGAG;rbs_spacer=5-10bp;gc_cont=0.310	WP_000627022.1 MULTISPECIES: flavodoxin family protein [Staphylococcus]	100	99.5	3.32e-129
BAAHUI010000002.1_207|245661|246881|1|ID=1_207;partial=00;start_type=ATG;rbs_motif=GGA/GAG/AGG;rbs_spacer=5-10bp;gc_cont=0.290	WP_000130764.1 MULTISPECIES: MFS transporter [Staphylococcus]	100	99.8	8.75e-273
BAAHUI010000002.1_208|246953|247249|-1|ID=1_208;partial=00;start_type=ATG;rbs_motif=AGGAG;rbs_spacer=5-10bp;gc_cont=0.316	WP_000201640.1 MULTISPECIES: TfoX/Sxy family protein [Staphylococcus]	100	99.0	3.52e-63
BAAHUI010000002.1_209|247298|247501|-1|ID=1_209;partial=00;start_type=ATG;rbs_motif=GGA/GAG/AGG;rbs_spacer=5-10bp;gc_cont=0.265	WP_000398679.1 MULTISPECIES: DUF6007 family protein [Staphylococcus]	100	98.5	4.80e-38
BAAHUI010000002.1_210|247810|248796|1|ID=1_210;partial=00;start_type=ATG;rbs_motif=None;rbs_spacer=None;gc_cont=0.389	WP_000662031.1 MULTISPECIES: tRNA dihydrouridine synthase [Staphylococcus]	100	99.7	1.88e-239
BAAHUI010000002.1_211|249462|250655|-1|ID=1_211;partial=00;start_type=ATG;rbs_motif=AGGA;rbs_spacer=5-10bp;gc_cont=0.326	WP_001033018.1 MULTISPECIES: type II sulfide:quinone oxidoreductase Sqr [Staphylococcus]	100	99.7	1.78e-297
BAAHUI010000002.1_212|250674|252008|-1|ID=1_212;partial=00;start_type=ATG;rbs_motif=AGGAG;rbs_spacer=5-10bp;gc_cont=0.336	WP_000465472.1 MULTISPECIES: persulfide dioxygenase-sulfurtransferase CstB [Staphylococcus]	100	99.8	0.0
BAAHUI010000002.1_213|252039|253106|-1|ID=1_213;partial=00;start_type=ATG;rbs_motif=GGAG/GAGG;rbs_spacer=5-10bp;gc_cont=0.317	WP_000816129.1 MULTISPECIES: persulfide response sulfurtransferase CstA [Staphylococcus]	100	99.7	4.88e-251
BAAHUI010000002.1_214|253243|253503|1|ID=1_214;partial=00;start_type=ATG;rbs_motif=GGAG/GAGG;rbs_spacer=5-10bp;gc_cont=0.310	WP_001105087.1 MULTISPECIES: persulfide-sensing transcriptional repressor CstR [Staphylococcus]	100	98.9	1.96e-50
BAAHUI010000002.1_215|253503|254258|1|ID=1_215;partial=00;start_type=ATG;rbs_motif=None;rbs_spacer=None;gc_cont=0.316	WP_000355845.1 MULTISPECIES: sulfite exporter TauE/SafE family protein [Staphylococcus]	100	99.6	2.75e-157
BAAHUI010000002.1_216|254473|254925|1|ID=1_216;partial=00;start_type=ATG;rbs_motif=None;rbs_spacer=None;gc_cont=0.353	WP_000048258.1 tRNA-dihydrouridine synthase [Staphylococcus aureus]	100	99.3	1.49e-100
BAAHUI010000002.1_217|255019|256764|-1|ID=1_217;partial=00;start_type=ATG;rbs_motif=GGA/GAG/AGG;rbs_spacer=5-10bp;gc_cont=0.255	WP_000700190.1 MULTISPECIES: DUF6119 family protein [Staphylococcus]	99.8	99.8	0.0
BAAHUI010000002.1_218|257461|257958|-1|ID=1_218;partial=00;start_type=ATG;rbs_motif=GGAG/GAGG;rbs_spacer=5-10bp;gc_cont=0.275	WP_000051479.1 MULTISPECIES: hypothetical protein [Staphylococcus]	100	99.4	2.24e-91
BAAHUI010000002.1_219|258427|258804|-1|ID=1_219;partial=00;start_type=GTG;rbs_motif=None;rbs_spacer=None;gc_cont=0.235	WP_000687965.1 MULTISPECIES: hypothetical protein [Staphylococcus]	100	99.2	9.66e-85
BAAHUI010000002.1_220|259230|260162|-1|ID=1_220;partial=00;start_type=ATG;rbs_motif=GGA/GAG/AGG;rbs_spacer=5-10bp;gc_cont=0.229	WP_000364405.1 MULTISPECIES: hypothetical protein [Staphylococcus]	100	99.7	1.29e-221
BAAHUI010000002.1_221|260234|261817|-1|ID=1_221;partial=00;start_type=GTG;rbs_motif=GGAG/GAGG;rbs_spacer=5-10bp;gc_cont=0.252	WP_001551935.1 MULTISPECIES: hypothetical protein [Staphylococcus]	100	99.8	0.0
BAAHUI010000002.1_222|261989|262285|1|ID=1_222;partial=00;start_type=ATG;rbs_motif=GGAG/GAGG;rbs_spacer=5-10bp;gc_cont=0.367	WP_000221967.1 MULTISPECIES: cassette chromosome ssDNA-binding protein [Staphylococcus]	100	99.0	2.28e-68
BAAHUI010000002.1_223|262285|264078|1|ID=1_223;partial=00;start_type=ATG;rbs_motif=AGGAG;rbs_spacer=5-10bp;gc_cont=0.344	WP_108932402.1 cassette chromosome replicative helicase [Staphylococcus aureus]	100	99.8	0.0
BAAHUI010000002.1_224|264312|265661|1|ID=1_224;partial=00;start_type=ATG;rbs_motif=AGGAG;rbs_spacer=5-10bp;gc_cont=0.346	WP_000815640.1 MULTISPECIES: cassette chromosome recombinase CcrA [Bacillota]	100	99.8	0.0
BAAHUI010000002.1_225|265683|267311|1|ID=1_225;partial=00;start_type=ATG;rbs_motif=AGGA;rbs_spacer=5-10bp;gc_cont=0.351	WP_108932401.1 MULTISPECIES: cassette chromosome recombinase CcrB [Staphylococcus]	100	99.8	0.0
BAAHUI010000002.1_226|267833|268183|1|ID=1_226;partial=00;start_type=ATG;rbs_motif=AGGAG;rbs_spacer=5-10bp;gc_cont=0.365	WP_000849672.1 MULTISPECIES: SAUGI family uracil-DNA glycosylase inhibitor [Bacteria]	100	99.1	6.26e-79
BAAHUI010000002.1_227|268270|268581|1|ID=1_227;partial=00;start_type=ATG;rbs_motif=GGAG/GAGG;rbs_spacer=5-10bp;gc_cont=0.321	WP_000700851.1 MULTISPECIES: DUF960 family protein [Bacillota]	100	99.0	1.39e-69
BAAHUI010000002.1_228|268596|269102|1|ID=1_228;partial=00;start_type=ATG;rbs_motif=AGGA;rbs_spacer=5-10bp;gc_cont=0.371	WP_001092189.1 MULTISPECIES: DUF1643 domain-containing protein [Staphylococcus]	100	99.4	1.38e-116
BAAHUI010000002.1_229|269238|270761|1|ID=1_229;partial=00;start_type=ATG;rbs_motif=None;rbs_spacer=None;gc_cont=0.283	WP_371383177.1 IS1182 family transposase, partial [Staphylococcus aureus]	100	99.8	0.0
BAAHUI010000002.1_230|270752|271024|-1|ID=1_230;partial=00;start_type=TTG;rbs_motif=None;rbs_spacer=None;gc_cont=0.370	WP_320159820.1 type I restriction enzyme endonuclease domain-containing protein, partial [Staphylococcus aureus]	98.9	98.9	7.30e-53
BAAHUI010000002.1_231|270984|271970|-1|ID=1_231;partial=00;start_type=GTG;rbs_motif=GGAG/GAGG;rbs_spacer=5-10bp;gc_cont=0.293	WP_001549960.1 MULTISPECIES: beta-lactam sensor/signal transducer MecR1 [Staphylococcus]	100	99.7	4.68e-224
BAAHUI010000002.1_232|272070|274076|1|ID=1_232;partial=00;start_type=ATG;rbs_motif=AGGAG;rbs_spacer=5-10bp;gc_cont=0.306	WP_199613021.1 PBP2a family beta-lactam-resistant peptidoglycan transpeptidase MecA [Staphylococcus pseudintermedius]	100	99.9	0.0
BAAHUI010000002.1_233|274122|274550|-1|ID=1_233;partial=00;start_type=ATG;rbs_motif=GGA/GAG/AGG;rbs_spacer=5-10bp;gc_cont=0.289	WP_000872606.1 MULTISPECIES: MaoC family dehydratase [Bacillota]	100	99.3	4.36e-96
BAAHUI010000002.1_234|274647|275390|-1|ID=1_234;partial=00;start_type=ATG;rbs_motif=AGGAG;rbs_spacer=5-10bp;gc_cont=0.335	WP_000958858.1 MULTISPECIES: glycerophosphoryl diester phosphodiesterase [Bacillota]	100	99.6	5.12e-176
BAAHUI010000002.1_235|276087|276473|-1|ID=1_235;partial=01;start_type=Edge;rbs_motif=None;rbs_spacer=None;gc_cont=0.310	WP_016187537.1 MULTISPECIES: hydroxymethylglutaryl-CoA synthase, partial [Staphylococcaceae]	100	99.2	2.17e-87
