NZ_JADPSZ010000004.1_1|2|517|-1|ID=1_1;partial=10;start_type=ATG;rbs_motif=GGA/GAG/AGG;rbs_spacer=5-10bp;gc_cont=0.696	WP_142755605.1 PE family protein, partial [Mycobacterium tuberculosis]	100	80.8	1.12e-52
NZ_JADPSZ010000004.1_2|839|1597|1|ID=1_2;partial=00;start_type=ATG;rbs_motif=GGAG/GAGG;rbs_spacer=5-10bp;gc_cont=0.653	WP_003898511.1 MULTISPECIES: Mut7-C RNAse domain-containing protein [Mycobacterium]	100	99.6	1.21e-181
NZ_JADPSZ010000004.1_3|1726|2304|-1|ID=1_3;partial=00;start_type=ATG;rbs_motif=None;rbs_spacer=None;gc_cont=0.632	WP_003403017.1 MULTISPECIES: mycobacterial cell wall protein Rv0580c [Mycobacterium]	100	84.5	6.39e-109
NZ_JADPSZ010000004.1_4|2523|2930|1|ID=1_4;partial=00;start_type=GTG;rbs_motif=None;rbs_spacer=None;gc_cont=0.657	WP_003403047.1 MULTISPECIES: type II toxin-antitoxin system toxin ribonuclease C26 [Mycobacterium]	100	99.3	3.52e-85
NZ_JADPSZ010000004.1_5|2990|3676|-1|ID=1_5;partial=00;start_type=ATG;rbs_motif=GGAG/GAGG;rbs_spacer=5-10bp;gc_cont=0.638	WP_003909258.1 LpqN/LpqT family lipoprotein [Mycobacterium tuberculosis]	100	99.6	8.28e-143
NZ_JADPSZ010000004.1_6|3830|6463|1|ID=1_6;partial=00;start_type=ATG;rbs_motif=GGA/GAG/AGG;rbs_spacer=5-10bp;gc_cont=0.647	WP_003403055.1 MULTISPECIES: GH92 family glycosyl hydrolase [Mycobacterium]	100	99.9	0.0
NZ_JADPSZ010000004.1_7|6486|8873|-1|ID=1_7;partial=00;start_type=ATG;rbs_motif=3Base/5BMM;rbs_spacer=13-15bp;gc_cont=0.647	WP_003900178.1 MULTISPECIES: lysylphosphatidylglycerol synthase transmembrane domain-containing protein [Mycobacterium]	100	99.9	0.0
NZ_JADPSZ010000004.1_8|9011|9733|1|ID=1_8;partial=00;start_type=ATG;rbs_motif=None;rbs_spacer=None;gc_cont=0.628	WP_003403065.1 MULTISPECIES: FadR family transcriptional regulator Mce2R [Mycobacterium]	100	99.6	5.04e-159
NZ_JADPSZ010000004.1_9|9730|10527|1|ID=1_9;partial=00;start_type=ATG;rbs_motif=GGA/GAG/AGG;rbs_spacer=5-10bp;gc_cont=0.647	WP_003403095.1 MULTISPECIES: MlaE family ABC transporter permease [Mycobacterium]	100	99.6	6.85e-174
NZ_JADPSZ010000004.1_10|10529|11416|1|ID=1_10;partial=00;start_type=ATG;rbs_motif=GGA/GAG/AGG;rbs_spacer=5-10bp;gc_cont=0.641	WP_003905347.1 MULTISPECIES: ABC transporter permease [Mycobacterium]	100	99.7	5.03e-191
NZ_JADPSZ010000004.1_11|11422|12636|1|ID=1_11;partial=00;start_type=GTG;rbs_motif=None;rbs_spacer=None;gc_cont=0.607	WP_003403104.1 MULTISPECIES: MCE family protein [Mycobacterium]	100	99.8	1.83e-289
NZ_JADPSZ010000004.1_12|12633|13664|1|ID=1_12;partial=00;start_type=ATG;rbs_motif=3Base/5BMM;rbs_spacer=13-15bp;gc_cont=0.622	WP_003403107.1 MULTISPECIES: MCE family protein [Mycobacterium]	100	99.7	1.81e-240
NZ_JADPSZ010000004.1_13|13661|15106|1|ID=1_13;partial=00;start_type=ATG;rbs_motif=GGA/GAG/AGG;rbs_spacer=11-12bp;gc_cont=0.654	WP_368610049.1 virulence factor Mce family protein [Mycobacterium tuberculosis]	99.8	99.8	1.24e-287
NZ_JADPSZ010000004.1_14|15103|16629|1|ID=1_14;partial=00;start_type=ATG;rbs_motif=GGAGG;rbs_spacer=5-10bp;gc_cont=0.629	WP_057370144.1 virulence factor Mce family protein [Mycobacterium tuberculosis]	96.3	99.8	0.0
NZ_JADPSZ010000004.1_15|16638|17834|1|ID=1_15;partial=00;start_type=GTG;rbs_motif=GGAG/GAGG;rbs_spacer=5-10bp;gc_cont=0.634	WP_003403114.1 virulence factor Mce family protein [Mycobacterium tuberculosis]	99.7	99.7	2.36e-283
NZ_JADPSZ010000004.1_16|17839|19389|1|ID=1_16;partial=00;start_type=ATG;rbs_motif=GGA/GAG/AGG;rbs_spacer=5-10bp;gc_cont=0.640	WP_003905349.1 MULTISPECIES: MCE family protein [Mycobacterium]	100	99.8	0.0
NZ_JADPSZ010000004.1_17|19441|19836|-1|ID=1_17;partial=00;start_type=GTG;rbs_motif=GGA/GAG/AGG;rbs_spacer=5-10bp;gc_cont=0.644	WP_003403122.1 MULTISPECIES: type II toxin-antitoxin system toxin ribonuclease C4 [Mycobacterium]	99.2	98.5	1.20e-83
NZ_JADPSZ010000004.1_18|19830|20087|-1|ID=1_18;partial=00;start_type=ATG;rbs_motif=None;rbs_spacer=None;gc_cont=0.643	WP_003403125.1 MULTISPECIES: type II toxin-antitoxin system antitoxin VapB4 [Mycobacterium]	100	98.8	9.38e-53
NZ_JADPSZ010000004.1_19|20270|21505|-1|ID=1_19;partial=00;start_type=ATG;rbs_motif=GGA/GAG/AGG;rbs_spacer=11-12bp;gc_cont=0.672	WP_003403128.1 MULTISPECIES: ATP-binding protein [Mycobacterium]	100	99.8	9.87e-293
NZ_JADPSZ010000004.1_20|21756|22169|-1|ID=1_20;partial=00;start_type=GTG;rbs_motif=None;rbs_spacer=None;gc_cont=0.655	WP_003403137.1 MULTISPECIES: type II toxin-antitoxin system VapC family toxin [Mycobacterium]	100	99.3	1.73e-86
NZ_JADPSZ010000004.1_21|22166|22402|-1|ID=1_21;partial=00;start_type=ATG;rbs_motif=None;rbs_spacer=None;gc_cont=0.620	WP_003403139.1 MULTISPECIES: type II toxin-antitoxin system antitoxin VapB27 [Mycobacterium]	100	98.7	8.79e-48
NZ_JADPSZ010000004.1_22|22506|23012|-1|ID=1_22;partial=00;start_type=GTG;rbs_motif=None;rbs_spacer=None;gc_cont=0.692	WP_003900973.1 MULTISPECIES: two component system sensor kinase HK1 [Mycobacterium]	100	99.4	1.18e-117
NZ_JADPSZ010000004.1_23|23126|23656|-1|ID=1_23;partial=00;start_type=ATG;rbs_motif=GGAGG;rbs_spacer=5-10bp;gc_cont=0.695	WP_031733895.1 two component system sensor kinase HK2 [Mycobacterium tuberculosis]	91.5	99.4	3.81e-102
NZ_JADPSZ010000004.1_24|23640|24335|-1|ID=1_24;partial=00;start_type=GTG;rbs_motif=GGA/GAG/AGG;rbs_spacer=5-10bp;gc_cont=0.690	WP_003918099.1 MULTISPECIES: two-component system response regulator TcrA [Mycobacterium]	100	99.6	1.16e-164
NZ_JADPSZ010000004.1_25|24458|24769|1|ID=1_25;partial=00;start_type=ATG;rbs_motif=AGGAG;rbs_spacer=5-10bp;gc_cont=0.747	WP_003403164.1 MULTISPECIES: PepSY domain-containing protein [Mycobacterium]	100	99.0	5.07e-54
NZ_JADPSZ010000004.1_26|24865|25791|1|ID=1_26;partial=00;start_type=ATG;rbs_motif=GGAG/GAGG;rbs_spacer=5-10bp;gc_cont=0.697	WP_235626370.1 DUF1259 domain-containing protein, partial [Mycobacterium tuberculosis]	100	99.7	9.30e-215
NZ_JADPSZ010000004.1_27|26032|26616|1|ID=1_27;partial=00;start_type=ATG;rbs_motif=AGGA;rbs_spacer=5-10bp;gc_cont=0.641	WP_003403171.1 MULTISPECIES: IS607-like element IS1536 family transposase [Mycobacterium]	100	99.5	2.79e-131
NZ_JADPSZ010000004.1_28|26618|27361|1|ID=1_28;partial=00;start_type=ATG;rbs_motif=GGAG/GAGG;rbs_spacer=5-10bp;gc_cont=0.665	WP_235626162.1 IS607 family element RNA-guided endonuclease TnpB [Mycobacterium tuberculosis]	100	96.0	2.02e-169
NZ_JADPSZ010000004.1_29|27331|27801|1|ID=1_29;partial=00;start_type=ATG;rbs_motif=GGA/GAG/AGG;rbs_spacer=5-10bp;gc_cont=0.656	WP_003898523.1 MULTISPECIES: hypothetical protein [Mycobacterium]	100	99.4	5.99e-112
NZ_JADPSZ010000004.1_30|27846|28091|1|ID=1_30;partial=00;start_type=ATG;rbs_motif=AGxAGG/AGGxGG;rbs_spacer=5-10bp;gc_cont=0.638	WP_003403184.1 MULTISPECIES: type II toxin-antitoxin system VapB family antitoxin [Mycobacterium]	100	98.8	1.81e-46
NZ_JADPSZ010000004.1_31|28088|28489|1|ID=1_31;partial=00;start_type=GTG;rbs_motif=GGAG/GAGG;rbs_spacer=5-10bp;gc_cont=0.649	WP_003403187.1 MULTISPECIES: type II toxin-antitoxin system VapC family toxin [Mycobacterium]	100	99.3	1.28e-86
NZ_JADPSZ010000004.1_32|29077|29274|-1|ID=1_32;partial=00;start_type=GTG;rbs_motif=GGAGG;rbs_spacer=3-4bp;gc_cont=0.646	WP_003403191.1 hypothetical protein [Mycobacterium tuberculosis]	100	98.5	1.33e-43
NZ_JADPSZ010000004.1_33|29354|30511|-1|ID=1_33;partial=00;start_type=ATG;rbs_motif=None;rbs_spacer=None;gc_cont=0.691	WP_003898524.1 MULTISPECIES: hypothetical protein [Mycobacterium]	100	99.7	4.81e-289
NZ_JADPSZ010000004.1_34|30563|30784|-1|ID=1_34;partial=00;start_type=ATG;rbs_motif=AGGAG;rbs_spacer=5-10bp;gc_cont=0.644	WP_003898525.1 MULTISPECIES: DUF4926 domain-containing protein [Mycobacterium]	100	98.6	8.15e-44
NZ_JADPSZ010000004.1_35|30983|31531|1|ID=1_35;partial=00;start_type=ATG;rbs_motif=GGxGG;rbs_spacer=5-10bp;gc_cont=0.703	WP_003911256.1 hypothetical protein [Mycobacterium tuberculosis]	100	99.5	9.11e-122
NZ_JADPSZ010000004.1_36|31550|34117|-1|ID=1_36;partial=00;start_type=GTG;rbs_motif=AGxAGG/AGGxGG;rbs_spacer=5-10bp;gc_cont=0.714	WP_003901879.1 MULTISPECIES: SEC-C metal-binding domain-containing protein [Mycobacterium]	100	99.9	0.0
NZ_JADPSZ010000004.1_37|34201|34950|1|ID=1_37;partial=00;start_type=GTG;rbs_motif=GGA/GAG/AGG;rbs_spacer=5-10bp;gc_cont=0.660	WP_031682045.1 hypothetical protein [Mycobacterium tuberculosis]	95.2	99.6	8.98e-162
NZ_JADPSZ010000004.1_38|34950|35189|1|ID=1_38;partial=00;start_type=ATG;rbs_motif=GGAG/GAGG;rbs_spacer=5-10bp;gc_cont=0.683	WP_003403210.1 MULTISPECIES: hypothetical protein [Mycobacterium]	100	98.8	1.56e-44
NZ_JADPSZ010000004.1_39|35384|35611|1|ID=1_39;partial=00;start_type=GTG;rbs_motif=AGGA;rbs_spacer=5-10bp;gc_cont=0.636	WP_003403213.1 MULTISPECIES: antitoxin VapB29 [Mycobacterium]	100	98.7	4.65e-44
NZ_JADPSZ010000004.1_40|35608|36009|1|ID=1_40;partial=00;start_type=GTG;rbs_motif=GGAG/GAGG;rbs_spacer=5-10bp;gc_cont=0.649	WP_003403218.1 MULTISPECIES: type II toxin-antitoxin system ribonuclease VapC29 [Mycobacterium]	100	99.3	7.73e-88
NZ_JADPSZ010000004.1_41|36138|36833|1|ID=1_41;partial=00;start_type=ATG;rbs_motif=4Base/6BMM;rbs_spacer=13-15bp;gc_cont=0.703	WP_015629632.1 MULTISPECIES: galactose-1-phosphate uridylyltransferase galTa [Mycobacterium]	99.5	84.9	2.63e-144
NZ_JADPSZ010000004.1_42|36851|37321|1|ID=1_42;partial=00;start_type=ATG;rbs_motif=None;rbs_spacer=None;gc_cont=0.635	WP_003900190.1 MULTISPECIES: galactose-1-phosphate uridylyltransferase [Mycobacterium]	100	99.4	1.78e-104
NZ_JADPSZ010000004.1_43|37318|37929|1|ID=1_43;partial=00;start_type=ATG;rbs_motif=GGA/GAG/AGG;rbs_spacer=5-10bp;gc_cont=0.719	WP_286365201.1 GHMP family kinase ATP-binding protein, partial [Mycobacterium tuberculosis]	100	99.5	6.39e-139
NZ_JADPSZ010000004.1_44|37996|38409|1|ID=1_44;partial=00;start_type=GTG;rbs_motif=None;rbs_spacer=None;gc_cont=0.734	WP_052660575.1 galactokinase, partial [Mycobacterium tuberculosis]	99.3	99.3	2.75e-82
NZ_JADPSZ010000004.1_45|38804|39868|1|ID=1_45;partial=00;start_type=ATG;rbs_motif=GGAG/GAGG;rbs_spacer=5-10bp;gc_cont=0.697	WP_003898532.1 MULTISPECIES: zinc ribbon domain-containing protein [Mycobacterium]	100	99.7	1.02e-247
NZ_JADPSZ010000004.1_46|39972|40919|1|ID=1_46;partial=00;start_type=ATG;rbs_motif=3Base/5BMM;rbs_spacer=13-15bp;gc_cont=0.639	WP_003403232.1 MULTISPECIES: DUF732 domain-containing protein [Mycobacterium]	100	99.7	1.59e-229
NZ_JADPSZ010000004.1_47|41012|41266|1|ID=1_47;partial=00;start_type=ATG;rbs_motif=None;rbs_spacer=None;gc_cont=0.690	WP_003403235.1 MULTISPECIES: type II toxin-antitoxin system antitoxin VapB30 [Mycobacterium]	100	98.8	2.52e-34
NZ_JADPSZ010000004.1_48|41266|41661|1|ID=1_48;partial=00;start_type=ATG;rbs_motif=GGA/GAG/AGG;rbs_spacer=11-12bp;gc_cont=0.644	WP_003403236.1 MULTISPECIES: type II toxin-antitoxin system toxin ribonuclease C30 [Mycobacterium]	100	99.2	1.11e-86
NZ_JADPSZ010000004.1_49|41755|42495|-1|ID=1_49;partial=00;start_type=ATG;rbs_motif=3Base/5BMM;rbs_spacer=13-15bp;gc_cont=0.696	WP_031698461.1 TVP38/TMEM64 family protein [Mycobacterium tuberculosis]	97.6	99.6	4.13e-145
NZ_JADPSZ010000004.1_50|42627|42887|1|ID=1_50;partial=00;start_type=ATG;rbs_motif=3Base/5BMM;rbs_spacer=13-15bp;gc_cont=0.701	WP_003403244.1 MULTISPECIES: type II toxin-antitoxin system Phd/YefM family antitoxin [Mycobacterium]	100	98.9	4.11e-52
NZ_JADPSZ010000004.1_51|42884|43291|1|ID=1_51;partial=00;start_type=GTG;rbs_motif=4Base/6BMM;rbs_spacer=13-15bp;gc_cont=0.689	WP_003403246.1 MULTISPECIES: type II toxin-antitoxin system VapC family toxin [Mycobacterium]	100	99.3	1.61e-81
NZ_JADPSZ010000004.1_52|43363|44514|-1|ID=1_52;partial=00;start_type=GTG;rbs_motif=None;rbs_spacer=None;gc_cont=0.722	WP_003403248.1 MULTISPECIES: FIST signal transduction protein [Mycobacterium]	100	99.7	1.40e-271
NZ_JADPSZ010000004.1_53|44607|46334|-1|ID=1_53;partial=00;start_type=GTG;rbs_motif=GGA/GAG/AGG;rbs_spacer=5-10bp;gc_cont=0.700	WP_003901883.1 MULTISPECIES: exodeoxyribonuclease V subunit alpha [Mycobacterium]	100	99.8	0.0
NZ_JADPSZ010000004.1_54|46331|49615|-1|ID=1_54;partial=00;start_type=ATG;rbs_motif=GGA/GAG/AGG;rbs_spacer=5-10bp;gc_cont=0.701	WP_079012823.1 exodeoxyribonuclease V subunit gamma [Mycobacterium tuberculosis]	100	99.9	0.0
NZ_JADPSZ010000004.1_55|49615|52908|-1|ID=1_55;partial=00;start_type=ATG;rbs_motif=GGA/GAG/AGG;rbs_spacer=5-10bp;gc_cont=0.716	WP_003900193.1 MULTISPECIES: exodeoxyribonuclease V subunit gamma [Mycobacterium]	100	99.9	0.0
NZ_JADPSZ010000004.1_56|53185|53880|-1|ID=1_56;partial=00;start_type=ATG;rbs_motif=None;rbs_spacer=None;gc_cont=0.638	WP_003403259.1 MULTISPECIES: crotonase/enoyl-CoA hydratase family protein [Mycobacterium]	100	99.6	4.68e-155
NZ_JADPSZ010000004.1_57|53929|54756|-1|ID=1_57;partial=00;start_type=ATG;rbs_motif=GGA/GAG/AGG;rbs_spacer=11-12bp;gc_cont=0.663	WP_003403262.1 MULTISPECIES: hypothetical protein [Mycobacterium]	100	99.6	6.25e-201
NZ_JADPSZ010000004.1_58|54922|55635|-1|ID=1_58;partial=00;start_type=GTG;rbs_motif=GGA/GAG/AGG;rbs_spacer=5-10bp;gc_cont=0.616	WP_003403266.1 MULTISPECIES: MBL fold metallo-hydrolase [Mycobacterium]	100	99.6	5.79e-177
NZ_JADPSZ010000004.1_59|55754|55966|1|ID=1_59;partial=00;start_type=ATG;rbs_motif=3Base/5BMM;rbs_spacer=13-15bp;gc_cont=0.615	WP_003898537.1 MULTISPECIES: type II toxin-antitoxin system VapB family antitoxin [Mycobacterium]	100	98.6	1.56e-42
NZ_JADPSZ010000004.1_60|56314|56481|1|ID=1_60;partial=00;start_type=ATG;rbs_motif=GGA/GAG/AGG;rbs_spacer=5-10bp;gc_cont=0.589	WP_003898538.1 MULTISPECIES: 50S ribosomal protein L33 [Mycobacteriaceae]	100	98.2	1.38e-34
NZ_JADPSZ010000004.1_61|56532|57008|1|ID=1_61;partial=00;start_type=GTG;rbs_motif=GGA/GAG/AGG;rbs_spacer=5-10bp;gc_cont=0.597	WP_003403277.1 MULTISPECIES: (3R)-hydroxyacyl-ACP dehydratase subunit HadA [Mycobacterium]	100	99.4	6.70e-110
NZ_JADPSZ010000004.1_62|56995|57423|1|ID=1_62;partial=00;start_type=ATG;rbs_motif=GGAG/GAGG;rbs_spacer=5-10bp;gc_cont=0.625	WP_003903106.1 MULTISPECIES: (3R)-hydroxyacyl-ACP dehydratase subunit HadB [Mycobacterium]	100	99.3	4.36e-96
NZ_JADPSZ010000004.1_63|57427|57927|1|ID=1_63;partial=00;start_type=ATG;rbs_motif=None;rbs_spacer=None;gc_cont=0.605	WP_003403282.1 MULTISPECIES: (3R)-hydroxyacyl-ACP dehydratase subunit HadC [Mycobacterium]	100	99.4	8.68e-119
NZ_JADPSZ010000004.1_64|58339|58824|1|ID=1_64;partial=00;start_type=GTG;rbs_motif=AGGAG;rbs_spacer=5-10bp;gc_cont=0.646	WP_031654427.1 preprotein translocase subunit SecE [Mycobacterium tuberculosis]	94.4	99.4	5.10e-86
NZ_JADPSZ010000004.1_65|58856|59572|1|ID=1_65;partial=00;start_type=GTG;rbs_motif=GGAG/GAGG;rbs_spacer=5-10bp;gc_cont=0.639	WP_003403288.1 MULTISPECIES: transcription termination/antitermination protein NusG [Mycobacterium]	100	99.6	1.29e-160
NZ_JADPSZ010000004.1_66|59624|60052|1|ID=1_66;partial=00;start_type=ATG;rbs_motif=AGGA/GGAG/GAGG;rbs_spacer=11-12bp;gc_cont=0.632	WP_003403291.1 MULTISPECIES: 50S ribosomal protein L11 [Mycobacterium]	100	99.3	3.45e-93
NZ_JADPSZ010000004.1_67|60119|60826|1|ID=1_67;partial=00;start_type=ATG;rbs_motif=GGA/GAG/AGG;rbs_spacer=5-10bp;gc_cont=0.647	WP_003403292.1 MULTISPECIES: 50S ribosomal protein L1 [Mycobacterium]	100	99.6	6.64e-157
NZ_JADPSZ010000004.1_68|60900|61796|-1|ID=1_68;partial=00;start_type=ATG;rbs_motif=AGGAG/GGAGG;rbs_spacer=11-12bp;gc_cont=0.602	WP_003900195.1 MULTISPECIES: hydroxymycolate synthase MmaA4 [Mycobacterium]	100	99.7	2.41e-223
NZ_JADPSZ010000004.1_69|61870|62751|-1|ID=1_69;partial=00;start_type=ATG;rbs_motif=GGAGG;rbs_spacer=3-4bp;gc_cont=0.592	WP_003403302.1 MULTISPECIES: methoxy mycolic acid synthase MmaA3 [Mycobacterium]	100	99.7	2.40e-213
NZ_JADPSZ010000004.1_70|62899|63762|-1|ID=1_70;partial=00;start_type=ATG;rbs_motif=GGA/GAG/AGG;rbs_spacer=11-12bp;gc_cont=0.628	WP_003905358.1 MULTISPECIES: cyclopropane mycolic acid synthase MmaA2 [Mycobacterium]	100	99.7	1.44e-211
NZ_JADPSZ010000004.1_71|63929|64789|-1|ID=1_71;partial=00;start_type=ATG;rbs_motif=GGAGG;rbs_spacer=5-10bp;gc_cont=0.599	WP_003403310.1 MULTISPECIES: mycolic acid methyltransferase MmaA1 [Mycobacterium]	100	99.7	2.04e-206
NZ_JADPSZ010000004.1_72|64836|65741|-1|ID=1_72;partial=00;start_type=GTG;rbs_motif=GGAG/GAGG;rbs_spacer=5-10bp;gc_cont=0.679	WP_003403314.1 MULTISPECIES: lipase/esterase LipG [Mycobacterium]	100	99.7	6.61e-215
NZ_JADPSZ010000004.1_73|65753|67219|-1|ID=1_73;partial=00;start_type=ATG;rbs_motif=None;rbs_spacer=None;gc_cont=0.658	WP_003403317.1 ABC1 kinase family protein [Mycobacterium tuberculosis]	100	99.8	0.0
NZ_JADPSZ010000004.1_74|67305|71501|1|ID=1_74;partial=00;start_type=ATG;rbs_motif=GGA/GAG/AGG;rbs_spacer=5-10bp;gc_cont=0.717	WP_003917325.1 MULTISPECIES: NEW3 domain-containing protein [Mycobacterium]	100	99.9	0.0
NZ_JADPSZ010000004.1_75|71498|72172|1|ID=1_75;partial=00;start_type=ATG;rbs_motif=GGA/GAG/AGG;rbs_spacer=5-10bp;gc_cont=0.770	WP_003403326.1 MULTISPECIES: DUF7158 domain-containing protein [Mycobacterium]	100	99.6	3.16e-145
NZ_JADPSZ010000004.1_76|72172|73080|1|ID=1_76;partial=00;start_type=ATG;rbs_motif=None;rbs_spacer=None;gc_cont=0.751	WP_003403330.1 MULTISPECIES: ROK family protein [Mycobacterium]	100	99.7	6.03e-207
NZ_JADPSZ010000004.1_77|73411|73947|1|ID=1_77;partial=00;start_type=ATG;rbs_motif=AGGAG;rbs_spacer=5-10bp;gc_cont=0.670	WP_003403341.1 MULTISPECIES: 50S ribosomal protein L10 [Mycobacterium]	100	99.4	3.17e-111
NZ_JADPSZ010000004.1_78|73984|74376|1|ID=1_78;partial=00;start_type=ATG;rbs_motif=AGGA;rbs_spacer=5-10bp;gc_cont=0.674	WP_003403353.1 MULTISPECIES: 50S ribosomal protein L7/L12 [Mycobacterium]	100	99.2	8.90e-63
NZ_JADPSZ010000004.1_79|74369|75064|-1|ID=1_79;partial=00;start_type=ATG;rbs_motif=GGA/GAG/AGG;rbs_spacer=11-12bp;gc_cont=0.672	WP_003403355.1 MULTISPECIES: TetR/AcrR family transcriptional regulator [Mycobacterium]	100	99.6	1.25e-159
NZ_JADPSZ010000004.1_80|75135|76640|1|ID=1_80;partial=00;start_type=ATG;rbs_motif=AGGAG;rbs_spacer=5-10bp;gc_cont=0.668	WP_003403360.1 MULTISPECIES: carotenoid cleavage oxygenase [Mycobacterium]	100	99.8	0.0
NZ_JADPSZ010000004.1_81|76721|77731|1|ID=1_81;partial=00;start_type=ATG;rbs_motif=AGxAGG/AGGxGG;rbs_spacer=5-10bp;gc_cont=0.632	WP_003911248.1 MULTISPECIES: ABC transporter ATP-binding protein [Mycobacterium]	100	99.7	2.76e-236
NZ_JADPSZ010000004.1_82|78119|78370|-1|ID=1_82;partial=00;start_type=ATG;rbs_motif=GGA/GAG/AGG;rbs_spacer=5-10bp;gc_cont=0.647	WP_031727358.1 ribonuclease [Mycobacterium tuberculosis]	100	98.8	1.11e-52
NZ_JADPSZ010000004.1_83|78597|78752|-1|ID=1_83;partial=00;start_type=GTG;rbs_motif=AGGAG;rbs_spacer=5-10bp;gc_cont=0.647	WP_003403368.1 MULTISPECIES: type II toxin-antitoxin system VapB family antitoxin [Mycobacterium]	100	98.1	2.18e-25
NZ_JADPSZ010000004.1_84|78828|79544|-1|ID=1_84;partial=00;start_type=GTG;rbs_motif=None;rbs_spacer=None;gc_cont=0.654	WP_003403371.1 MULTISPECIES: CPBP family intramembrane glutamic endopeptidase [Mycobacterium]	100	99.6	7.16e-158
NZ_JADPSZ010000004.1_85|79820|80053|-1|ID=1_85;partial=00;start_type=GTG;rbs_motif=GGA/GAG/AGG;rbs_spacer=5-10bp;gc_cont=0.658	WP_368627467.1 type II toxin-antitoxin system PemK/MazF family toxin [Mycobacterium tuberculosis]	98.7	98.7	4.79e-45
NZ_JADPSZ010000004.1_86|80115|80366|-1|ID=1_86;partial=00;start_type=ATG;rbs_motif=None;rbs_spacer=None;gc_cont=0.706	WP_015287885.1 ribbon-helix-helix protein, CopG family [Mycobacterium canetti]	98.8	98.8	3.31e-52
NZ_JADPSZ010000004.1_87|80470|80907|-1|ID=1_87;partial=00;start_type=ATG;rbs_motif=None;rbs_spacer=None;gc_cont=0.683	WP_003403386.1 MULTISPECIES: type II toxin-antitoxin system VapC family toxin [Mycobacterium]	100	99.3	6.13e-93
NZ_JADPSZ010000004.1_88|80904|81158|-1|ID=1_88;partial=00;start_type=ATG;rbs_motif=None;rbs_spacer=None;gc_cont=0.722	WP_003911263.1 MULTISPECIES: antitoxin VapB7 [Mycobacterium]	100	98.8	8.11e-49
NZ_JADPSZ010000004.1_89|81272|83635|1|ID=1_89;partial=00;start_type=ATG;rbs_motif=GGAGG;rbs_spacer=3-4bp;gc_cont=0.643	WP_003901895.1 MULTISPECIES: arylsulfatase AtsD [Mycobacterium]	100	99.9	0.0
NZ_JADPSZ010000004.1_90|83936|84274|1|ID=1_90;partial=00;start_type=GTG;rbs_motif=None;rbs_spacer=None;gc_cont=0.649	WP_003403405.1 MULTISPECIES: PIN domain-containing protein [Mycobacterium]	100	99.1	2.06e-64
NZ_JADPSZ010000004.1_92|84942|88460|1|ID=1_92;partial=00;start_type=TTG;rbs_motif=AGGA;rbs_spacer=5-10bp;gc_cont=0.644	WP_072474152.1 MULTISPECIES: DNA-directed RNA polymerase subunit beta [Mycobacterium]	100	99.9	0.0
NZ_JADPSZ010000004.1_93|88505|92455|1|ID=1_93;partial=00;start_type=GTG;rbs_motif=GGA/GAG/AGG;rbs_spacer=5-10bp;gc_cont=0.652	WP_003403413.1 MULTISPECIES: DNA-directed RNA polymerase subunit beta' [Mycobacterium]	100	99.9	0.0
NZ_JADPSZ010000004.1_94|92563|92676|1|ID=1_94;partial=00;start_type=ATG;rbs_motif=GGA/GAG/AGG;rbs_spacer=5-10bp;gc_cont=0.693	WP_235632529.1 DNA-directed RNA polymerase subunit beta' [Mycobacterium tuberculosis]	100	97.4	6.24e-15
NZ_JADPSZ010000004.1_95|92819|94732|-1|ID=1_95;partial=00;start_type=ATG;rbs_motif=GGAGG;rbs_spacer=5-10bp;gc_cont=0.653	WP_003900995.1 MULTISPECIES: neutral ceramidase [Mycobacterium]	100	99.8	0.0
NZ_JADPSZ010000004.1_96|94927|95685|1|ID=1_96;partial=00;start_type=GTG;rbs_motif=None;rbs_spacer=None;gc_cont=0.663	WP_252338969.1 deoxyribonuclease IV [Mycobacterium tuberculosis]	100	99.6	1.47e-182
NZ_JADPSZ010000004.1_97|95717|96559|1|ID=1_97;partial=00;start_type=ATG;rbs_motif=None;rbs_spacer=None;gc_cont=0.661	WP_003403421.1 MULTISPECIES: alpha/beta hydrolase family esterase [Mycobacterium]	100	99.6	1.81e-206
NZ_JADPSZ010000004.1_98|96619|98247|1|ID=1_98;partial=00;start_type=ATG;rbs_motif=None;rbs_spacer=None;gc_cont=0.669	WP_234777598.1 acyl-CoA dehydrogenase family protein [Mycobacterium tuberculosis]	100	99.8	0.0
NZ_JADPSZ010000004.1_99|98258|99196|1|ID=1_99;partial=00;start_type=ATG;rbs_motif=GGA/GAG/AGG;rbs_spacer=5-10bp;gc_cont=0.672	WP_003905366.1 MULTISPECIES: crotonase/enoyl-CoA hydratase family protein [Mycobacterium]	100	99.7	3.87e-224
NZ_JADPSZ010000004.1_100|99199|99921|1|ID=1_100;partial=00;start_type=ATG;rbs_motif=None;rbs_spacer=None;gc_cont=0.668	WP_003403429.1 MULTISPECIES: PaaX family transcriptional regulator C-terminal domain-containing protein [Mycobacterium]	100	99.6	7.55e-170
NZ_JADPSZ010000004.1_101|99918|100709|1|ID=1_101;partial=00;start_type=ATG;rbs_motif=GGAGG;rbs_spacer=3-4bp;gc_cont=0.697	WP_003403433.1 MULTISPECIES: crotonase/enoyl-CoA hydratase family protein [Mycobacterium]	100	99.6	1.15e-180
NZ_JADPSZ010000004.1_102|100721|103615|-1|ID=1_102;partial=00;start_type=ATG;rbs_motif=None;rbs_spacer=None;gc_cont=0.635	WP_003905367.1 MULTISPECIES: siderophore RND transporter MmpL5 [Mycobacterium]	100	99.9	0.0
NZ_JADPSZ010000004.1_103|103612|104040|-1|ID=1_103;partial=00;start_type=ATG;rbs_motif=GGAG/GAGG;rbs_spacer=5-10bp;gc_cont=0.618	WP_003403439.1 MULTISPECIES: siderophore transporter accessory protein MmpS5 [Mycobacterium]	100	99.3	2.52e-95
NZ_JADPSZ010000004.1_104|104116|104622|1|ID=1_104;partial=00;start_type=GTG;rbs_motif=GGA/GAG/AGG;rbs_spacer=3-4bp;gc_cont=0.647	WP_003403442.1 MULTISPECIES: siderophore transport transcriptional regulator MmpR5 [Mycobacteriaceae]	99.4	97.6	9.06e-110
NZ_JADPSZ010000004.1_105|104678|105160|-1|ID=1_105;partial=00;start_type=TTG;rbs_motif=GGA/GAG/AGG;rbs_spacer=5-10bp;gc_cont=0.648	WP_003901898.1 MULTISPECIES: DUF3060 domain-containing protein [Mycobacterium]	99.4	99.4	4.69e-78
NZ_JADPSZ010000004.1_106|105177|105551|-1|ID=1_106;partial=00;start_type=GTG;rbs_motif=AGxAGG/AGGxGG;rbs_spacer=5-10bp;gc_cont=0.632	WP_003403448.1 MULTISPECIES: DUF3060 domain-containing protein [Mycobacterium]	100	99.2	1.49e-83
NZ_JADPSZ010000004.1_107|105791|106447|1|ID=1_107;partial=00;start_type=ATG;rbs_motif=GGA/GAG/AGG;rbs_spacer=5-10bp;gc_cont=0.662	WP_349649744.1 TetR/AcrR family transcriptional regulator [Mycobacterium canetti]	99.1	99.5	7.25e-148
NZ_JADPSZ010000004.1_108|106696|107070|1|ID=1_108;partial=00;start_type=ATG;rbs_motif=None;rbs_spacer=None;gc_cont=0.627	WP_003403453.1 MULTISPECIES: 30S ribosomal protein S12 [Mycobacterium]	100	99.2	1.13e-78
NZ_JADPSZ010000004.1_109|107070|107540|1|ID=1_109;partial=00;start_type=ATG;rbs_motif=AGGAG;rbs_spacer=5-10bp;gc_cont=0.635	WP_003403456.1 MULTISPECIES: 30S ribosomal protein S7 [Mycobacterium]	100	99.4	8.84e-105
NZ_JADPSZ010000004.1_110|107621|109726|1|ID=1_110;partial=00;start_type=GTG;rbs_motif=GGA/GAG/AGG;rbs_spacer=5-10bp;gc_cont=0.623	WP_003898554.1 MULTISPECIES: elongation factor G [Mycobacterium]	100	99.9	0.0
NZ_JADPSZ010000004.1_111|109957|111147|1|ID=1_111;partial=00;start_type=GTG;rbs_motif=AGGAG;rbs_spacer=5-10bp;gc_cont=0.641	WP_003403463.1 MULTISPECIES: elongation factor Tu [Mycobacterium]	100	99.7	1.05e-284
NZ_JADPSZ010000004.1_112|111285|112082|1|ID=1_112;partial=00;start_type=GTG;rbs_motif=AGGAG;rbs_spacer=5-10bp;gc_cont=0.610	WP_003403465.1 MULTISPECIES: SHOCT domain-containing protein [Mycobacterium]	100	99.6	1.27e-169
NZ_JADPSZ010000004.1_113|112316|113062|1|ID=1_113;partial=00;start_type=GTG;rbs_motif=AGGA/GGAG/GAGG;rbs_spacer=11-12bp;gc_cont=0.631	WP_234883349.1 Rv0687 family mycofactocin-dependent SDR oxidoreductase, partial [Mycobacterium tuberculosis]	99.6	99.6	2.52e-172
NZ_JADPSZ010000004.1_114|113076|114296|1|ID=1_114;partial=00;start_type=ATG;rbs_motif=None;rbs_spacer=None;gc_cont=0.649	WP_003901000.1 MULTISPECIES: NAD(P)/FAD-dependent oxidoreductase [Mycobacterium]	100	99.8	3.04e-289
NZ_JADPSZ010000004.1_115|114308|114556|1|ID=1_115;partial=00;start_type=GTG;rbs_motif=GGA/GAG/AGG;rbs_spacer=5-10bp;gc_cont=0.743	WP_178121162.1 MULTISPECIES: hypothetical protein [Mycobacterium]	100	98.8	3.88e-55
NZ_JADPSZ010000004.1_116|115160|116209|-1|ID=1_116;partial=00;start_type=GTG;rbs_motif=GGA/GAG/AGG;rbs_spacer=11-12bp;gc_cont=0.673	WP_003403477.1 MULTISPECIES: DUF2332 domain-containing protein [Mycobacterium]	100	99.7	6.24e-260
NZ_JADPSZ010000004.1_117|116206|116802|-1|ID=1_117;partial=00;start_type=ATG;rbs_motif=GGA/GAG/AGG;rbs_spacer=5-10bp;gc_cont=0.603	WP_003905369.1 MULTISPECIES: mycofactocin system transcriptional regulator [Mycobacterium]	100	99.5	8.99e-139
NZ_JADPSZ010000004.1_118|116893|116982|1|ID=1_118;partial=00;start_type=ATG;rbs_motif=GGA/GAG/AGG;rbs_spacer=5-10bp;gc_cont=0.533	WP_003403483.1 MULTISPECIES: mycofactocin precursor MftA [Mycobacteriaceae]	100	96.7	6.18e-12
NZ_JADPSZ010000004.1_119|116967|117296|1|ID=1_119;partial=00;start_type=GTG;rbs_motif=None;rbs_spacer=None;gc_cont=0.639	WP_003403486.1 MULTISPECIES: mycofactocin biosynthesis chaperone MftB [Mycobacterium]	100	99.1	1.46e-76
NZ_JADPSZ010000004.1_120|117293|118468|1|ID=1_120;partial=00;start_type=ATG;rbs_motif=None;rbs_spacer=None;gc_cont=0.660	WP_003403490.1 MULTISPECIES: mycofactocin radical SAM maturase [Mycobacterium]	100	99.7	1.19e-292
NZ_JADPSZ010000004.1_121|118471|119661|1|ID=1_121;partial=00;start_type=GTG;rbs_motif=None;rbs_spacer=None;gc_cont=0.653	WP_003898557.1 MULTISPECIES: pre-mycofactocin synthase MftD [Mycobacterium]	100	99.7	1.22e-283
NZ_JADPSZ010000004.1_122|119941|120606|1|ID=1_122;partial=00;start_type=GTG;rbs_motif=None;rbs_spacer=None;gc_cont=0.697	WP_003403497.1 MULTISPECIES: mycofactocin biosynthesis peptidyl-dipeptidase MftE [Mycobacterium]	99.5	99.5	7.00e-159
NZ_JADPSZ010000004.1_123|120655|122067|1|ID=1_123;partial=00;start_type=ATG;rbs_motif=AGGAG/GGAGG;rbs_spacer=11-12bp;gc_cont=0.664	WP_003403501.1 MULTISPECIES: mycofactocin biosynthesis glycosyltransferase MftF [Mycobacterium]	100	99.8	0.0
NZ_JADPSZ010000004.1_124|122150|123508|1|ID=1_124;partial=00;start_type=ATG;rbs_motif=GGA/GAG/AGG;rbs_spacer=5-10bp;gc_cont=0.636	WP_003901900.1 MULTISPECIES: mycofactocin dehydrogenase MftG [Mycobacterium]	100	99.8	0.0
NZ_JADPSZ010000004.1_126|125623|125928|1|ID=1_126;partial=00;start_type=GTG;rbs_motif=GGAG/GAGG;rbs_spacer=5-10bp;gc_cont=0.608	WP_003403578.1 MULTISPECIES: 30S ribosomal protein S10 [Mycobacterium]	100	99.0	7.86e-66
NZ_JADPSZ010000004.1_127|125945|126598|1|ID=1_127;partial=00;start_type=ATG;rbs_motif=GGA/GAG/AGG;rbs_spacer=5-10bp;gc_cont=0.641	WP_070896942.1 50S ribosomal protein L3 [Mycobacterium tuberculosis]	96.8	99.5	4.48e-137
NZ_JADPSZ010000004.1_128|126598|127269|1|ID=1_128;partial=00;start_type=ATG;rbs_motif=GGAG/GAGG;rbs_spacer=5-10bp;gc_cont=0.674	WP_003403580.1 MULTISPECIES: 50S ribosomal protein L4 [Mycobacterium]	100	99.6	1.29e-148
NZ_JADPSZ010000004.1_129|127269|127562|1|ID=1_129;partial=01;start_type=ATG;rbs_motif=AGGAGG;rbs_spacer=5-10bp;gc_cont=0.616	WP_024753803.1 50S ribosomal protein L23, partial [Mycobacterium tuberculosis]	100	100	9.33e-61
